batch_id,machine_id,shift,operator_experience_years,melt_temperature_c,mold_temperature_c,injection_pressure_bar,injection_speed_mm_s,screw_speed_rpm,back_pressure_bar,hold_pressure_bar,hold_time_s,cooling_time_s,cycle_time_s,material_moisture_pct,ambient_humidity_pct,part_weight_g,defect,defect_type
B100000,M4,Night,2.9,231.18,56.6,120.46,67.59,104.3,9.94,61.43,5.43,20.75,32.42,0.01,55.56,49.515,0,none
B100001,M2,Evening,8.9,223.54,63.93,119.15,87.9,99.0,11.74,66.41,7.11,13.54,25.52,0.006,57.04,49.23,1,burn_mark
B100002,M5,Day,4.6,255.47,61.06,111.62,40.01,129.4,16.25,80.23,5.56,13.25,25.03,0.005,38.56,50.884,0,none
B100003,M3,Evening,0.4,234.76,52.98,131.47,70.96,114.7,17.21,96.88,6.89,18.05,30.28,0.0401,48.67,50.831,0,none
B100004,M1,Day,5.9,248.97,65.32,132.42,74.5,142.7,15.29,67.06,5.05,18.14,27.47,0.1496,48.37,50.489,0,none
B100005,M5,Night,12.3,243.94,52.07,146.76,67.79,129.5,13.49,75.52,7.89,15.44,28.65,0.0589,28.75,51.325,1,short_shot
B100006,M4,Evening,8.8,229.79,57.47,110.95,44.9,152.1,12.99,102.98,6.21,19.38,32.84,0.1013,57.89,51.032,1,burn_mark
B100007,M4,Day,15.1,229.87,51.89,130.0,44.03,108.4,18.53,70.06,4.33,9.57,20.03,0.005,40.68,50.894,0,none
B100008,M1,Day,7.7,249.46,59.62,91.36,61.46,146.7,14.96,75.62,6.43,14.48,23.36,0.028,56.8,49.647,0,none
B100009,M2,Night,16.8,249.63,51.24,132.44,61.35,170.9,10.51,55.15,5.54,20.82,31.69,0.0437,42.42,50.187,0,none
B100010,M2,Day,7.7,216.23,71.48,98.15,51.61,121.3,10.28,93.51,5.2,20.81,32.91,0.1147,70.42,49.769,1,burn_mark
B100011,M5,Night,7.1,240.5,75.17,105.24,79.37,132.5,20.05,61.44,5.64,20.18,31.53,0.0305,47.21,49.263,0,none
B100012,M3,Night,1.9,233.79,63.74,124.98,53.99,96.7,11.12,73.22,6.63,21.1,34.25,0.0801,69.21,50.531,0,none
B100013,M4,Evening,11.4,224.67,70.41,110.68,31.59,142.4,15.09,72.88,2.32,14.14,22.07,0.0772,48.27,49.708,0,none
B100014,M2,Day,5.0,237.62,39.61,108.62,56.64,148.2,19.4,71.02,4.97,7.47,18.63,0.0107,49.47,50.068,0,none
B100015,M1,Evening,4.4,221.5,40.79,112.73,67.2,107.6,16.17,64.79,6.52,14.71,27.27,0.14,65.67,49.419,1,burn_mark
B100016,M3,Night,12.1,230.34,51.78,130.94,65.13,134.7,10.97,72.9,5.87,19.18,30.41,0.1111,40.82,50.4,0,none
B100017,M1,Day,11.6,227.02,55.41,106.01,65.01,127.0,9.94,91.09,3.81,20.0,30.38,0.1168,50.5,49.413,0,none
B100018,M4,Day,11.5,230.0,53.02,119.19,82.41,129.8,21.48,97.37,1.95,13.37,22.85,0.006,55.4,50.128,0,none
B100019,M3,Day,5.6,234.29,38.58,114.32,43.28,140.3,9.84,67.9,8.05,11.16,25.6,0.046,54.04,50.1,0,none
B100020,M4,Day,6.8,224.84,66.52,132.3,53.64,133.0,11.79,64.61,5.22,11.66,22.98,0.0207,50.43,50.108,1,burn_mark
B100021,M2,Evening,6.8,250.73,76.54,132.72,83.18,116.5,15.49,60.29,7.77,13.28,26.21,0.0294,49.06,49.37,1,burn_mark
B100022,M5,Evening,10.1,239.93,67.81,92.47,30.49,140.8,13.12,102.23,6.69,6.51,20.14,0.138,58.46,49.756,1,short_shot
B100023,M5,Evening,13.2,252.95,65.86,135.68,59.19,147.8,16.3,71.55,4.31,13.36,23.16,0.088,51.77,50.898,0,none
B100024,M4,Day,8.5,233.4,57.26,110.84,78.43,106.1,8.13,83.38,1.75,16.24,24.55,0.0182,59.66,50.311,0,none
B100025,M1,Day,14.9,229.51,46.57,123.54,78.21,120.0,13.16,78.36,4.81,15.51,27.08,0.0195,53.92,49.928,0,none
B100026,M2,Day,10.6,252.58,55.73,105.92,69.9,75.8,16.71,96.5,5.44,14.35,26.78,0.1195,56.5,50.101,1,burn_mark
B100027,M1,Night,6.1,229.22,76.06,125.57,70.28,134.6,16.72,67.03,6.18,12.55,25.74,0.198,61.34,50.286,1,burn_mark
B100028,M1,Evening,10.3,233.22,51.48,158.27,44.38,150.6,11.71,56.72,3.83,13.14,23.94,0.0476,46.9,51.016,0,none
B100029,M3,Day,13.8,242.2,50.45,121.91,80.6,113.6,9.91,92.31,5.77,13.22,23.74,0.0072,61.06,50.666,1,burn_mark
B100030,M4,Night,15.0,222.62,66.07,113.1,42.0,123.3,14.85,80.84,5.77,19.53,30.43,0.169,48.43,49.901,1,burn_mark
B100031,M5,Day,11.7,242.11,66.74,116.52,42.89,114.5,8.75,75.48,6.98,16.0,27.6,0.0105,35.99,50.141,0,none
B100032,M2,Day,7.1,240.83,46.52,97.96,65.82,110.4,19.14,88.42,5.04,31.83,41.43,0.057,46.71,50.024,0,none
B100033,M2,Day,6.1,247.69,52.39,141.73,52.6,125.8,14.63,76.16,6.16,14.34,28.03,0.0717,42.77,51.275,0,none
B100034,M2,Night,9.3,243.9,49.98,124.69,63.1,100.4,11.21,88.84,5.93,18.19,29.14,0.022,53.75,50.508,0,none
B100035,M1,Evening,13.7,248.0,55.7,104.27,66.46,114.1,9.78,72.96,6.81,14.45,26.14,0.133,47.14,49.324,0,none
B100036,M1,Evening,8.7,233.9,66.04,104.76,86.67,97.4,11.47,80.82,4.27,14.33,24.54,0.0074,51.28,48.892,0,none
B100037,M2,Day,8.8,226.37,46.96,120.23,66.51,134.7,7.75,76.32,1.5,23.81,30.57,0.0328,60.14,49.401,0,none
B100038,M1,Day,7.2,256.1,65.9,133.98,50.72,126.0,15.98,66.1,5.14,20.99,34.39,0.0833,64.86,50.529,0,none
B100039,M3,Evening,5.7,219.73,56.02,102.74,70.15,109.2,10.79,67.54,5.15,7.23,18.11,0.0243,52.93,49.213,0,none
B100040,M2,Day,6.4,220.73,78.26,136.7,47.52,120.9,15.6,65.29,3.76,10.89,21.1,0.0521,60.86,49.735,1,burn_mark
B100041,M4,Night,7.5,240.65,58.19,118.63,73.7,114.5,16.15,73.19,3.24,15.32,23.78,0.005,48.23,49.41,1,burn_mark
B100042,M4,Night,13.9,251.25,54.03,106.05,60.97,148.6,17.86,64.53,4.64,13.41,22.39,0.0228,34.37,49.838,0,none
B100043,M2,Evening,6.0,236.9,60.75,112.98,66.01,109.0,15.01,75.23,5.33,8.46,19.06,0.0352,38.21,50.412,0,none
B100044,M4,Evening,7.2,244.99,51.63,146.23,33.29,135.9,18.5,74.82,5.64,16.58,27.5,0.1036,48.04,51.681,0,none
B100045,M4,Night,3.5,215.04,37.05,99.18,26.24,102.4,19.54,72.46,2.07,6.61,13.96,0.046,57.96,48.818,1,burn_mark
B100046,M2,Evening,9.9,230.0,52.59,109.02,37.48,140.4,15.03,72.67,2.87,16.63,23.9,0.0607,48.07,50.011,0,none
B100047,M2,Evening,12.5,216.26,52.44,134.29,86.19,145.9,15.27,63.21,7.19,19.65,32.98,0.0596,61.86,50.084,0,none
B100048,M3,Night,13.5,242.8,39.08,123.25,42.78,147.1,11.77,66.62,5.22,20.36,31.24,0.005,68.32,50.146,0,none
B100049,M1,Day,7.8,219.53,54.27,108.13,70.98,156.8,10.05,49.95,5.5,15.28,25.23,0.0487,41.12,48.818,0,none
B100050,M1,Night,9.3,222.22,34.33,134.47,50.37,127.3,19.13,68.56,3.5,23.55,33.16,0.0774,71.25,50.427,0,none
B100051,M1,Day,6.4,240.14,51.52,135.18,56.4,150.9,16.42,58.17,5.49,17.66,29.91,0.0812,33.65,50.503,0,none
B100052,M4,Evening,9.1,245.62,57.44,124.97,59.33,160.6,16.75,71.2,4.94,20.23,32.36,0.0576,68.49,50.471,0,none
B100053,M3,Night,8.3,233.41,55.97,110.81,84.66,91.9,11.64,61.43,4.57,12.32,20.47,0.038,49.66,49.536,0,none
B100054,M4,Evening,7.2,240.7,50.89,113.13,68.77,104.9,20.5,45.39,3.31,23.61,32.18,0.0116,47.67,49.375,1,burn_mark
B100055,M4,Evening,7.6,240.38,54.14,124.27,65.78,82.6,13.09,97.03,4.2,15.99,24.81,0.0578,49.92,50.473,0,none
B100056,M2,Evening,8.8,232.85,47.16,100.32,79.45,146.5,10.79,67.22,8.46,23.88,37.69,0.0534,42.0,48.971,0,none
B100057,M3,Day,5.8,224.05,55.11,139.92,50.5,82.3,11.71,87.36,4.98,22.79,35.16,0.0204,65.02,50.603,0,none
B100058,M1,Day,6.0,240.65,55.58,145.5,76.03,75.5,20.28,63.68,6.68,17.29,29.25,0.1663,43.08,50.402,1,burn_mark
B100059,M1,Day,13.8,241.13,46.0,116.46,73.52,92.6,9.56,90.38,5.21,18.03,28.76,0.1663,44.35,50.455,1,burn_mark
B100060,M3,Evening,17.8,243.94,57.68,125.34,73.35,76.5,11.0,56.18,5.03,15.1,25.3,0.0436,36.21,49.614,0,none
B100061,M2,Evening,2.2,238.12,57.61,137.79,57.67,126.8,25.59,72.11,4.55,11.9,24.08,0.0278,42.69,51.02,0,none
B100062,M3,Day,2.0,223.32,53.34,149.33,53.44,92.9,17.76,56.89,7.52,18.98,30.19,0.051,43.0,50.162,1,burn_mark
B100063,M4,Night,3.2,241.9,79.21,143.35,46.95,77.7,11.07,101.21,6.06,18.72,30.22,0.1637,42.33,51.63,1,burn_mark
B100064,M3,Day,6.6,234.99,53.59,93.97,47.89,119.0,9.67,67.01,4.32,7.91,17.36,0.01,48.24,49.573,0,none
B100065,M3,Evening,10.6,230.17,52.21,115.27,46.24,120.4,7.31,79.94,4.91,15.59,24.77,0.0273,38.85,50.279,0,none
B100066,M3,Evening,9.4,232.05,50.78,127.51,65.5,73.3,14.39,75.41,7.11,20.34,34.56,0.0247,65.95,49.588,0,none
B100067,M2,Day,7.7,228.1,45.29,112.59,56.57,102.2,16.91,69.69,1.5,23.33,29.03,0.0595,48.47,49.749,0,none
B100068,M1,Evening,9.1,243.89,61.86,146.74,66.47,118.1,20.08,76.21,5.97,19.63,31.13,0.0111,53.74,50.737,0,none
B100069,M2,Evening,4.2,220.82,48.14,144.44,67.32,111.1,6.42,86.31,6.31,8.41,20.64,0.1725,58.62,50.311,1,burn_mark
B100070,M1,Day,6.0,225.07,49.32,107.76,44.1,111.8,8.7,78.02,4.38,10.73,20.35,0.0355,70.25,49.881,1,burn_mark
B100071,M2,Night,6.9,231.71,49.62,117.56,43.65,149.5,13.52,71.95,5.73,14.27,24.27,0.0152,59.1,49.643,0,none
B100072,M5,Night,0.7,251.14,45.15,108.76,56.57,173.7,25.15,76.23,6.25,22.99,35.08,0.0126,47.52,50.149,1,burn_mark
B100073,M1,Evening,2.4,245.54,37.49,117.07,48.37,112.2,17.54,92.98,3.65,12.96,21.86,0.012,39.27,51.156,1,burn_mark
B100074,M1,Night,2.5,218.59,50.37,116.62,46.79,87.0,15.49,65.0,6.76,21.29,34.86,0.1244,53.38,49.79,1,burn_mark
B100075,M2,Night,10.1,248.51,63.73,134.31,85.44,114.1,9.1,47.75,5.95,12.88,25.35,0.0678,60.62,49.851,0,none
B100076,M2,Day,8.0,248.49,56.97,106.67,37.0,124.9,5.52,56.84,5.27,18.66,31.88,0.1043,51.42,49.713,0,none
B100077,M3,Evening,9.4,223.26,70.61,80.75,90.35,118.7,14.16,57.73,5.66,11.3,23.07,0.005,50.65,48.417,0,none
B100078,M3,Evening,0.0,209.79,62.51,95.93,64.33,135.3,13.6,59.42,6.56,15.03,28.18,0.0745,52.13,48.538,1,burn_mark
B100079,M4,Day,1.1,234.28,60.24,104.58,74.79,175.3,12.93,59.84,8.97,10.34,24.96,0.1424,31.3,49.012,1,burn_mark
B100080,M3,Day,9.7,246.22,73.83,110.16,73.02,77.2,12.48,69.72,6.41,23.22,37.34,0.0475,51.46,49.411,0,none
B100081,M2,Day,0.0,250.91,54.03,122.81,69.25,107.3,11.01,72.97,6.72,12.53,25.25,0.0648,57.32,49.977,1,burn_mark
B100082,M4,Evening,11.9,226.29,55.63,103.8,84.93,158.5,10.09,72.84,5.79,8.26,19.95,0.0471,49.54,49.504,0,none
B100083,M1,Night,0.0,252.52,54.89,101.83,43.76,106.9,19.56,61.24,8.35,7.87,22.76,0.0082,61.24,49.535,1,burn_mark
B100084,M1,Night,10.4,212.72,70.44,106.06,57.65,139.7,10.45,81.93,3.3,15.57,24.23,0.029,61.57,49.704,1,burn_mark
B100085,M1,Day,3.4,231.32,55.03,103.27,47.21,135.8,12.9,76.41,2.89,13.71,22.1,0.0453,44.96,49.922,0,none
B100086,M4,Day,11.2,230.83,48.52,111.68,34.56,150.9,13.84,88.98,5.73,19.24,31.51,0.0111,54.42,49.987,0,none
B100087,M2,Evening,19.8,246.52,60.88,111.04,50.08,167.8,16.83,80.16,6.49,14.82,28.05,0.0661,50.43,49.928,0,none
B100088,M1,Evening,0.0,247.98,46.84,130.34,88.09,128.3,10.59,65.81,1.64,21.83,30.06,0.1132,29.71,50.342,1,burn_mark
B100089,M3,Night,9.8,244.54,60.33,105.16,57.4,76.4,17.91,85.67,5.49,14.07,25.49,0.0208,48.13,50.086,1,burn_mark
B100090,M1,Night,0.0,221.49,59.14,114.64,89.75,102.5,11.68,73.28,5.23,21.13,32.63,0.0925,39.69,49.342,0,none
B100091,M3,Night,8.7,243.63,53.11,111.82,91.29,174.7,13.35,79.58,6.62,11.24,24.81,0.0213,51.34,49.924,0,none
B100092,M2,Night,6.2,240.09,60.66,132.13,104.93,84.6,20.57,78.65,6.14,8.48,19.53,0.0077,56.83,50.518,1,flash
B100093,M2,Night,7.5,218.29,40.12,117.69,88.58,132.4,10.12,68.51,2.79,11.88,20.67,0.1549,47.82,49.351,1,burn_mark
B100094,M2,Evening,3.4,214.33,56.63,135.76,95.37,57.1,16.88,71.24,3.88,10.36,17.32,0.0266,41.0,49.635,0,none
B100095,M3,Day,10.1,245.38,50.37,102.71,64.88,86.2,18.02,68.42,4.29,9.8,20.83,0.0603,52.34,49.598,0,none
B100096,M2,Day,1.2,233.2,83.62,119.26,63.42,142.2,15.24,59.76,6.61,18.07,29.89,0.007,74.44,49.43,1,burn_mark
B100097,M1,Day,12.0,222.15,56.56,111.36,64.42,120.9,13.53,44.26,6.06,14.68,25.98,0.005,28.28,49.039,1,burn_mark
B100098,M1,Day,5.4,232.92,49.04,101.61,60.0,110.6,22.5,61.67,4.57,16.71,27.16,0.0148,52.33,49.251,0,none
B100099,M5,Day,1.4,238.64,41.22,118.99,62.24,99.6,13.94,72.39,5.72,18.64,30.97,0.0736,44.56,49.764,1,burn_mark
B100100,M5,Night,13.4,234.17,68.05,145.99,71.28,70.1,14.82,83.03,3.91,7.57,19.88,0.069,45.74,50.773,1,short_shot
B100101,M3,Day,6.7,219.48,51.5,107.21,53.01,137.3,12.65,79.55,8.57,18.85,31.87,0.0584,48.95,49.531,1,burn_mark
B100102,M2,Night,14.6,253.86,47.09,118.09,39.34,112.9,14.6,66.64,6.36,9.97,21.49,0.028,46.56,50.622,1,burn_mark
B100103,M5,Night,11.9,245.04,58.36,100.32,65.45,82.0,17.86,61.84,6.68,13.12,26.02,0.038,56.02,49.036,0,none
B100104,M4,Evening,3.8,231.65,61.5,98.11,49.61,120.8,12.9,67.84,7.57,6.54,19.38,0.0234,47.58,49.07,1,warpage
B100105,M4,Evening,6.7,232.05,61.34,108.19,51.16,134.5,5.57,58.3,7.02,19.27,33.13,0.1047,28.38,49.325,0,none
B100106,M2,Day,7.5,238.59,55.2,113.25,57.86,115.0,16.05,44.62,5.55,7.55,18.93,0.0262,62.8,49.563,0,none
B100107,M2,Evening,13.1,223.7,56.59,113.92,54.42,122.9,9.69,51.46,5.22,10.0,22.11,0.0066,61.29,49.588,1,burn_mark
B100108,M1,Day,8.8,238.23,57.32,116.61,76.65,121.0,16.97,86.5,7.43,10.36,23.55,0.0539,43.93,50.202,1,burn_mark
B100109,M5,Night,7.7,221.69,58.36,95.28,57.5,102.3,13.99,92.29,5.54,15.36,27.44,0.0099,50.5,49.78,1,short_shot
B100110,M2,Day,6.2,234.29,59.25,110.61,77.41,121.4,17.77,79.05,4.38,15.2,24.62,0.005,62.18,50.121,0,none
B100111,M1,Day,6.8,223.31,65.94,127.53,63.09,138.4,10.21,69.3,8.45,20.06,36.45,0.005,60.33,50.061,0,none
B100112,M2,Evening,12.2,223.82,55.56,99.63,58.67,145.9,11.86,53.28,4.1,15.48,23.87,0.0381,63.57,48.619,1,burn_mark
B100113,M3,Evening,7.0,251.46,46.83,114.67,62.37,139.8,12.64,68.07,2.9,20.83,29.02,0.0563,53.74,49.998,1,burn_mark
B100114,M1,Evening,5.4,235.59,53.56,124.39,40.63,103.1,8.07,77.34,6.99,17.9,29.47,0.005,57.7,50.005,0,none
B100115,M5,Evening,4.7,237.07,62.54,108.27,65.07,135.9,18.45,79.96,4.4,11.27,22.48,0.0366,64.09,49.966,0,none
B100116,M4,Day,4.8,214.89,37.13,125.12,72.74,131.6,7.5,78.27,6.15,12.66,25.36,0.0079,46.57,49.718,0,none
B100117,M4,Evening,1.4,229.03,37.19,97.18,74.86,102.3,18.39,84.51,8.23,23.55,36.56,0.0426,54.41,49.407,0,none
B100118,M2,Day,4.0,239.61,64.18,133.33,39.72,108.4,15.7,93.32,3.44,22.14,32.57,0.1413,28.53,51.108,0,none
B100119,M3,Day,13.0,236.94,70.2,125.49,37.22,137.0,13.2,65.14,5.44,20.12,30.86,0.0436,34.2,50.19,1,warpage
B100120,M3,Day,6.2,213.46,42.35,120.83,51.95,154.4,15.38,103.66,7.73,20.78,34.89,0.0925,55.0,50.535,0,none
B100121,M3,Day,9.8,237.07,56.0,136.87,80.77,74.7,15.27,45.76,6.52,18.33,31.47,0.0503,56.53,49.801,0,none
B100122,M1,Day,0.0,238.67,51.0,115.06,63.31,161.0,12.4,60.66,5.23,17.68,28.66,0.1309,46.13,49.466,0,none
B100123,M2,Evening,9.3,247.84,52.39,110.73,48.38,149.1,15.19,72.4,9.08,16.25,32.24,0.0744,43.94,49.694,0,none
B100124,M1,Day,6.4,228.45,58.06,140.59,38.21,125.0,16.92,76.59,5.36,24.49,35.71,0.0568,46.44,50.994,0,none
B100125,M2,Day,5.1,212.58,42.07,147.61,49.74,114.0,10.22,67.82,6.1,13.68,26.11,0.0389,51.92,50.129,0,none
B100126,M2,Evening,7.7,225.03,43.93,109.6,48.73,129.8,15.38,64.05,7.97,17.2,30.9,0.0331,26.86,50.16,1,burn_mark
B100127,M1,Day,5.0,224.03,51.99,118.29,74.03,104.0,3.49,96.43,6.97,7.46,18.56,0.1492,54.66,50.623,1,burn_mark
B100128,M1,Evening,0.0,242.37,53.55,135.68,75.19,115.6,6.28,63.48,7.48,8.85,22.21,0.0597,50.32,49.742,1,warpage
B100129,M3,Night,10.7,207.83,43.74,118.83,44.25,83.1,16.26,57.77,4.15,25.08,34.35,0.1613,52.47,49.69,1,burn_mark
B100130,M1,Evening,8.0,230.52,62.9,128.92,71.3,76.5,12.33,90.29,7.34,19.08,33.82,0.0184,48.76,50.892,0,none
B100131,M5,Night,5.7,249.26,50.82,131.71,69.76,178.3,10.59,80.19,5.75,14.94,25.33,0.1905,36.17,50.466,1,burn_mark
B100132,M3,Day,3.1,235.07,50.78,111.57,42.3,121.6,13.79,83.14,4.38,16.39,28.0,0.0148,39.02,50.311,0,none
B100133,M2,Day,1.1,243.96,57.83,126.29,58.74,125.1,12.42,72.35,5.83,9.21,20.86,0.0998,65.23,50.339,0,none
B100134,M3,Evening,7.9,218.58,53.71,119.91,65.11,119.2,10.05,53.49,5.79,13.86,26.05,0.0139,43.57,49.608,0,none
B100135,M1,Night,13.5,218.98,63.37,101.75,62.45,99.3,7.44,71.02,8.3,8.71,21.63,0.006,58.08,49.052,1,burn_mark
B100136,M5,Night,7.8,249.37,45.67,105.16,34.34,112.3,6.13,51.84,6.07,14.52,26.29,0.0283,39.18,50.018,1,burn_mark
B100137,M2,Day,1.5,236.01,41.03,110.21,61.97,122.3,16.96,72.91,4.33,19.4,29.07,0.0306,49.85,49.71,0,none
B100138,M4,Night,7.9,236.03,51.9,133.93,69.54,115.1,12.31,77.84,3.98,18.27,30.35,0.0867,45.59,50.384,0,none
B100139,M1,Day,6.8,223.82,55.6,134.42,83.69,101.2,17.88,82.91,5.43,23.95,34.69,0.0231,47.13,50.513,0,none
B100140,M2,Day,10.5,236.01,42.59,131.25,49.97,132.0,12.27,68.89,3.48,17.47,28.11,0.0424,46.6,50.746,0,none
B100141,M2,Day,9.4,223.54,41.12,126.6,51.82,124.7,15.42,78.98,4.43,4.0,15.59,0.0172,64.44,49.47,1,warpage
B100142,M5,Night,0.0,246.87,56.82,126.19,56.87,129.8,13.5,59.15,5.13,25.75,38.03,0.0192,69.27,49.162,0,none
B100143,M3,Day,9.2,262.28,47.42,124.16,64.37,137.6,14.18,81.6,4.87,11.8,22.07,0.1866,52.38,50.842,0,none
B100144,M2,Night,3.0,239.84,40.47,126.11,61.46,115.7,14.37,78.09,6.59,16.81,31.21,0.0369,45.87,50.172,0,none
B100145,M2,Evening,1.3,228.65,64.65,127.13,69.06,115.8,12.22,60.4,4.39,16.51,28.91,0.045,36.71,49.374,0,none
B100146,M2,Evening,6.2,209.66,48.68,98.93,43.12,157.1,9.08,76.36,1.8,17.2,25.37,0.0395,36.02,49.153,1,burn_mark
B100147,M3,Evening,8.6,218.16,66.5,108.15,65.95,96.4,17.06,83.08,2.97,16.24,24.75,0.0267,64.49,50.613,1,burn_mark
B100148,M2,Night,0.4,250.55,55.28,104.57,48.87,73.2,20.37,70.94,5.47,16.33,26.94,0.0439,35.31,49.435,0,none
B100149,M1,Day,9.8,224.71,57.95,136.61,57.85,133.9,20.64,60.13,4.62,9.39,20.48,0.1108,45.6,50.478,0,none
B100150,M4,Day,10.1,231.29,52.89,144.81,85.62,104.3,11.79,72.13,3.64,28.93,38.64,0.0621,51.55,50.209,0,none
B100151,M5,Evening,7.2,241.55,28.45,87.46,39.03,93.1,11.07,76.63,8.44,19.26,33.88,0.0568,25.0,48.956,0,none
B100152,M1,Day,3.5,249.82,43.63,143.47,55.81,142.1,11.78,60.04,6.74,16.26,27.65,0.005,37.49,50.555,1,burn_mark
B100153,M3,Day,3.1,233.0,53.74,121.3,40.88,116.4,13.3,57.91,5.41,25.21,36.65,0.154,36.62,49.461,0,none
B100154,M1,Day,11.1,230.95,58.65,135.19,62.3,88.4,13.79,76.26,5.85,10.64,23.63,0.01,43.34,49.948,1,warpage
B100155,M3,Day,1.0,235.72,37.1,127.6,75.72,168.4,10.01,79.88,5.1,20.34,32.26,0.1428,52.59,50.025,1,burn_mark
B100156,M2,Day,11.3,228.72,54.46,141.61,62.54,79.7,8.08,95.8,3.62,13.22,22.43,0.018,60.28,50.663,0,none
B100157,M3,Day,6.3,229.26,43.78,123.15,58.25,117.8,14.2,77.99,7.05,18.01,30.95,0.0167,43.36,50.134,1,burn_mark
B100158,M4,Night,6.6,239.12,57.35,99.55,79.93,72.8,3.0,55.49,6.78,18.12,29.43,0.0712,45.38,49.018,0,none
B100159,M4,Day,0.2,236.85,54.81,118.41,64.96,126.8,13.6,94.48,2.53,4.32,12.19,0.016,48.8,50.144,0,none
B100160,M1,Night,6.4,256.32,62.44,127.73,72.29,104.0,10.22,82.66,5.84,8.84,20.34,0.0147,41.94,50.902,0,none
B100161,M5,Night,9.5,239.39,65.67,116.76,70.73,140.5,17.12,45.94,6.01,23.93,36.57,0.1183,54.18,49.148,0,none
B100162,M1,Day,1.7,246.51,59.59,129.87,16.86,119.6,18.19,57.64,5.02,14.74,25.05,0.005,54.49,50.599,0,none
B100163,M1,Evening,9.0,224.29,63.6,119.01,58.85,153.8,18.28,64.1,8.65,26.01,39.62,0.0735,25.0,48.944,0,none
B100164,M3,Evening,7.4,240.25,51.5,111.07,43.83,109.3,12.61,80.06,8.48,22.55,37.79,0.0094,56.39,50.202,0,none
B100165,M2,Evening,4.4,227.77,83.23,103.71,47.56,79.9,9.46,41.45,4.93,14.9,25.41,0.0827,51.27,49.744,0,none
B100166,M4,Day,10.4,238.95,42.81,114.12,82.12,125.9,10.74,68.57,5.17,14.46,24.78,0.008,52.59,49.911,0,none
B100167,M4,Day,0.0,241.89,49.72,123.07,54.38,113.7,15.15,79.37,4.99,24.24,36.04,0.0847,61.8,50.379,0,none
B100168,M2,Day,8.4,235.5,64.01,90.61,88.39,74.5,7.42,35.99,4.58,26.52,37.56,0.0149,32.14,47.756,0,none
B100169,M5,Evening,13.5,259.07,62.53,108.3,38.88,93.6,19.57,78.96,4.12,14.57,24.48,0.0334,37.45,50.972,0,none
B100170,M2,Night,12.8,249.28,59.87,90.05,43.74,101.6,12.68,80.4,6.26,23.69,35.6,0.0168,49.3,49.63,1,short_shot
B100171,M3,Evening,8.6,246.77,61.75,110.74,71.44,158.9,16.0,59.84,8.44,21.15,35.97,0.2954,26.79,49.346,1,burn_mark
B100172,M2,Evening,5.8,242.64,34.16,137.96,54.88,137.7,6.87,56.16,7.83,22.01,36.38,0.005,47.88,50.201,0,none
B100173,M5,Night,4.5,252.63,70.89,102.21,64.61,111.3,10.3,59.65,6.68,16.51,29.4,0.0247,58.46,50.203,0,none
B100174,M1,Evening,5.8,220.63,52.96,130.55,58.32,131.8,6.38,37.93,1.89,12.64,20.65,0.0781,53.97,49.435,0,none
B100175,M1,Day,9.2,248.7,67.46,162.73,57.86,69.0,18.08,66.09,2.7,10.73,18.82,0.011,50.79,51.588,1,short_shot
B100176,M2,Night,3.8,225.09,34.66,141.8,55.44,105.9,13.36,72.64,7.1,9.48,22.03,0.0615,47.67,50.533,1,burn_mark
B100177,M5,Day,10.0,229.36,57.57,122.0,62.69,130.0,16.29,55.37,7.93,25.55,39.31,0.0602,45.72,49.633,0,none
B100178,M5,Day,15.5,240.61,49.36,132.88,69.62,124.1,14.25,81.66,6.33,16.05,27.42,0.005,45.15,50.459,0,none
B100179,M4,Evening,6.8,247.33,60.72,99.45,84.22,106.5,15.87,71.23,5.04,10.28,20.24,0.0263,52.29,49.849,0,none
B100180,M5,Night,1.6,223.46,58.17,96.4,56.96,119.0,12.65,73.12,7.53,21.01,34.45,0.005,34.49,49.227,0,none
B100181,M5,Day,1.6,229.87,58.66,120.43,54.1,128.5,13.19,65.18,6.63,13.61,27.23,0.2369,64.63,49.406,1,burn_mark
B100182,M3,Evening,10.1,235.98,44.41,125.98,52.16,119.8,13.63,78.92,7.21,12.75,23.88,0.0569,42.62,50.589,0,none
B100183,M2,Day,6.8,233.14,54.43,136.42,82.05,141.5,15.62,85.49,2.72,26.34,34.66,0.1178,55.58,50.514,0,none
B100184,M4,Day,10.5,243.54,53.2,111.47,70.35,128.0,15.73,65.11,6.02,9.35,21.63,0.0546,50.8,49.804,0,none
B100185,M3,Day,4.9,265.0,59.95,122.9,31.51,132.8,25.25,79.13,8.16,17.18,32.41,0.0957,38.46,50.888,0,none
B100186,M2,Evening,10.3,239.19,64.89,122.39,30.85,162.8,20.73,79.26,6.29,13.05,27.14,0.0407,62.93,50.422,0,none
B100187,M1,Night,6.4,227.65,56.5,118.03,47.55,140.7,6.88,75.01,6.92,12.25,24.91,0.015,60.81,50.368,0,none
B100188,M4,Day,4.1,222.03,42.24,118.91,63.45,163.5,13.43,90.12,5.55,8.68,22.21,0.1956,34.29,50.792,1,burn_mark
B100189,M2,Day,5.4,231.75,56.08,107.18,59.5,103.2,12.38,61.28,5.66,16.3,28.41,0.0544,49.26,48.747,0,none
B100190,M5,Day,2.2,225.6,81.11,124.2,67.72,80.2,19.12,64.94,7.6,11.63,26.05,0.0455,52.07,49.835,1,burn_mark
B100191,M1,Day,15.0,239.68,71.46,122.93,57.37,116.5,12.74,60.68,4.5,18.96,28.39,0.009,29.29,49.809,0,none
B100192,M1,Evening,6.6,239.52,25.26,113.4,80.96,114.4,15.86,78.7,4.35,15.76,26.57,0.0331,28.79,49.515,0,none
B100193,M4,Evening,9.6,230.37,55.63,129.99,71.58,156.5,4.65,66.73,4.78,14.44,26.12,0.005,41.66,49.294,0,none
B100194,M1,Evening,4.9,254.85,64.32,135.42,61.16,91.7,7.95,61.65,5.54,11.66,22.5,0.0632,36.87,50.708,1,burn_mark
B100195,M1,Day,2.8,227.65,53.18,130.16,77.18,118.0,22.37,89.96,3.08,23.15,29.63,0.0645,39.56,50.253,1,burn_mark
B100196,M3,Evening,6.1,233.81,50.4,104.36,35.27,130.1,14.2,91.71,6.6,19.68,32.42,0.0432,36.87,50.005,0,none
B100197,M5,Day,11.4,241.39,52.33,121.49,58.72,122.5,10.01,66.06,5.25,12.59,23.63,0.1734,48.78,50.496,1,burn_mark
B100198,M1,Day,4.9,243.92,60.52,106.33,62.06,115.7,14.97,53.59,6.78,9.2,23.33,0.0597,41.08,49.221,1,burn_mark
B100199,M2,Night,3.5,247.78,43.52,121.45,69.03,129.0,9.79,92.36,2.32,6.56,14.34,0.0502,61.14,50.423,1,burn_mark
B100200,M4,Night,7.6,239.28,66.89,106.39,34.27,147.0,12.87,75.65,6.79,21.69,33.77,0.0062,51.8,49.559,0,none
B100201,M5,Night,9.0,245.51,54.44,139.16,56.09,158.4,8.19,75.05,7.51,20.55,32.88,0.0277,57.94,50.555,0,none
B100202,M3,Night,13.6,228.35,45.65,131.75,66.01,120.8,10.85,71.26,6.16,21.23,32.76,0.35,33.12,50.731,1,burn_mark
B100203,M1,Evening,8.4,244.18,66.24,137.29,67.16,99.6,12.33,60.4,5.55,15.4,29.61,0.005,43.72,50.607,0,none
B100204,M1,Night,9.6,244.05,39.55,135.78,77.79,158.4,18.48,65.04,6.8,20.03,31.24,0.0528,51.36,50.783,0,none
B100205,M1,Evening,9.9,250.13,49.45,115.94,71.42,93.1,15.86,78.13,7.41,21.14,33.21,0.053,54.53,49.859,0,none
B100206,M1,Day,2.4,218.32,49.28,113.62,59.09,164.8,16.55,64.63,6.28,15.65,27.88,0.0593,43.52,49.586,0,none
B100207,M3,Day,3.1,225.93,76.44,146.13,70.12,153.6,13.9,75.2,6.4,14.21,28.58,0.0621,44.99,51.017,1,short_shot
B100208,M1,Day,2.7,243.23,48.15,117.52,56.98,157.2,17.29,70.16,7.99,11.12,25.85,0.0962,46.08,50.285,0,none
B100209,M3,Day,1.7,208.49,33.45,99.68,62.2,137.1,10.51,57.32,6.64,18.13,32.32,0.0684,47.02,49.27,0,none
B100210,M3,Day,10.2,239.92,49.18,135.11,71.92,67.2,11.07,89.45,4.3,18.8,28.71,0.005,71.64,50.938,0,none
B100211,M3,Evening,8.2,245.6,59.56,122.16,59.32,94.0,15.63,77.13,7.4,13.97,25.98,0.005,53.13,50.372,0,none
B100212,M1,Night,7.3,229.24,62.84,142.59,65.43,127.7,12.88,73.97,5.31,14.56,25.42,0.005,50.4,49.792,0,none
B100213,M4,Evening,0.0,230.7,77.77,123.64,74.42,103.1,13.94,76.66,5.55,14.91,26.34,0.1851,37.41,50.18,0,none
B100214,M4,Day,15.2,224.26,69.07,119.7,70.68,112.1,13.34,48.49,5.66,19.96,31.63,0.005,37.65,49.502,1,burn_mark
B100215,M4,Evening,3.4,229.78,56.88,142.89,78.5,135.3,19.01,64.08,6.95,9.13,21.87,0.0074,47.87,50.707,0,none
B100216,M1,Day,15.2,230.07,46.09,96.92,94.93,115.8,19.22,51.67,8.12,10.47,25.19,0.0789,61.3,48.24,0,none
B100217,M1,Day,1.2,228.17,71.24,111.22,70.54,89.5,11.5,71.5,5.54,10.57,21.4,0.0739,48.01,49.547,0,none
B100218,M5,Day,3.8,227.62,51.31,106.69,53.08,142.1,6.96,73.91,8.1,15.26,28.43,0.0656,48.44,49.081,0,none
B100219,M2,Day,0.0,232.29,48.42,87.07,67.68,132.9,11.15,71.7,5.75,17.58,28.12,0.0074,42.56,48.364,1,short_shot
B100220,M2,Day,8.4,232.17,50.83,133.1,67.03,113.8,10.41,84.14,7.6,10.66,24.46,0.0389,32.58,50.743,0,none
B100221,M2,Night,2.6,253.74,42.48,111.64,69.2,137.8,17.33,52.03,5.8,20.55,32.45,0.1509,54.37,50.022,1,burn_mark
B100222,M3,Night,2.7,231.06,50.35,133.58,82.43,122.4,17.68,60.41,4.76,23.31,35.17,0.0205,47.46,50.388,0,none
B100223,M5,Evening,1.5,238.44,52.67,125.84,34.74,153.3,9.88,74.97,8.38,18.07,34.0,0.005,54.46,50.732,0,none
B100224,M2,Day,10.1,229.23,62.31,129.11,82.71,123.8,10.98,73.17,4.62,21.61,31.02,0.0064,51.55,50.739,0,none
B100225,M5,Night,9.8,229.1,51.12,113.17,87.76,153.1,8.08,54.21,4.52,11.42,21.97,0.0285,40.36,48.976,0,none
B100226,M1,Evening,14.2,217.96,42.33,108.54,68.52,73.2,14.54,84.36,3.62,11.54,20.95,0.0261,52.25,49.917,1,burn_mark
B100227,M3,Day,4.3,219.29,38.96,121.35,68.88,131.5,13.82,88.52,7.4,18.57,30.44,0.0761,37.09,49.625,0,none
B100228,M3,Evening,7.9,222.93,57.1,133.79,56.38,110.1,17.16,75.11,7.76,15.81,29.03,0.0557,52.18,49.271,0,none
B100229,M1,Evening,1.8,236.84,55.73,119.24,60.09,98.5,15.99,51.89,6.06,11.53,25.16,0.1027,49.37,49.473,0,none
B100230,M1,Evening,5.7,245.76,49.46,109.47,70.47,149.0,16.44,71.92,4.02,23.13,32.52,0.153,65.41,49.737,1,burn_mark
B100231,M2,Day,4.9,217.13,50.33,102.01,69.5,142.2,7.83,74.08,5.49,17.49,28.18,0.1451,41.33,49.261,1,burn_mark
B100232,M5,Evening,8.9,229.51,58.88,123.06,70.81,69.8,11.49,66.74,5.05,19.51,30.5,0.0525,36.73,49.771,0,none
B100233,M3,Day,11.1,221.33,68.91,111.69,69.4,137.9,17.8,86.17,3.95,12.63,23.49,0.0057,45.87,49.901,0,none
B100234,M5,Day,11.0,232.36,47.2,118.92,73.48,134.9,11.85,68.61,4.77,24.4,34.86,0.1585,56.09,50.375,0,none
B100235,M4,Day,3.6,245.76,55.89,116.42,71.8,101.9,7.49,95.25,6.26,15.22,27.61,0.057,25.0,50.699,0,none
B100236,M2,Night,11.0,230.53,64.58,113.33,44.63,99.1,17.23,79.4,4.59,21.1,29.4,0.0095,58.76,49.807,0,none
B100237,M4,Day,6.8,234.52,47.24,124.41,72.48,80.2,11.69,73.31,5.94,13.09,25.6,0.0406,47.91,49.187,0,none
B100238,M1,Day,5.7,249.55,54.84,128.32,87.88,111.6,18.25,81.05,2.84,16.84,25.9,0.0403,38.58,50.034,1,burn_mark
B100239,M1,Day,4.2,239.58,54.62,149.48,59.6,115.6,13.93,88.37,8.02,18.79,33.69,0.0165,46.32,51.795,0,none
B100240,M4,Night,4.8,227.4,41.89,131.37,82.49,139.9,12.89,80.79,4.91,25.98,35.02,0.0679,42.59,50.042,0,none
B100241,M4,Evening,14.0,236.59,56.68,143.91,46.24,126.7,19.45,69.09,6.81,13.8,26.3,0.008,37.75,51.098,1,short_shot
B100242,M1,Night,8.2,226.72,55.32,107.72,59.55,93.5,8.79,62.08,5.78,17.01,29.76,0.0198,30.61,49.578,1,burn_mark
B100243,M3,Day,7.7,239.2,60.55,95.99,50.38,126.0,19.74,56.53,6.1,18.96,30.51,0.1904,57.3,49.15,1,burn_mark
B100244,M3,Day,6.0,240.15,43.13,119.78,80.69,113.6,11.44,40.71,3.8,8.93,18.78,0.0987,44.41,49.248,1,warpage
B100245,M5,Evening,16.8,221.33,55.1,132.87,84.61,96.6,14.65,72.09,4.36,5.13,15.08,0.1105,46.09,49.744,0,none
B100246,M3,Day,12.2,236.75,68.82,130.52,58.51,80.3,14.69,65.35,4.39,11.02,21.03,0.1511,58.45,51.043,0,none
B100247,M2,Night,4.1,233.82,75.77,138.17,77.57,135.6,12.29,65.99,5.54,20.84,33.54,0.017,50.56,49.937,0,none
B100248,M2,Night,5.9,240.45,67.8,81.95,84.76,131.2,10.95,82.35,7.49,24.58,36.65,0.0197,34.41,49.332,1,short_shot
B100249,M2,Evening,6.1,243.31,43.23,138.79,59.51,133.9,12.52,68.66,6.15,11.39,23.48,0.0066,56.73,50.957,0,none
B100250,M3,Night,7.6,239.77,59.51,125.03,61.95,101.8,9.94,92.74,4.15,9.92,20.32,0.1058,64.84,50.873,0,none
B100251,M5,Evening,4.2,231.97,50.17,96.84,71.0,124.3,21.85,63.12,5.63,23.67,36.24,0.1159,55.03,48.97,0,none
B100252,M2,Day,8.8,244.33,57.84,130.85,47.36,85.6,12.08,58.35,5.38,13.17,24.43,0.005,41.35,49.841,0,none
B100253,M1,Evening,12.8,226.27,47.28,122.54,61.65,95.3,18.64,54.91,4.97,14.14,26.08,0.1647,35.27,49.225,0,none
B100254,M1,Day,1.7,221.79,37.87,125.72,92.14,120.8,18.11,78.67,5.48,23.3,34.72,0.021,40.99,49.554,0,none
B100255,M4,Night,2.5,203.05,51.55,134.99,52.5,126.6,15.45,83.82,6.65,22.47,35.24,0.3339,51.03,50.451,1,burn_mark
B100256,M4,Day,5.1,234.3,62.23,126.45,72.81,79.3,13.46,62.87,4.42,20.67,31.17,0.0093,64.26,50.224,0,none
B100257,M1,Day,5.3,226.78,57.88,97.91,67.86,93.6,14.78,57.23,4.98,7.44,19.08,0.1754,42.41,48.99,1,burn_mark
B100258,M1,Evening,15.0,238.98,59.03,117.85,57.54,110.9,16.29,88.36,6.97,9.71,23.22,0.0405,43.51,50.478,0,none
B100259,M3,Day,11.0,215.29,57.16,95.74,63.32,144.0,14.4,52.6,6.2,21.6,32.69,0.065,60.21,48.96,0,none
B100260,M1,Day,10.8,228.53,59.05,129.74,86.29,99.7,7.73,82.12,7.42,17.59,31.23,0.0176,45.66,49.443,0,none
B100261,M4,Evening,5.9,239.7,60.3,140.97,68.3,123.5,6.73,63.15,7.65,12.11,26.31,0.1024,67.14,49.707,1,short_shot
B100262,M2,Day,5.9,224.7,52.25,101.38,70.65,126.1,20.04,74.77,3.46,14.28,25.2,0.1015,48.52,48.734,1,burn_mark
B100263,M1,Evening,1.2,239.09,55.83,109.93,84.01,113.8,3.46,82.92,5.93,21.55,32.48,0.35,61.68,50.102,1,burn_mark
B100264,M5,Day,10.1,229.43,72.43,106.76,55.66,126.7,14.78,75.72,4.74,23.64,34.91,0.1415,53.83,48.974,0,none
B100265,M1,Day,9.0,234.67,56.42,113.19,44.3,86.4,13.06,66.46,3.7,15.97,25.32,0.0286,57.07,49.874,0,none
B100266,M2,Day,12.1,240.95,55.43,126.19,86.53,103.6,14.64,86.75,4.32,12.57,23.07,0.0093,48.23,50.026,0,none
B100267,M1,Night,6.2,244.53,56.03,113.35,62.05,155.9,9.44,73.47,5.05,14.62,24.6,0.0296,48.88,50.047,0,none
B100268,M1,Night,6.4,235.92,52.82,129.79,73.4,157.6,15.4,105.0,5.06,22.72,33.76,0.0914,54.19,50.824,0,none
B100269,M1,Day,7.7,226.86,50.65,135.98,48.57,141.1,14.82,49.54,4.59,22.62,33.53,0.0341,57.98,50.15,1,burn_mark
B100270,M1,Night,10.6,230.42,57.09,136.53,65.83,147.5,25.04,49.36,5.48,16.97,27.48,0.0541,55.26,49.816,1,short_shot
B100271,M1,Evening,1.1,241.37,49.94,103.23,43.55,74.4,14.52,81.93,9.17,13.35,29.97,0.0263,32.33,50.243,0,none
B100272,M1,Evening,9.9,224.79,53.54,140.79,60.96,96.3,19.39,69.62,2.91,21.41,28.78,0.0943,52.58,50.966,0,none
B100273,M3,Evening,6.9,233.22,47.09,141.99,50.28,112.2,8.01,79.51,7.21,24.11,37.86,0.0375,43.43,51.363,1,short_shot
B100274,M3,Evening,2.8,231.14,56.08,143.29,46.84,180.4,18.08,56.82,5.47,8.73,17.78,0.0268,44.54,50.382,0,none
B100275,M2,Night,0.0,233.97,60.84,117.63,55.45,112.2,14.91,70.65,4.84,14.84,25.43,0.099,54.58,49.669,0,none
B100276,M2,Evening,6.5,224.91,52.88,108.72,25.6,138.6,15.08,75.49,2.47,21.78,30.73,0.0746,66.98,50.033,0,none
B100277,M3,Evening,12.8,216.48,34.92,105.24,42.6,129.5,15.13,63.48,6.64,16.37,29.73,0.005,47.68,50.014,0,none
B100278,M5,Day,13.7,240.21,60.9,103.47,71.74,128.9,20.83,72.78,3.34,13.56,22.79,0.005,69.73,49.502,0,none
B100279,M5,Day,8.4,244.64,56.2,120.18,65.21,119.4,15.02,53.66,6.74,16.93,29.43,0.0169,39.03,50.065,0,none
B100280,M1,Evening,14.8,217.08,45.07,132.72,43.89,90.0,10.86,74.74,8.11,17.85,32.53,0.0225,62.32,50.643,1,burn_mark
B100281,M1,Day,6.8,238.69,62.73,139.6,68.22,52.5,11.54,87.35,3.58,10.37,20.89,0.0617,54.31,51.178,1,short_shot
B100282,M1,Day,10.8,245.83,41.02,112.72,46.83,152.0,17.27,55.15,7.25,16.45,31.09,0.0818,52.09,50.224,0,none
B100283,M1,Day,5.2,240.96,65.45,119.42,70.83,104.6,15.79,54.42,5.54,17.84,28.08,0.0388,63.83,49.191,0,none
B100284,M3,Day,4.9,230.83,54.43,118.44,58.27,73.3,7.88,84.28,2.36,13.55,21.7,0.071,43.63,49.856,0,none
B100285,M2,Evening,4.3,225.57,32.31,110.47,55.12,130.9,16.06,54.21,3.69,12.1,19.6,0.1121,62.78,49.322,1,burn_mark
B100286,M1,Evening,0.0,235.81,56.78,131.04,58.63,130.5,9.67,80.09,5.77,13.31,23.71,0.0052,47.92,50.989,0,none
B100287,M2,Evening,12.1,237.48,50.94,125.44,98.39,139.2,15.75,70.66,6.1,11.15,22.54,0.2882,43.58,50.26,1,burn_mark
B100288,M3,Day,4.4,235.96,49.43,122.13,48.62,147.9,10.78,64.99,3.13,20.25,30.25,0.0112,36.73,50.076,1,flash
B100289,M1,Evening,3.8,233.2,47.62,125.37,63.4,97.0,12.87,87.6,5.55,11.08,22.15,0.0604,65.85,50.802,0,none
B100290,M4,Day,2.3,224.17,53.73,129.23,71.72,98.1,11.82,81.14,6.74,16.95,29.39,0.0576,61.41,50.073,1,burn_mark
B100291,M1,Evening,6.2,239.23,50.15,129.08,45.56,112.0,20.08,73.36,7.0,14.13,27.43,0.0799,45.22,50.258,0,none
B100292,M5,Evening,14.1,239.71,36.43,107.42,36.09,140.5,15.61,44.17,4.88,12.47,22.68,0.083,55.45,48.951,1,burn_mark
B100293,M1,Evening,15.4,237.01,67.72,133.44,50.98,67.4,19.04,78.55,6.16,22.86,33.02,0.0732,51.27,50.647,0,none
B100294,M4,Evening,0.4,236.11,52.56,123.83,71.39,123.2,25.58,57.15,7.11,15.35,27.71,0.0501,46.47,49.639,0,none
B100295,M5,Night,5.6,251.79,47.68,113.48,54.87,143.3,14.19,67.34,6.78,12.65,25.31,0.0153,59.65,50.406,0,none
B100296,M5,Night,2.9,228.76,43.72,123.51,56.53,142.3,20.01,70.09,6.84,12.17,25.48,0.14,43.75,50.245,1,burn_mark
B100297,M4,Evening,11.0,247.81,62.71,125.17,73.66,137.7,11.2,92.77,5.67,17.7,29.16,0.0466,28.08,50.685,0,none
B100298,M4,Evening,8.1,227.66,42.02,136.23,47.9,146.6,19.02,66.96,5.36,20.13,31.94,0.1221,52.6,50.457,0,none
B100299,M3,Day,4.5,246.09,56.34,104.31,58.67,51.3,10.77,52.93,5.91,22.35,35.19,0.0149,50.67,49.221,0,none
B100300,M4,Night,7.3,247.33,49.16,139.87,37.29,160.3,13.93,87.64,4.35,15.16,26.64,0.0607,44.07,50.738,1,burn_mark
B100301,M1,Day,5.1,232.07,49.75,120.35,64.81,128.3,16.15,78.71,7.17,14.86,28.2,0.0481,41.08,49.679,0,none
B100302,M3,Day,13.5,251.61,43.96,112.41,63.44,153.4,16.78,79.16,3.2,16.65,24.72,0.0859,34.41,50.445,0,none
B100303,M3,Night,9.2,239.69,48.8,111.95,71.93,90.6,8.91,87.86,4.74,16.84,26.33,0.0224,46.37,50.018,0,none
B100304,M5,Evening,9.7,226.23,55.09,104.98,42.82,76.2,10.53,90.68,5.45,12.14,22.43,0.0779,41.25,49.544,1,burn_mark
B100305,M2,Day,0.0,231.26,57.35,93.89,57.12,164.7,16.45,59.3,6.2,23.31,34.44,0.1009,59.64,49.454,0,none
B100306,M2,Day,6.7,246.33,47.14,130.16,40.82,96.8,12.53,53.31,6.49,16.11,28.7,0.033,55.17,50.927,0,none
B100307,M3,Day,15.3,244.23,54.09,149.71,56.31,112.2,8.41,80.11,7.73,18.67,34.29,0.005,45.15,51.691,0,none
B100308,M2,Evening,12.3,224.42,63.88,95.74,82.23,133.2,13.72,66.85,5.62,18.12,29.95,0.0113,55.23,48.977,0,none
B100309,M1,Day,0.0,233.61,38.37,105.74,55.19,139.3,13.52,67.94,4.42,18.02,28.36,0.0426,48.93,49.658,1,short_shot
B100310,M2,Night,5.7,237.04,54.94,131.27,39.51,147.0,14.71,56.54,5.28,10.98,23.22,0.0088,47.31,50.296,1,warpage
B100311,M2,Night,2.2,229.92,45.49,119.32,49.8,125.6,16.12,77.01,5.02,15.97,26.16,0.1193,49.45,50.203,0,none
B100312,M1,Evening,13.8,258.58,44.47,132.52,35.84,93.6,15.86,74.83,6.28,27.4,40.73,0.0078,67.71,51.287,1,burn_mark
B100313,M2,Evening,8.0,237.34,57.61,118.47,40.56,137.7,10.93,68.13,3.9,23.94,34.8,0.005,56.44,50.394,0,none
B100314,M2,Day,3.9,234.38,49.55,111.29,70.06,138.1,12.36,53.34,5.24,16.79,28.08,0.0263,47.02,49.455,0,none
B100315,M2,Day,7.1,246.91,42.83,116.61,38.31,74.6,17.71,84.51,7.93,14.17,30.19,0.0396,58.94,49.437,0,none
B100316,M2,Evening,0.0,231.35,68.24,84.27,64.68,155.5,11.83,73.07,5.77,4.91,17.8,0.0278,58.58,49.291,0,none
B100317,M3,Day,2.7,245.07,64.2,102.85,60.39,57.8,12.42,83.41,3.92,13.51,23.48,0.0491,52.6,49.971,0,none
B100318,M2,Day,7.1,218.32,35.68,134.22,52.03,145.9,7.98,44.76,4.99,15.61,26.45,0.35,46.71,49.276,1,burn_mark
B100319,M5,Day,10.4,230.46,40.26,137.88,63.41,104.1,13.89,70.68,2.15,14.41,22.13,0.197,46.05,50.517,1,burn_mark
B100320,M5,Day,0.0,245.49,60.93,141.09,45.94,137.6,15.38,61.4,5.41,14.76,26.04,0.0389,39.25,50.865,1,short_shot
B100321,M2,Evening,5.5,250.7,52.15,126.61,72.61,132.8,6.1,70.43,7.97,19.11,32.98,0.2034,51.8,49.767,1,burn_mark
B100322,M2,Evening,11.0,227.27,70.01,86.16,49.52,119.1,9.72,81.32,3.72,11.0,20.4,0.0526,43.9,48.975,0,none
B100323,M3,Night,1.2,226.1,61.16,110.47,54.2,131.3,8.31,74.44,3.32,17.36,26.47,0.1165,45.63,49.34,0,none
B100324,M4,Evening,7.9,240.67,57.99,139.87,52.42,117.8,17.15,70.22,4.52,15.45,24.78,0.005,56.24,50.421,0,none
B100325,M3,Night,7.3,228.77,44.78,144.35,70.34,137.8,6.35,70.15,6.88,11.59,23.9,0.0303,66.87,50.736,0,none
B100326,M4,Evening,13.9,232.31,59.91,140.44,68.17,174.6,13.69,51.28,8.06,24.37,36.83,0.2454,53.74,49.899,1,burn_mark
B100327,M3,Night,6.1,243.76,42.24,116.46,20.67,86.5,16.87,59.12,6.17,19.74,32.33,0.0647,48.95,50.233,0,none
B100328,M3,Evening,6.3,229.56,68.05,100.4,63.81,40.3,14.75,83.46,3.57,12.07,21.72,0.005,49.81,49.82,1,short_shot
B100329,M2,Day,10.4,215.35,59.22,119.39,33.83,109.6,12.24,63.93,5.47,18.59,29.93,0.0405,61.38,49.675,0,none
B100330,M4,Night,1.7,221.99,46.75,120.22,54.88,107.9,15.39,83.69,8.18,9.05,24.12,0.013,53.88,50.409,1,burn_mark
B100331,M1,Day,6.1,235.1,63.05,143.48,58.38,110.6,18.15,79.92,5.03,12.68,22.85,0.0296,51.94,51.395,1,short_shot
B100332,M3,Day,5.2,216.37,77.42,123.42,54.72,96.8,13.57,80.55,5.71,22.64,33.64,0.0435,52.65,50.383,0,none
B100333,M5,Day,6.4,232.03,52.82,120.25,67.51,141.8,5.04,73.99,5.86,17.76,28.14,0.0131,35.71,50.178,0,none
B100334,M1,Day,10.4,221.08,60.5,121.1,70.8,85.5,18.59,64.77,3.18,17.36,27.56,0.0092,53.9,49.911,0,none
B100335,M3,Day,9.2,251.4,50.68,126.0,48.4,131.3,15.6,68.19,7.0,20.93,34.54,0.0252,41.25,50.644,0,none
B100336,M1,Evening,4.0,256.65,55.85,129.4,47.85,136.0,13.87,77.68,6.78,19.06,33.17,0.0426,53.94,51.179,1,burn_mark
B100337,M4,Night,7.5,224.42,39.93,109.13,59.46,127.9,6.08,44.49,2.51,14.67,24.76,0.0386,42.65,48.6,0,none
B100338,M1,Day,13.0,237.57,54.99,104.14,36.84,132.2,12.81,84.93,3.5,20.68,29.76,0.0785,55.91,50.067,0,none
B100339,M5,Evening,3.7,225.4,55.44,140.56,52.85,143.7,10.5,64.0,4.05,7.56,16.89,0.1721,48.47,50.561,1,burn_mark
B100340,M1,Day,7.6,231.91,72.99,95.38,80.22,121.3,9.13,68.96,6.62,12.66,23.49,0.0245,38.55,48.966,0,none
B100341,M5,Night,6.2,253.03,37.05,144.57,37.41,111.3,13.45,69.07,4.37,15.52,24.79,0.0073,47.09,52.091,1,burn_mark
B100342,M4,Day,6.7,230.33,52.19,91.34,54.9,132.2,11.86,69.52,6.1,18.74,30.52,0.0335,72.06,49.045,0,none
B100343,M3,Day,0.5,232.14,67.88,111.23,51.12,135.0,12.12,54.24,5.23,14.38,23.54,0.1515,27.27,48.844,1,burn_mark
B100344,M4,Evening,12.6,225.57,52.58,134.58,90.08,142.2,16.96,71.82,5.61,7.08,17.61,0.0254,51.66,50.051,1,warpage
B100345,M4,Evening,3.9,246.46,53.29,120.01,51.93,77.2,15.02,77.13,6.24,6.38,18.54,0.0717,39.89,50.685,1,warpage
B100346,M5,Night,11.1,202.37,46.67,100.25,52.8,115.4,12.02,45.47,5.91,15.66,28.46,0.0069,63.77,48.194,0,none
B100347,M2,Evening,4.5,230.57,45.67,126.4,44.54,93.4,11.51,54.39,5.47,13.61,24.37,0.0342,58.16,49.955,1,short_shot
B100348,M3,Night,4.5,234.54,36.74,121.01,60.14,134.0,12.18,80.75,5.99,11.45,23.57,0.0171,51.86,50.211,0,none
B100349,M1,Day,11.9,228.39,48.71,116.76,64.05,138.2,13.01,78.52,5.83,10.61,24.3,0.0541,59.17,49.913,0,none
B100350,M3,Day,11.0,243.64,45.11,110.64,46.71,113.1,16.34,73.58,5.19,16.67,26.05,0.005,52.45,49.844,0,none
B100351,M1,Day,7.8,247.02,56.18,119.48,74.83,101.8,9.83,61.81,4.85,22.51,34.45,0.0055,50.06,50.237,0,none
B100352,M3,Day,10.0,220.88,47.12,111.27,64.07,134.9,19.83,78.59,8.32,16.67,31.37,0.0257,44.01,50.416,0,none
B100353,M3,Day,5.8,255.93,50.2,156.52,72.78,116.7,16.34,55.57,4.84,22.58,34.68,0.0659,46.39,50.699,0,none
B100354,M2,Evening,7.0,220.77,50.48,116.4,55.08,155.7,3.05,68.35,7.55,14.13,28.65,0.0725,45.36,49.237,0,none
B100355,M3,Day,4.4,247.89,54.52,114.39,63.65,164.3,14.34,54.32,4.47,18.22,28.03,0.055,50.1,49.522,0,none
B100356,M4,Evening,10.6,236.5,49.71,111.88,56.8,145.0,18.16,68.06,6.72,22.76,35.48,0.1046,31.08,50.264,1,burn_mark
B100357,M4,Evening,4.2,229.96,44.38,146.65,81.87,125.8,15.55,57.64,8.18,15.21,27.93,0.0499,60.3,50.168,0,none
B100358,M2,Evening,12.9,230.91,55.86,95.41,61.74,165.6,12.35,79.07,4.99,16.13,26.6,0.1315,69.47,49.493,0,none
B100359,M3,Evening,5.7,234.66,65.67,125.39,60.13,126.0,13.76,75.2,4.5,14.13,24.66,0.0688,45.68,49.94,0,none
B100360,M5,Day,7.1,237.08,56.28,116.41,53.13,108.0,14.71,63.15,4.86,18.96,30.12,0.005,61.75,50.48,0,none
B100361,M1,Day,10.0,225.8,48.9,98.65,52.26,103.1,17.08,83.08,5.47,20.51,32.77,0.0506,48.66,49.457,0,none
B100362,M1,Evening,7.1,232.66,53.77,107.71,63.57,102.4,8.34,58.52,5.98,17.76,31.32,0.0078,43.98,49.418,0,none
B100363,M1,Evening,5.8,227.29,34.49,124.75,72.29,119.8,11.58,69.58,5.44,14.85,25.86,0.0776,46.18,49.617,1,burn_mark
B100364,M3,Day,6.9,222.85,53.61,107.03,49.73,131.6,20.55,62.62,4.87,8.5,20.52,0.005,50.86,49.072,1,burn_mark
B100365,M2,Day,10.6,226.83,51.0,123.89,61.9,84.6,14.13,78.91,8.43,15.76,30.46,0.0192,42.79,50.152,0,none
B100366,M4,Evening,4.3,223.5,45.67,145.94,62.76,108.8,20.11,77.72,5.2,15.04,24.93,0.0955,56.06,50.769,0,none
B100367,M3,Evening,6.5,230.8,47.48,122.56,65.38,125.3,25.94,85.62,4.57,17.18,27.6,0.0364,44.81,50.574,0,none
B100368,M2,Day,7.0,239.32,50.9,98.2,34.39,136.1,12.03,71.0,6.75,16.58,29.45,0.1462,39.27,49.096,1,short_shot
B100369,M5,Evening,10.5,236.21,64.92,107.3,46.13,119.4,9.21,35.0,6.77,23.86,35.79,0.028,49.8,48.743,0,none
B100370,M4,Night,6.6,254.74,65.92,115.72,39.51,126.1,12.94,64.83,7.62,12.52,25.1,0.0074,43.06,50.029,0,none
B100371,M2,Day,14.2,212.9,45.72,114.72,60.49,89.0,18.4,88.78,8.39,8.12,21.44,0.0685,46.73,49.923,1,burn_mark
B100372,M2,Night,6.4,239.69,49.82,122.28,46.49,97.2,18.96,66.1,6.02,10.29,21.76,0.0142,49.46,49.801,0,none
B100373,M2,Day,6.0,235.06,50.07,124.69,52.56,118.5,23.09,46.99,5.07,12.83,23.03,0.005,36.6,49.722,0,none
B100374,M1,Evening,6.3,243.16,63.1,145.96,42.09,132.8,13.85,75.39,2.65,21.41,31.29,0.1097,64.59,50.963,1,short_shot
B100375,M1,Evening,1.7,242.16,56.46,119.94,53.95,125.8,15.95,76.29,4.09,9.51,17.16,0.0237,58.13,50.245,0,none
B100376,M5,Day,2.9,233.35,55.93,102.72,43.14,98.8,11.15,61.27,5.81,10.18,22.11,0.0116,43.7,49.18,0,none
B100377,M2,Night,4.9,236.73,60.36,137.31,71.37,114.1,3.97,67.04,3.73,18.07,28.33,0.005,49.81,50.018,0,none
B100378,M2,Evening,11.5,227.56,49.04,138.95,67.19,157.8,13.84,59.83,3.12,20.25,28.41,0.1291,56.36,50.281,0,none
B100379,M4,Night,6.9,241.14,68.64,123.49,62.25,133.6,9.38,76.27,5.6,8.25,19.62,0.006,52.09,50.689,1,warpage
B100380,M3,Day,5.1,216.21,54.98,116.3,55.47,115.9,16.57,70.68,6.67,7.14,19.46,0.012,68.8,49.951,0,none
B100381,M5,Night,11.9,242.77,46.44,129.34,29.43,94.4,6.47,56.01,5.13,12.07,23.12,0.1518,47.61,50.812,1,burn_mark
B100382,M4,Night,13.2,234.77,52.7,116.83,53.13,102.2,11.04,69.89,6.85,19.29,32.79,0.0273,61.89,50.398,0,none
B100383,M2,Evening,12.0,230.13,67.32,89.16,48.58,120.2,15.07,61.2,6.42,16.72,29.71,0.0247,36.65,48.884,1,short_shot
B100384,M2,Day,3.6,232.67,50.75,128.45,63.71,126.9,15.49,87.53,7.22,12.25,24.87,0.005,38.19,51.187,0,none
B100385,M5,Evening,5.0,233.41,64.5,133.38,69.3,134.1,13.81,80.72,8.76,19.7,32.95,0.0816,66.84,50.764,1,short_shot
B100386,M4,Evening,14.3,247.97,48.75,141.62,64.87,129.7,21.47,68.53,9.42,16.62,32.21,0.0636,45.68,50.433,1,burn_mark
B100387,M5,Night,8.0,265.0,47.34,109.04,78.95,110.7,20.28,70.97,6.6,15.46,27.4,0.2432,38.33,49.717,1,burn_mark
B100388,M1,Evening,5.9,247.2,61.6,123.39,51.48,107.2,11.26,82.17,4.81,7.93,18.21,0.0713,49.52,50.666,1,burn_mark
B100389,M5,Day,9.9,229.35,46.26,123.72,50.85,171.2,20.44,67.92,5.59,12.15,23.96,0.1534,62.64,50.385,1,burn_mark
B100390,M3,Day,11.0,241.3,63.23,121.28,75.57,106.1,21.05,79.1,7.86,25.78,39.21,0.0646,42.36,50.079,0,none
B100391,M1,Evening,4.7,241.73,58.52,121.72,62.49,87.7,13.5,87.73,4.16,14.32,24.79,0.0206,49.58,50.142,0,none
B100392,M3,Night,7.9,225.75,46.26,120.56,56.3,79.0,14.18,64.11,7.67,11.22,27.4,0.1488,31.46,50.074,0,none
B100393,M3,Day,10.7,222.39,54.29,123.18,87.7,111.2,13.8,89.75,5.25,14.09,26.02,0.2134,45.31,49.633,1,burn_mark
B100394,M1,Evening,2.4,234.37,49.51,131.11,68.67,143.5,11.42,86.26,5.84,16.6,29.78,0.0401,59.97,50.669,0,none
B100395,M2,Night,7.0,243.08,58.49,138.3,57.14,105.6,11.82,72.98,4.29,20.42,31.22,0.0846,42.16,50.774,1,short_shot
B100396,M4,Day,2.5,218.88,73.88,108.66,49.71,156.9,19.28,64.67,3.51,19.11,28.7,0.1195,37.28,48.944,0,none
B100397,M2,Day,3.1,227.79,51.29,117.42,79.9,119.8,15.75,72.83,5.08,12.62,24.22,0.0339,42.24,50.294,0,none
B100398,M2,Evening,4.7,240.73,60.34,113.66,63.1,147.7,11.78,67.07,7.45,22.36,36.29,0.0302,43.9,49.812,0,none
B100399,M2,Evening,8.9,235.42,55.24,111.51,60.37,101.1,10.3,60.49,4.45,20.07,31.38,0.0262,57.65,49.143,1,warpage
B100400,M2,Day,5.7,249.16,55.24,95.76,70.14,101.4,10.97,76.39,7.92,13.77,27.75,0.1207,53.8,49.529,0,none
B100401,M5,Night,4.4,220.89,53.35,120.36,73.2,122.3,13.34,57.72,4.64,15.36,24.69,0.2346,55.73,48.816,1,burn_mark
B100402,M4,Evening,7.2,258.52,46.43,127.19,68.25,132.1,17.65,65.94,3.9,19.0,27.43,0.0313,50.28,50.531,0,none
B100403,M1,Night,2.4,219.62,58.35,117.67,73.26,115.5,10.56,66.1,5.88,21.37,33.72,0.1785,43.8,49.79,0,none
B100404,M5,Night,8.7,214.71,52.11,119.87,66.77,127.3,17.61,53.62,6.52,8.41,19.8,0.005,42.24,50.242,0,none
B100405,M5,Night,11.5,234.41,45.95,126.28,68.32,134.7,14.79,77.9,5.78,16.35,28.82,0.0966,54.32,50.289,0,none
B100406,M2,Evening,6.7,223.66,65.14,141.17,49.03,84.5,14.57,67.26,5.73,15.84,28.91,0.2085,65.89,50.289,1,burn_mark
B100407,M4,Day,6.2,234.61,55.99,113.7,87.16,111.5,18.1,85.59,7.9,13.15,26.83,0.0409,40.59,49.918,0,none
B100408,M1,Evening,8.5,234.26,52.72,102.43,41.49,107.0,17.37,67.06,5.64,13.12,25.97,0.0489,39.82,50.092,0,none
B100409,M5,Day,0.0,233.04,68.4,118.64,64.64,108.2,8.38,65.12,4.79,21.27,32.33,0.0793,38.64,49.961,0,none
B100410,M3,Evening,9.1,226.58,36.64,148.25,39.95,130.2,9.66,59.14,3.8,18.67,28.5,0.0329,58.32,50.996,1,short_shot
B100411,M3,Day,19.4,239.33,67.73,102.59,58.53,107.4,13.08,70.47,7.41,26.53,40.02,0.0704,49.58,49.833,0,none
B100412,M1,Evening,6.5,231.83,46.2,129.75,51.43,69.9,15.42,70.54,4.86,13.15,23.18,0.0466,55.55,50.519,0,none
B100413,M5,Day,6.5,246.04,57.12,137.37,62.04,114.1,19.46,78.9,5.01,16.69,26.73,0.005,44.92,50.354,0,none
B100414,M1,Day,10.0,233.2,49.12,84.52,65.13,93.4,14.26,70.8,7.08,17.55,28.98,0.0222,56.18,48.364,0,none
B100415,M1,Day,13.6,225.35,45.77,126.15,45.65,132.4,20.81,95.13,8.58,20.48,34.33,0.0157,47.12,50.133,0,none
B100416,M1,Evening,10.9,218.12,68.14,129.05,59.56,140.1,11.17,75.47,5.88,22.79,36.81,0.1081,34.55,49.713,0,none
B100417,M4,Night,0.0,233.28,73.56,115.99,80.91,65.6,11.85,58.16,5.29,16.47,26.27,0.0519,59.23,49.029,0,none
B100418,M1,Day,9.3,222.31,52.79,110.3,40.32,100.6,12.78,57.14,5.49,10.53,20.84,0.005,49.64,50.109,0,none
B100419,M5,Night,17.3,221.5,58.35,111.14,47.19,128.8,10.73,76.42,4.82,12.45,22.46,0.0367,46.9,49.541,0,none
B100420,M3,Night,9.5,240.27,55.57,115.07,72.91,84.8,18.64,57.78,4.97,16.71,26.92,0.005,52.81,49.593,0,none
B100421,M1,Day,2.4,217.22,72.31,115.47,61.16,139.6,3.0,77.14,4.97,21.61,32.86,0.0129,35.56,49.643,0,none
B100422,M1,Evening,8.1,249.12,33.87,112.64,62.27,146.2,11.99,80.75,6.87,8.77,21.02,0.0581,54.31,50.251,1,warpage
B100423,M1,Evening,1.9,236.6,58.77,114.83,75.33,115.9,18.59,81.04,5.37,10.15,21.32,0.0534,44.04,49.961,0,none
B100424,M3,Day,11.9,234.56,47.73,137.86,48.09,100.7,12.75,59.57,7.54,19.79,32.48,0.0599,48.44,50.0,0,none
B100425,M4,Evening,3.2,224.65,31.44,101.78,52.21,62.2,18.29,81.06,5.33,9.53,20.38,0.0661,61.39,49.807,1,burn_mark
B100426,M1,Day,7.3,242.64,51.39,93.76,50.36,140.4,22.79,73.87,4.95,10.37,21.26,0.1287,56.42,49.263,1,short_shot
B100427,M4,Night,3.6,234.97,73.48,138.1,54.78,170.1,14.32,62.71,7.42,21.68,34.96,0.0859,48.24,50.199,0,none
B100428,M1,Night,4.8,228.14,48.44,117.12,80.09,164.9,18.68,68.09,5.53,14.89,28.41,0.0091,48.99,49.464,0,none
B100429,M4,Night,12.9,237.0,62.91,114.18,34.48,115.1,23.68,75.66,5.31,14.51,25.79,0.0978,25.0,50.507,0,none
B100430,M5,Evening,7.4,218.17,66.99,118.33,42.09,92.7,15.61,61.93,5.55,22.84,34.18,0.0167,41.78,49.497,1,burn_mark
B100431,M4,Evening,4.8,218.65,54.87,123.14,39.51,140.9,13.81,73.62,7.7,10.69,21.89,0.0344,51.67,50.158,0,none
B100432,M3,Night,2.4,223.8,56.2,112.14,81.03,116.8,17.61,87.35,5.96,9.68,21.88,0.0206,42.36,49.874,0,none
B100433,M4,Day,0.0,238.5,37.84,127.59,50.78,132.0,18.74,81.57,7.37,24.15,35.55,0.0981,36.74,50.694,0,none
B100434,M1,Day,2.0,234.97,47.84,105.57,55.1,127.6,13.84,70.98,5.15,17.17,28.87,0.0572,54.8,49.706,0,none
B100435,M1,Evening,7.4,245.49,64.07,115.47,35.78,122.3,12.06,72.81,7.13,19.4,32.68,0.0223,63.06,49.829,0,none
B100436,M1,Day,10.9,225.8,55.61,86.78,56.06,145.7,20.87,63.54,5.86,14.44,27.1,0.005,42.79,48.82,0,none
B100437,M3,Day,4.8,240.75,58.67,137.58,73.0,146.6,12.92,63.88,6.82,15.47,27.66,0.0639,58.75,50.041,0,none
B100438,M4,Day,13.3,233.86,56.33,117.36,63.79,106.9,18.77,51.55,6.95,12.48,25.46,0.0111,57.25,48.881,0,none
B100439,M3,Evening,4.1,225.57,76.92,130.05,58.38,96.9,15.05,73.01,4.09,17.59,28.35,0.0758,40.23,50.075,0,none
B100440,M5,Day,6.0,238.85,50.69,127.15,36.53,57.5,21.31,78.19,5.61,20.16,30.84,0.1578,42.72,50.489,1,burn_mark
B100441,M1,Day,2.7,234.34,71.05,128.25,55.08,111.3,10.6,69.15,6.94,16.98,30.53,0.1042,68.03,51.306,0,none
B100442,M4,Day,11.0,228.71,56.34,119.88,62.2,92.7,10.6,59.47,7.17,21.3,35.04,0.0461,38.83,50.011,0,none
B100443,M1,Day,15.4,235.42,71.94,125.82,45.12,130.5,17.42,70.79,7.38,19.31,32.56,0.013,43.91,50.62,1,short_shot
B100444,M2,Night,0.0,233.7,42.75,105.58,69.82,111.6,9.48,86.1,5.66,10.76,23.99,0.0257,69.66,49.629,0,none
B100445,M4,Day,5.6,233.46,56.85,102.43,73.28,114.3,14.47,80.78,7.81,15.28,29.6,0.1172,44.31,49.468,0,none
B100446,M5,Evening,12.1,230.87,51.06,118.48,52.07,140.3,20.19,69.65,4.51,13.76,22.6,0.042,63.53,50.865,0,none
B100447,M3,Night,1.2,221.95,56.39,109.8,70.89,129.9,6.86,94.57,3.26,19.77,30.01,0.0129,39.78,49.658,0,none
B100448,M1,Day,9.3,235.75,67.22,141.38,58.35,117.1,15.61,102.38,5.08,18.31,28.73,0.0155,51.38,51.406,0,none
B100449,M3,Night,11.9,226.97,58.79,125.63,77.21,162.2,18.85,64.24,7.29,16.64,30.73,0.0426,60.86,50.406,0,none
B100450,M1,Evening,7.3,224.8,67.2,109.25,90.51,138.5,13.9,67.05,3.87,21.07,31.23,0.0667,45.33,48.907,0,none
B100451,M5,Evening,9.2,232.59,48.3,115.93,43.6,109.6,10.29,78.32,3.3,6.67,13.33,0.0068,51.0,50.225,0,none
B100452,M4,Day,14.0,242.34,46.77,122.0,71.54,110.7,12.95,59.04,2.92,12.98,22.51,0.0653,57.44,49.829,0,none
B100453,M1,Day,14.8,236.86,55.16,118.98,79.57,139.7,10.65,80.19,6.6,13.41,25.79,0.0678,40.98,49.694,1,short_shot
B100454,M1,Night,6.8,229.69,54.61,124.08,45.44,125.1,14.28,71.22,3.33,17.26,26.13,0.0225,72.4,50.484,0,none
B100455,M1,Night,4.9,229.29,53.14,121.03,51.37,92.0,12.89,74.46,6.32,18.76,30.67,0.0586,60.38,49.73,1,burn_mark
B100456,M5,Night,3.3,241.36,45.41,99.14,51.2,142.4,11.95,63.09,5.01,15.99,27.79,0.0251,46.43,49.691,1,short_shot
B100457,M2,Night,10.9,211.03,66.99,87.74,58.01,151.4,15.86,60.55,4.34,9.43,18.85,0.0161,47.65,48.654,0,none
B100458,M4,Day,1.5,242.97,51.37,114.4,54.65,149.5,20.32,46.17,4.0,18.03,29.15,0.0411,69.12,49.843,0,none
B100459,M3,Night,6.0,216.26,69.26,128.41,57.03,158.6,15.31,87.82,5.81,16.64,26.93,0.005,46.45,50.289,1,burn_mark
B100460,M3,Evening,7.4,220.85,55.13,114.56,72.57,171.7,19.37,81.3,4.37,8.66,19.32,0.0172,45.28,49.861,0,none
B100461,M1,Night,5.0,229.86,61.48,138.55,31.56,163.2,20.32,78.08,5.49,14.52,26.79,0.1414,61.46,51.284,1,burn_mark
B100462,M5,Day,8.1,256.7,60.58,119.3,45.39,128.5,11.65,74.18,6.1,17.87,30.72,0.1453,35.99,50.041,1,burn_mark
B100463,M2,Day,17.3,251.77,46.76,140.36,70.05,114.8,15.1,42.35,6.42,24.27,36.87,0.005,49.22,49.786,1,burn_mark
B100464,M3,Night,6.5,242.06,58.67,137.28,68.29,74.3,12.3,60.99,6.9,10.55,23.25,0.005,50.84,50.565,1,burn_mark
B100465,M3,Night,5.3,238.57,74.28,135.77,44.12,120.3,8.07,66.93,5.75,19.95,31.15,0.005,42.96,50.912,1,short_shot
B100466,M3,Evening,11.1,216.38,57.52,101.95,68.4,133.0,15.42,57.02,3.92,10.62,19.32,0.005,34.34,48.883,1,burn_mark
B100467,M5,Day,8.0,236.57,64.01,120.26,79.9,121.1,9.79,49.68,6.2,9.65,21.16,0.098,50.69,49.748,0,none
B100468,M1,Day,12.8,229.51,61.93,138.34,59.26,72.8,15.94,58.27,6.48,9.94,21.46,0.0458,56.88,50.114,0,none
B100469,M3,Night,7.7,226.83,58.07,124.09,44.88,112.8,7.78,70.59,5.23,19.03,29.13,0.0332,43.21,50.607,0,none
B100470,M2,Evening,6.0,236.55,56.86,128.32,73.12,136.1,14.68,70.59,5.07,16.65,29.52,0.0846,38.2,50.128,1,burn_mark
B100471,M2,Evening,0.0,230.29,60.47,99.18,85.85,94.4,7.72,80.89,9.21,14.43,27.92,0.0806,62.56,48.992,0,none
B100472,M1,Evening,0.5,243.69,62.63,148.78,46.71,124.1,16.7,94.76,3.56,18.29,28.98,0.0538,55.28,52.121,1,short_shot
B100473,M1,Evening,0.0,215.64,41.48,108.13,60.59,130.8,12.43,78.23,6.24,16.2,27.21,0.1623,46.38,49.802,1,burn_mark
B100474,M2,Evening,8.5,235.75,57.47,90.08,76.35,147.9,12.04,67.89,7.07,16.55,28.6,0.0377,59.21,48.751,0,none
B100475,M2,Evening,1.6,226.21,53.16,114.73,61.73,162.8,18.51,91.6,4.99,14.48,24.43,0.0518,52.42,49.974,0,none
B100476,M2,Night,12.0,230.9,51.08,83.29,33.79,110.6,12.71,51.02,5.25,10.86,21.0,0.0666,67.89,48.93,0,none
B100477,M3,Night,7.1,238.05,67.96,103.72,66.65,124.6,14.44,45.05,4.9,24.46,36.28,0.0445,56.64,48.642,0,none
B100478,M3,Night,6.0,223.83,47.67,158.38,45.32,125.4,13.21,59.36,5.5,23.0,35.09,0.0599,36.1,51.03,1,short_shot
B100479,M2,Evening,3.6,236.64,41.05,114.3,40.94,136.2,16.03,79.75,6.85,23.95,36.57,0.019,43.41,50.18,0,none
B100480,M2,Evening,9.5,232.88,62.96,98.58,34.08,133.4,18.17,72.02,5.2,13.3,27.21,0.0747,43.89,49.7,0,none
B100481,M1,Evening,3.8,228.39,40.8,120.38,77.86,155.6,17.34,56.46,10.17,12.59,28.74,0.005,53.1,48.755,0,none
B100482,M3,Night,3.1,230.29,35.72,106.53,47.48,61.7,12.13,61.27,4.82,13.93,24.81,0.0483,46.97,49.159,0,none
B100483,M2,Evening,11.8,233.45,64.08,132.97,65.0,130.5,18.84,55.1,7.57,21.37,34.25,0.006,38.73,50.107,0,none
B100484,M1,Evening,8.4,227.32,56.59,106.66,68.68,132.2,10.33,55.1,6.32,16.0,27.51,0.005,55.89,49.468,0,none
B100485,M2,Evening,6.1,235.07,59.73,124.06,62.43,114.1,11.03,88.61,5.66,13.28,24.41,0.0065,60.0,50.425,0,none
B100486,M2,Evening,9.6,232.22,50.58,102.79,64.45,63.4,13.49,68.28,7.71,17.82,32.38,0.0299,48.97,49.616,0,none
B100487,M1,Evening,7.0,228.89,41.16,158.99,65.72,118.5,18.19,91.23,3.1,12.32,21.99,0.2042,52.09,50.927,1,burn_mark
B100488,M3,Day,8.5,250.9,43.14,127.55,62.07,102.2,9.32,59.32,6.14,9.22,22.65,0.1294,40.32,50.074,1,burn_mark
B100489,M3,Evening,3.7,239.15,52.28,117.82,48.6,161.9,17.57,75.89,4.43,16.65,26.35,0.0196,44.77,50.327,0,none
B100490,M4,Evening,15.3,231.17,42.28,115.61,47.26,129.4,13.78,72.72,4.85,13.42,24.86,0.35,45.18,49.971,1,burn_mark
B100491,M3,Day,4.7,236.46,58.07,111.7,58.43,100.1,12.27,80.56,4.78,15.93,27.01,0.0155,55.59,50.267,0,none
B100492,M3,Night,13.2,224.73,50.38,108.59,58.11,68.7,18.39,73.05,4.05,4.0,14.49,0.0267,52.56,49.494,1,warpage
B100493,M2,Evening,6.2,230.63,56.85,108.17,66.44,134.8,10.79,81.82,3.02,11.54,19.7,0.0405,46.7,49.665,0,none
B100494,M4,Day,10.2,231.8,56.55,145.17,76.52,137.4,23.14,76.65,6.08,15.77,26.82,0.0102,46.31,50.904,0,none
B100495,M3,Night,9.9,222.53,58.87,111.71,65.16,114.6,13.29,56.9,5.4,8.42,20.36,0.0226,30.32,49.063,0,none
B100496,M2,Evening,11.6,238.87,59.99,88.06,47.84,135.1,14.6,78.79,5.05,8.59,20.51,0.0582,66.06,49.08,1,short_shot
B100497,M3,Night,3.6,229.94,51.56,102.51,27.28,111.3,20.17,68.76,6.64,16.19,28.21,0.0111,29.15,49.865,0,none
B100498,M2,Day,11.3,231.45,56.84,133.92,48.47,146.7,14.7,60.68,6.18,19.51,32.29,0.014,54.22,49.956,0,none
B100499,M3,Night,14.4,229.31,57.36,116.22,39.83,144.8,18.76,78.33,5.1,11.54,23.84,0.0887,50.38,50.666,0,none
B100500,M4,Evening,6.0,264.59,30.71,117.99,49.04,79.0,6.19,81.06,10.08,14.69,30.4,0.064,47.34,50.07,1,burn_mark
B100501,M5,Evening,7.1,228.37,61.47,137.55,63.63,85.1,12.23,64.2,7.03,14.8,26.39,0.027,49.92,50.17,0,none
B100502,M5,Day,4.9,214.31,56.5,108.34,61.27,170.8,15.59,65.79,9.17,8.19,22.04,0.0214,43.37,49.812,0,none
B100503,M3,Evening,5.6,219.0,60.64,129.49,87.87,143.3,18.33,53.35,4.88,21.92,32.12,0.0642,56.53,50.125,0,none
B100504,M3,Evening,13.8,242.59,42.13,109.98,67.25,88.4,17.08,48.34,5.87,15.09,26.51,0.1169,36.86,49.276,0,none
B100505,M4,Evening,3.0,248.36,51.84,128.64,88.64,80.7,16.7,67.09,3.64,15.14,24.75,0.0887,53.28,50.501,0,none
B100506,M2,Evening,3.2,228.18,44.08,114.13,70.73,125.2,18.24,79.5,5.0,17.86,28.85,0.0691,43.22,50.076,0,none
B100507,M4,Night,13.4,247.79,62.45,116.38,76.29,91.4,15.9,63.12,4.62,8.2,18.55,0.0476,45.73,49.611,0,none
B100508,M2,Evening,9.5,242.42,40.95,132.3,54.62,112.1,5.43,87.13,9.99,20.6,37.27,0.0504,46.0,51.04,0,none
B100509,M1,Day,15.5,233.11,45.71,131.22,43.88,118.8,19.77,67.54,4.46,21.25,30.95,0.0444,48.35,50.119,0,none
B100510,M1,Night,5.2,232.4,60.34,117.52,53.27,117.7,10.65,67.59,5.15,16.7,29.12,0.1245,55.02,49.359,0,none
B100511,M4,Evening,7.5,236.81,48.71,112.93,59.82,148.2,15.25,66.53,3.32,18.31,28.57,0.0382,49.64,49.924,1,short_shot
B100512,M1,Night,4.4,243.77,45.72,143.99,50.58,165.9,14.72,81.78,6.3,14.37,27.54,0.028,59.33,51.378,0,none
B100513,M2,Night,7.6,238.97,64.07,128.84,44.98,108.0,14.19,58.49,4.15,20.32,29.81,0.1203,60.45,49.83,0,none
B100514,M2,Night,0.0,228.23,64.48,114.13,66.25,91.7,9.58,68.45,6.88,11.89,24.65,0.1498,53.09,49.579,1,burn_mark
B100515,M1,Night,9.7,233.26,62.22,110.2,44.92,129.7,6.25,63.43,2.82,15.84,25.38,0.0089,56.83,49.284,0,none
B100516,M2,Evening,8.3,254.81,63.49,135.37,37.0,160.8,9.99,63.26,5.32,16.14,27.25,0.2106,70.25,50.692,1,burn_mark
B100517,M4,Day,6.8,237.51,52.68,121.73,43.17,109.9,17.3,70.42,2.73,15.81,23.84,0.1488,35.87,50.114,0,none
B100518,M1,Evening,5.4,243.69,52.95,117.55,56.48,141.3,8.21,68.64,4.76,21.35,31.37,0.0634,60.76,50.324,0,none
B100519,M4,Night,3.4,240.4,48.52,121.72,45.14,99.1,10.48,82.62,5.07,26.94,37.32,0.0322,65.45,50.359,1,burn_mark
B100520,M5,Evening,9.9,237.73,56.68,125.07,56.58,120.5,15.67,69.87,4.6,15.45,24.89,0.0282,54.34,49.783,0,none
B100521,M2,Night,2.3,236.09,49.72,119.15,69.01,91.0,9.89,76.66,4.75,18.35,31.97,0.0954,69.04,50.634,0,none
B100522,M1,Day,9.0,243.97,50.67,138.06,68.62,120.3,11.83,72.07,6.96,11.99,22.99,0.0678,67.74,50.805,1,burn_mark
B100523,M3,Day,15.3,242.19,61.0,138.89,50.09,117.1,14.33,86.85,8.76,21.16,34.94,0.0266,46.63,51.424,0,none
B100524,M1,Evening,12.9,237.64,66.85,127.98,40.44,135.2,15.13,66.37,6.01,13.41,26.02,0.0176,47.4,50.615,0,none
B100525,M2,Evening,1.0,228.06,58.98,140.62,51.37,164.5,9.81,66.41,4.21,31.73,41.25,0.094,55.31,50.858,0,none
B100526,M5,Day,4.9,238.86,72.94,120.13,69.83,110.3,14.56,78.94,5.6,7.65,18.89,0.0193,43.76,50.295,0,none
B100527,M5,Day,8.7,234.33,47.94,130.35,73.34,70.0,15.6,66.21,4.97,26.74,38.1,0.0663,75.0,50.254,0,none
B100528,M4,Night,6.7,231.92,36.62,135.07,65.29,114.9,8.91,75.98,6.83,20.96,34.82,0.0447,57.89,50.517,0,none
B100529,M2,Evening,1.4,261.79,62.15,135.29,78.02,127.5,14.86,98.05,5.93,10.39,22.05,0.1142,50.47,51.088,1,burn_mark
B100530,M3,Day,8.5,219.61,47.28,133.74,85.94,125.0,11.13,58.25,3.13,27.6,37.65,0.1152,35.9,49.997,0,none
B100531,M4,Day,7.0,244.59,52.26,129.47,52.75,116.1,14.5,88.38,7.15,11.36,22.81,0.0189,52.52,50.775,0,none
B100532,M2,Evening,14.7,226.37,37.3,149.36,82.3,157.2,16.89,64.09,6.95,14.43,26.77,0.0797,38.14,50.451,1,short_shot
B100533,M3,Day,6.0,236.31,46.01,111.9,56.09,123.4,13.29,86.05,7.74,9.52,23.75,0.0183,57.6,50.266,1,warpage
B100534,M1,Evening,11.7,260.69,39.98,117.67,75.3,117.4,17.65,78.23,4.73,15.27,27.97,0.0076,25.0,50.486,1,burn_mark
B100535,M1,Night,1.9,225.38,50.66,116.78,70.63,100.6,17.16,77.2,5.95,15.74,26.72,0.0912,63.84,49.442,0,none
B100536,M3,Day,2.9,227.76,51.05,114.48,30.34,76.3,17.63,68.19,3.72,20.15,28.73,0.0551,45.76,50.057,0,none
B100537,M1,Evening,9.9,234.82,55.9,90.17,45.51,128.2,15.61,66.99,5.42,28.19,39.96,0.005,33.08,48.83,0,none
B100538,M1,Day,11.3,226.53,67.4,140.62,41.68,126.1,18.4,61.34,6.1,13.44,25.58,0.0119,49.84,50.564,0,none
B100539,M4,Day,3.2,243.84,61.77,104.61,33.27,93.5,15.54,70.08,4.55,4.0,13.83,0.0087,50.17,50.213,1,warpage
B100540,M5,Night,7.1,229.65,38.78,122.55,73.19,118.9,7.33,67.79,6.01,19.24,30.04,0.021,49.36,50.45,0,none
B100541,M3,Evening,1.5,241.54,61.08,98.67,91.03,116.4,10.83,72.29,5.75,13.25,24.49,0.0659,63.8,49.396,0,none
B100542,M4,Night,6.3,221.71,56.12,129.31,56.13,104.4,13.15,53.07,4.83,25.09,36.44,0.0709,53.81,50.082,0,none
B100543,M5,Day,10.3,216.93,54.02,108.22,72.81,100.2,13.65,70.27,7.6,15.83,29.09,0.0462,57.96,48.872,1,burn_mark
B100544,M1,Day,5.3,232.71,54.77,102.96,82.27,130.1,15.43,85.15,5.15,12.2,24.52,0.0462,47.51,49.723,0,none
B100545,M2,Evening,6.0,219.31,57.05,122.92,63.12,114.4,10.77,81.33,5.7,10.94,22.5,0.1472,54.27,49.657,1,burn_mark
B100546,M2,Evening,2.5,250.18,48.08,109.49,59.62,105.2,22.03,70.28,3.3,19.11,29.02,0.1,36.92,50.343,0,none
B100547,M1,Night,4.4,219.7,53.18,111.39,56.31,98.5,13.59,100.75,6.28,14.62,27.18,0.0819,52.58,49.791,0,none
B100548,M4,Day,14.0,224.62,66.84,122.58,68.06,116.8,13.97,63.07,4.78,23.34,33.72,0.2629,42.42,49.36,1,burn_mark
B100549,M2,Night,7.3,239.14,47.96,132.0,73.12,143.1,11.32,68.96,6.94,14.95,28.72,0.1207,63.2,50.534,0,none
B100550,M2,Night,3.0,229.14,44.7,107.72,66.93,125.2,9.99,52.59,3.53,23.07,31.39,0.0407,50.76,49.714,1,short_shot
B100551,M1,Evening,5.7,219.82,54.38,105.13,66.41,114.1,13.49,65.16,6.15,9.1,20.69,0.0366,56.63,49.535,1,burn_mark
B100552,M1,Day,0.6,255.4,43.69,120.35,59.23,127.7,14.11,91.45,2.23,7.31,15.12,0.0881,52.62,50.629,1,burn_mark
B100553,M5,Evening,2.9,224.98,37.77,128.09,36.11,154.1,13.65,65.61,6.42,20.15,32.95,0.209,68.06,49.897,1,burn_mark
B100554,M1,Day,12.4,233.04,51.56,141.94,73.47,132.3,20.62,51.67,5.24,13.68,25.55,0.0133,34.4,49.978,0,none
B100555,M1,Night,6.4,232.91,69.49,103.93,40.73,126.5,13.49,80.46,6.1,14.68,25.97,0.0395,48.86,49.932,0,none
B100556,M2,Evening,14.6,242.1,54.61,115.23,69.29,136.0,13.66,74.67,4.6,10.94,20.58,0.005,40.4,49.937,0,none
B100557,M2,Night,6.6,239.62,56.79,137.64,71.34,116.0,17.26,79.97,4.08,10.57,20.73,0.0479,29.5,50.324,0,none
B100558,M3,Evening,6.9,226.73,33.7,149.6,42.89,124.6,13.32,66.44,4.85,19.18,28.49,0.0258,39.75,51.314,1,short_shot
B100559,M2,Evening,9.6,231.74,59.38,105.1,50.88,107.8,16.16,57.91,5.79,15.91,28.7,0.0136,61.72,49.811,0,none
B100560,M1,Evening,0.0,232.73,55.93,108.92,91.82,81.2,8.88,67.8,6.36,10.7,22.84,0.005,49.7,49.931,0,none
B100561,M1,Evening,7.8,242.49,48.35,125.72,58.81,128.6,8.92,76.66,5.96,19.95,30.74,0.1052,47.8,49.848,0,none
B100562,M4,Night,6.8,223.32,56.8,111.33,41.7,128.7,14.49,69.13,4.09,21.87,30.78,0.046,57.74,49.447,1,burn_mark
B100563,M3,Day,12.9,255.18,56.7,108.61,72.01,112.8,13.07,74.66,8.26,15.46,30.03,0.0971,51.15,50.022,1,burn_mark
B100564,M3,Night,10.9,227.41,44.41,123.67,48.41,145.9,10.76,63.56,6.0,21.02,33.3,0.0135,56.13,49.985,0,none
B100565,M3,Night,2.5,234.91,58.32,143.24,31.19,102.0,14.49,75.1,4.57,10.99,20.79,0.0133,53.23,50.929,0,none
B100566,M4,Night,12.0,223.4,66.97,100.36,67.8,75.7,14.84,69.96,6.14,18.89,30.91,0.005,55.43,48.858,0,none
B100567,M1,Evening,6.0,222.02,52.72,142.48,46.25,102.6,11.16,61.53,5.88,16.81,27.56,0.0217,45.5,50.098,0,none
B100568,M2,Night,3.4,226.26,46.32,111.38,64.82,81.5,11.92,71.68,5.24,12.04,23.02,0.1337,60.47,50.305,0,none
B100569,M3,Day,7.8,225.29,53.22,125.19,47.81,128.5,14.87,65.36,5.06,26.27,38.8,0.0142,37.88,49.54,1,burn_mark
B100570,M2,Night,6.2,230.86,63.55,143.86,70.61,101.2,9.92,77.41,6.98,17.16,32.27,0.0187,49.14,50.151,0,none
B100571,M4,Day,13.2,225.21,42.74,124.88,62.75,144.6,11.58,80.48,8.09,13.05,26.93,0.005,60.97,49.766,0,none
B100572,M2,Day,8.4,241.96,60.79,115.54,21.16,144.1,16.14,76.02,2.45,16.1,24.98,0.1728,48.46,50.546,0,none
B100573,M4,Evening,7.8,227.17,48.22,130.77,65.73,96.9,13.9,50.38,7.35,11.65,25.39,0.0132,45.69,49.66,0,none
B100574,M5,Day,10.6,226.06,57.42,117.4,55.65,99.8,12.09,58.42,5.53,10.22,20.02,0.0318,72.88,49.745,0,none
B100575,M3,Day,11.4,231.07,49.36,127.82,81.25,133.4,10.39,62.36,5.86,13.75,24.46,0.0578,64.19,49.563,0,none
B100576,M5,Night,10.1,244.93,49.33,116.93,65.93,144.5,9.95,60.44,7.53,14.09,25.3,0.0107,51.42,49.837,1,burn_mark
B100577,M3,Day,12.7,237.15,70.23,132.92,71.34,69.7,13.47,63.49,1.52,11.98,19.95,0.202,40.3,50.206,0,none
B100578,M5,Evening,9.4,234.0,40.91,99.09,49.34,127.0,22.1,81.1,6.72,22.26,36.92,0.0088,29.65,50.237,0,none
B100579,M2,Day,7.7,220.67,59.85,104.8,48.15,65.1,16.26,78.38,7.42,12.17,26.66,0.0061,57.09,50.238,1,burn_mark
B100580,M2,Night,12.0,223.57,72.31,98.87,59.62,106.3,8.67,64.91,4.47,11.34,21.85,0.0184,62.66,49.044,0,none
B100581,M3,Night,6.6,222.22,61.86,119.15,54.59,147.3,16.83,77.1,3.41,10.07,19.38,0.0111,53.96,50.278,1,burn_mark
B100582,M1,Evening,7.1,248.07,41.69,97.06,80.07,195.2,10.96,73.95,7.96,9.59,23.2,0.0061,32.89,49.443,1,burn_mark
B100583,M2,Evening,13.9,240.31,42.18,109.62,57.7,114.0,13.98,69.61,2.87,21.14,31.06,0.028,51.6,50.053,0,none
B100584,M5,Night,13.5,226.38,47.48,103.39,41.63,88.8,11.64,83.78,6.13,17.29,29.63,0.0545,45.13,49.966,1,burn_mark
B100585,M3,Night,7.0,229.36,56.58,142.2,47.59,107.2,22.09,62.06,7.03,19.45,32.55,0.0146,51.62,50.804,0,none
B100586,M1,Day,5.2,226.75,57.26,105.14,74.48,121.7,9.46,70.63,6.09,21.09,32.08,0.03,69.43,49.597,0,none
B100587,M2,Evening,12.9,226.14,42.28,100.7,57.49,103.2,15.25,57.39,6.35,14.33,27.28,0.1206,57.89,49.21,1,burn_mark
B100588,M1,Night,10.2,239.6,46.27,123.73,56.69,96.9,11.26,57.96,5.1,23.36,34.31,0.0428,55.76,50.021,0,none
B100589,M1,Day,8.3,232.12,46.89,145.3,75.9,109.3,16.96,53.67,6.19,12.87,25.46,0.016,49.55,50.595,0,none
B100590,M5,Night,5.7,255.81,53.19,118.26,46.28,129.9,15.17,58.17,4.44,10.52,21.96,0.0349,54.14,50.113,1,burn_mark
B100591,M2,Day,8.3,247.5,74.85,119.42,26.47,115.8,19.02,71.0,4.63,17.87,26.86,0.0058,42.77,50.324,0,none
B100592,M2,Night,6.9,248.09,45.67,139.36,47.21,98.0,16.87,66.37,5.55,16.72,27.98,0.1129,55.55,50.289,0,none
B100593,M3,Day,4.3,241.71,45.23,133.17,63.63,103.2,11.23,66.76,3.19,16.71,25.46,0.0272,48.07,50.544,0,none
B100594,M1,Day,7.5,230.77,43.67,126.38,56.26,109.7,25.66,66.41,6.37,21.08,32.91,0.0086,41.78,50.336,0,none
B100595,M2,Night,8.1,240.98,61.36,111.26,36.59,95.0,16.22,91.27,1.78,16.53,23.19,0.0323,58.15,49.884,0,none
B100596,M4,Night,5.5,231.51,54.59,126.84,75.24,102.3,11.8,56.35,6.04,17.57,28.88,0.0404,27.68,49.513,0,none
B100597,M3,Night,10.6,251.3,46.04,99.59,62.45,136.1,14.82,55.07,6.19,22.8,33.88,0.0601,44.55,49.572,0,none
B100598,M5,Night,12.2,239.04,51.37,110.64,65.84,114.2,16.52,59.85,4.31,17.33,28.47,0.0203,56.13,49.468,0,none
B100599,M3,Evening,10.9,237.62,47.08,141.47,66.29,76.2,16.37,69.14,3.65,18.47,28.5,0.0203,62.25,50.623,0,none
B100600,M2,Day,5.9,236.27,57.96,139.53,40.52,145.6,15.98,76.18,4.89,8.91,20.11,0.0407,54.72,51.243,1,warpage
B100601,M4,Day,10.0,252.4,81.84,126.56,64.54,130.4,17.87,77.42,6.46,32.0,42.53,0.0054,43.28,50.523,0,none
B100602,M5,Evening,7.3,220.66,60.51,91.06,73.61,85.4,17.47,81.34,6.02,8.05,22.01,0.1257,49.49,49.142,1,burn_mark
B100603,M4,Day,2.1,253.38,54.07,101.88,77.1,110.9,10.61,68.7,3.83,13.3,22.73,0.0201,52.91,49.157,0,none
B100604,M5,Night,9.7,233.14,48.35,109.81,70.82,100.2,22.43,65.24,5.66,13.15,26.56,0.0053,65.61,49.586,0,none
B100605,M4,Day,7.6,220.94,41.57,117.42,67.7,136.9,21.88,89.6,5.89,26.54,39.18,0.1116,59.21,49.558,0,none
B100606,M5,Day,17.4,227.48,62.34,101.24,33.94,110.7,17.2,36.59,5.83,13.0,24.59,0.105,59.28,48.463,0,none
B100607,M1,Day,12.8,218.49,61.79,116.31,59.78,118.2,14.15,70.75,4.02,18.21,30.27,0.35,50.65,49.483,1,burn_mark
B100608,M4,Day,9.8,241.54,50.34,146.51,45.65,115.3,14.22,75.16,5.73,13.19,25.49,0.1069,39.29,51.332,0,none
B100609,M2,Day,8.0,224.62,67.13,126.01,79.23,83.0,12.7,92.48,6.88,10.8,23.45,0.0146,35.94,50.3,1,burn_mark
B100610,M3,Evening,7.7,236.69,55.21,123.28,76.96,155.1,13.22,50.07,6.31,18.85,30.77,0.0665,46.99,49.279,0,none
B100611,M3,Day,3.0,246.34,62.75,104.74,45.74,136.6,5.25,64.96,6.12,12.41,25.55,0.0374,56.99,50.061,0,none
B100612,M5,Evening,0.0,228.28,57.96,95.42,59.31,101.3,20.12,53.71,7.96,17.04,30.47,0.1635,44.98,48.954,0,none
B100613,M5,Night,3.5,232.32,53.23,101.58,63.73,124.8,18.71,48.42,5.75,19.13,30.51,0.1862,55.72,49.304,0,none
B100614,M2,Evening,6.8,221.97,45.45,94.81,73.51,144.4,7.29,67.55,4.24,25.53,35.17,0.026,42.05,48.553,0,none
B100615,M4,Evening,0.0,231.12,53.54,121.13,34.87,121.4,17.56,80.0,4.24,9.69,19.18,0.0222,43.6,50.929,0,none
B100616,M4,Day,4.8,260.74,63.42,125.76,26.86,158.9,13.97,84.47,5.76,15.24,26.31,0.0805,64.08,51.733,1,burn_mark
B100617,M2,Day,6.0,242.78,49.92,105.52,60.57,192.9,13.2,63.62,3.34,15.44,26.56,0.005,57.67,49.868,0,none
B100618,M1,Day,6.1,232.35,59.4,122.22,22.03,116.8,15.97,78.0,5.03,16.0,28.05,0.0287,46.94,50.737,1,burn_mark
B100619,M1,Night,4.4,228.88,44.17,142.03,62.38,105.4,7.03,67.63,6.2,28.84,41.28,0.1715,41.69,50.672,0,none
B100620,M4,Evening,5.6,234.57,62.8,149.37,68.88,95.3,13.96,76.68,7.26,15.13,27.84,0.0329,59.49,51.035,0,none
B100621,M2,Day,13.9,236.3,58.13,131.56,78.54,64.7,14.32,83.85,3.18,4.0,12.63,0.0201,58.76,49.977,0,none
B100622,M5,Evening,9.6,230.81,42.98,117.38,50.66,151.2,14.32,67.67,5.65,15.01,26.29,0.0235,56.39,49.696,0,none
B100623,M2,Night,4.8,240.3,52.76,131.07,62.42,111.2,8.53,82.92,5.4,15.41,28.59,0.0071,48.22,50.61,0,none
B100624,M5,Evening,6.7,225.47,64.31,140.28,69.77,141.9,15.79,55.44,5.56,14.79,26.64,0.1229,39.05,49.716,0,none
B100625,M2,Evening,6.9,225.42,42.41,89.89,42.36,146.9,18.24,77.88,5.71,12.41,24.87,0.017,49.85,49.789,0,none
B100626,M4,Night,3.9,238.7,44.29,142.23,73.73,93.0,15.63,82.4,5.45,9.39,21.05,0.0166,64.08,51.008,1,short_shot
B100627,M1,Evening,3.9,223.31,54.31,111.83,64.12,96.7,13.08,81.16,7.59,26.8,39.5,0.0391,40.91,50.386,0,none
B100628,M3,Evening,11.0,242.29,76.33,111.98,50.92,163.6,24.76,55.78,7.37,17.59,31.06,0.036,50.47,49.952,0,none
B100629,M4,Day,5.3,234.86,48.27,114.68,62.12,118.2,10.3,67.53,8.71,15.04,28.68,0.0493,66.36,49.279,1,flash
B100630,M5,Day,2.6,216.72,59.95,124.8,57.91,103.5,17.09,73.63,5.48,26.64,39.32,0.1905,46.96,50.421,1,burn_mark
B100631,M4,Night,6.8,236.09,57.6,103.33,71.7,93.9,14.97,75.32,4.88,11.66,21.79,0.0561,48.73,49.348,0,none
B100632,M1,Evening,7.5,218.15,49.1,115.73,54.59,116.5,22.05,71.39,4.05,19.01,28.49,0.006,36.5,50.179,0,none
B100633,M2,Evening,0.0,241.93,56.61,127.88,63.41,157.7,15.55,87.15,4.72,9.75,21.29,0.0923,56.23,51.177,0,none
B100634,M1,Evening,6.8,232.51,50.52,123.28,50.69,137.1,16.4,54.45,6.57,19.75,31.63,0.0538,42.59,50.316,0,none
B100635,M1,Day,10.5,253.51,51.42,125.71,45.93,124.5,16.02,67.12,6.8,10.33,22.91,0.0479,34.45,50.908,1,burn_mark
B100636,M3,Night,8.8,245.71,38.39,115.14,62.57,159.7,9.77,49.75,6.51,18.35,28.23,0.1752,40.46,49.736,0,none
B100637,M4,Day,15.9,224.39,54.76,130.41,46.55,154.9,10.52,77.45,4.5,25.77,35.95,0.1871,52.08,50.433,1,burn_mark
B100638,M4,Night,12.0,214.79,63.99,135.85,72.01,128.4,12.9,76.66,4.51,16.47,27.57,0.1456,34.2,50.845,1,burn_mark
B100639,M5,Evening,12.8,227.45,55.57,134.95,68.88,189.4,17.83,105.0,8.43,5.04,18.85,0.005,36.14,51.042,0,none
B100640,M4,Day,18.2,222.79,65.91,126.41,48.52,113.8,14.93,82.32,4.25,16.18,26.99,0.0597,55.59,50.235,1,burn_mark
B100641,M4,Day,10.0,253.26,60.8,134.08,63.21,147.5,13.17,73.98,7.62,18.4,32.01,0.0315,49.28,50.898,0,none
B100642,M1,Night,7.7,234.9,54.4,133.07,48.45,110.2,19.49,73.06,6.11,20.5,33.7,0.0573,40.86,50.969,0,none
B100643,M1,Day,10.9,244.33,48.72,160.15,35.94,142.6,6.07,66.2,4.4,23.37,33.03,0.0187,46.79,51.898,0,none
B100644,M3,Day,4.8,232.15,50.14,138.27,51.04,113.8,8.82,71.57,3.72,23.62,33.1,0.022,67.38,50.246,0,none
B100645,M5,Night,7.4,233.2,40.29,118.67,59.25,131.5,4.01,73.31,4.47,15.35,24.34,0.0398,62.82,50.385,0,none
B100646,M1,Day,4.4,234.67,52.33,106.32,67.82,179.8,18.83,46.42,6.13,12.7,24.74,0.0743,48.93,49.276,1,short_shot
B100647,M3,Day,8.6,246.07,56.46,116.08,62.24,143.8,13.61,72.36,4.14,10.41,20.12,0.0494,58.16,49.952,0,none
B100648,M3,Day,4.4,238.12,72.15,115.02,73.62,131.9,17.87,71.21,7.83,13.3,28.09,0.0376,51.21,49.497,0,none
B100649,M1,Night,4.3,224.43,60.28,127.67,45.28,100.6,13.56,91.05,5.19,18.38,28.95,0.0109,32.26,51.14,0,none
B100650,M2,Day,8.7,251.23,46.35,109.5,54.35,124.7,18.09,68.42,6.55,9.26,21.38,0.005,30.47,50.488,1,burn_mark
B100651,M5,Day,6.4,232.07,40.61,137.88,84.67,94.8,13.49,60.81,6.43,11.37,23.12,0.0389,40.91,50.612,0,none
B100652,M3,Day,0.0,230.44,52.93,99.16,31.03,142.2,15.64,73.22,7.93,18.81,32.77,0.0114,34.24,49.203,0,none
B100653,M1,Day,1.2,206.7,63.12,95.51,53.22,141.5,15.05,70.89,4.84,12.77,25.6,0.0138,52.72,48.853,1,burn_mark
B100654,M5,Day,2.4,241.34,52.79,117.97,43.93,115.5,15.35,68.43,5.66,17.85,26.01,0.0075,44.5,50.184,0,none
B100655,M2,Day,3.5,236.01,60.42,107.36,57.07,161.6,20.74,54.65,3.4,11.93,21.28,0.0455,54.25,49.884,0,none
B100656,M5,Day,8.7,236.0,53.19,101.13,53.48,158.1,7.5,68.13,5.65,17.44,30.27,0.016,54.41,49.759,0,none
B100657,M2,Evening,7.9,230.97,62.17,110.44,69.03,123.7,13.73,63.05,7.21,12.14,24.84,0.0375,56.9,49.345,0,none
B100658,M3,Night,11.3,229.25,39.03,108.58,63.83,134.1,14.79,67.4,5.83,6.49,18.85,0.2051,40.69,49.537,0,none
B100659,M2,Day,10.0,231.3,71.04,120.15,40.42,105.3,14.19,78.79,8.97,20.78,36.93,0.0753,55.16,50.571,0,none
B100660,M2,Day,11.3,239.63,43.88,110.69,51.18,113.2,12.41,61.91,6.28,12.52,24.52,0.1694,40.45,49.978,0,none
B100661,M5,Night,9.4,241.39,62.94,111.91,60.0,93.0,11.86,67.35,4.69,14.76,24.79,0.0291,57.11,50.388,0,none
B100662,M1,Night,7.8,232.69,52.28,119.93,71.09,108.0,20.12,76.49,6.18,12.54,25.66,0.0478,62.23,50.492,0,none
B100663,M1,Evening,11.4,244.49,53.84,135.21,96.49,117.4,13.72,66.77,3.3,18.72,28.52,0.0631,57.23,50.606,0,none
B100664,M2,Day,10.7,234.21,52.59,142.06,70.54,78.5,23.75,101.31,4.3,17.67,27.91,0.005,48.23,50.903,0,none
B100665,M4,Evening,8.5,229.96,57.56,122.22,44.81,134.4,16.11,72.99,3.67,18.71,29.0,0.0345,55.67,49.956,0,none
B100666,M4,Day,12.1,236.98,59.58,123.38,58.59,145.6,12.84,55.1,5.52,13.25,25.74,0.1958,34.67,49.501,1,burn_mark
B100667,M5,Day,0.0,221.41,65.58,117.25,62.71,119.8,16.21,59.93,5.41,15.75,27.11,0.1185,32.41,49.633,0,none
B100668,M2,Day,5.8,237.33,69.08,127.22,52.21,52.6,14.44,58.72,7.31,18.09,31.7,0.0293,54.67,49.939,1,short_shot
B100669,M2,Evening,5.8,219.58,58.32,125.85,67.05,113.7,19.37,60.1,5.35,23.73,35.6,0.0701,63.08,49.884,0,none
B100670,M1,Day,11.6,224.72,72.14,139.89,25.93,85.2,9.33,76.44,4.0,17.53,27.07,0.0231,37.69,51.171,0,none
B100671,M3,Evening,13.3,214.81,55.93,91.67,68.3,104.8,6.8,56.72,7.84,10.98,26.01,0.0138,50.15,48.585,0,none
B100672,M5,Day,1.2,233.25,65.77,116.48,52.85,156.3,15.44,66.03,1.5,17.34,23.81,0.0703,54.39,50.178,0,none
B100673,M4,Day,12.6,251.1,59.29,125.09,58.35,59.1,17.34,83.71,5.56,15.18,26.6,0.005,43.85,50.469,0,none
B100674,M3,Night,2.3,233.83,49.51,119.61,81.99,99.6,15.14,63.76,5.83,6.01,18.6,0.0709,46.61,49.119,1,warpage
B100675,M2,Night,2.4,241.44,56.81,105.91,41.08,140.7,16.69,78.06,5.48,6.77,17.2,0.0117,56.13,49.788,0,none
B100676,M5,Day,6.1,258.52,60.03,100.51,64.09,102.5,16.1,49.8,6.25,15.67,28.79,0.0126,51.08,49.627,0,none
B100677,M2,Evening,5.7,239.04,54.68,132.09,71.91,100.5,8.08,65.55,5.67,16.09,27.95,0.0729,51.13,50.87,0,none
B100678,M1,Day,0.8,227.35,59.13,108.65,62.56,170.8,15.12,59.37,6.25,14.53,28.1,0.01,40.18,49.835,0,none
B100679,M2,Day,9.6,228.72,63.65,93.68,35.79,129.5,19.27,73.6,4.6,20.42,31.63,0.1217,49.69,49.372,1,short_shot
B100680,M1,Evening,9.7,235.01,54.77,132.85,80.26,143.4,14.69,57.58,3.31,11.32,20.47,0.0874,46.02,50.283,0,none
B100681,M1,Day,11.2,228.67,25.56,126.88,56.83,132.4,8.76,94.84,5.43,9.07,20.73,0.1613,46.56,50.167,1,burn_mark
B100682,M1,Evening,5.3,229.42,71.78,118.26,52.09,124.0,12.66,50.33,3.96,11.87,22.1,0.0138,44.59,50.104,0,none
B100683,M2,Evening,6.8,244.85,52.02,106.28,55.34,151.6,16.23,83.63,4.41,12.95,25.38,0.0552,49.73,50.253,0,none
B100684,M3,Day,6.9,245.26,46.77,118.3,54.27,167.6,21.18,80.54,7.24,15.71,29.04,0.0888,41.32,50.662,0,none
B100685,M2,Day,13.8,218.53,43.76,138.23,42.15,77.9,6.17,73.72,7.84,12.01,25.71,0.0538,50.12,49.898,1,burn_mark
B100686,M2,Day,0.0,226.82,51.64,95.78,62.47,119.1,15.44,70.65,7.21,5.29,18.31,0.0505,46.35,49.316,0,none
B100687,M5,Night,3.2,230.36,49.37,96.54,51.04,118.9,10.27,92.26,6.94,4.0,17.12,0.0084,40.68,50.422,0,none
B100688,M4,Evening,7.0,240.99,47.63,110.58,70.06,109.3,16.03,99.65,5.59,16.62,27.07,0.0355,30.51,50.419,0,none
B100689,M3,Day,2.7,246.43,48.18,119.6,67.76,144.5,16.35,67.51,7.02,10.35,23.0,0.35,59.47,50.016,1,burn_mark
B100690,M2,Day,6.0,262.02,60.3,112.56,84.39,126.4,13.07,71.89,6.03,5.97,16.99,0.0718,57.46,49.903,1,burn_mark
B100691,M5,Evening,6.5,230.34,75.3,129.64,56.83,168.1,16.53,63.37,8.42,19.12,32.66,0.0308,41.95,49.883,0,none
B100692,M1,Day,4.4,230.84,63.21,136.33,47.95,147.5,18.56,55.97,4.12,23.73,34.65,0.1395,56.82,50.316,0,none
B100693,M2,Evening,7.3,240.89,66.23,124.18,37.95,154.1,13.34,75.56,6.51,15.53,28.06,0.0244,39.75,50.137,0,none
B100694,M5,Night,9.5,228.18,51.23,128.41,92.9,90.0,8.65,73.0,3.6,17.34,26.2,0.0869,46.93,50.056,0,none
B100695,M3,Evening,6.1,233.59,56.05,124.08,69.93,99.8,19.7,50.68,6.52,17.38,29.75,0.35,44.7,50.021,1,burn_mark
B100696,M4,Day,5.2,230.85,59.26,120.14,49.61,101.9,17.31,75.47,2.92,4.43,13.11,0.0351,47.22,50.022,0,none
B100697,M3,Day,6.3,208.78,48.4,100.6,85.4,153.1,16.26,73.4,3.68,20.44,30.18,0.0779,56.46,48.99,1,burn_mark
B100698,M3,Day,7.0,236.23,50.74,104.58,80.34,95.8,11.24,62.79,3.58,22.2,30.27,0.0093,45.98,49.203,0,none
B100699,M2,Evening,0.0,233.18,63.55,99.74,39.73,96.6,17.94,62.0,5.88,25.18,35.97,0.0567,46.6,49.563,1,short_shot
B100700,M1,Night,8.8,247.71,65.9,117.77,48.7,92.0,22.17,75.09,6.03,13.81,24.4,0.0375,57.43,50.675,0,none
B100701,M2,Day,5.2,235.05,55.67,123.48,58.02,188.8,13.51,89.31,9.18,10.32,24.6,0.1068,50.62,50.674,0,none
B100702,M1,Evening,12.0,222.45,43.05,98.26,43.95,116.4,14.38,74.78,5.36,22.79,33.43,0.005,44.08,49.734,1,short_shot
B100703,M5,Evening,9.4,232.42,52.04,121.09,58.55,133.2,9.74,79.37,6.66,18.49,30.12,0.2239,52.41,50.396,0,none
B100704,M2,Day,11.7,214.09,40.59,106.87,70.68,91.5,11.12,60.01,5.74,20.37,32.88,0.0249,59.93,49.306,0,none
B100705,M3,Day,3.0,222.89,55.75,103.96,39.4,144.0,9.7,65.03,6.53,12.76,27.14,0.0665,60.56,49.572,1,burn_mark
B100706,M4,Day,5.5,241.36,57.55,110.62,64.4,75.7,14.52,77.3,5.72,17.36,29.9,0.017,36.75,50.049,1,burn_mark
B100707,M4,Evening,2.0,232.53,52.29,103.19,77.53,95.5,12.64,53.7,7.15,10.73,23.32,0.1061,37.25,49.217,0,none
B100708,M2,Evening,4.2,244.23,57.42,129.1,66.0,101.7,15.49,72.49,3.92,15.97,26.1,0.0361,59.99,50.393,0,none
B100709,M2,Evening,12.0,215.33,59.17,117.48,58.87,125.5,10.43,75.92,1.83,14.26,22.02,0.0743,47.12,49.934,1,burn_mark
B100710,M5,Night,12.9,232.58,57.57,132.23,49.98,100.2,13.33,69.54,6.13,27.72,39.24,0.0052,28.0,50.127,0,none
B100711,M3,Night,2.4,230.24,42.98,113.35,72.46,158.1,10.19,73.83,2.79,18.74,28.86,0.1343,42.7,49.064,1,burn_mark
B100712,M4,Night,5.2,244.56,52.47,113.91,42.35,132.6,14.75,70.69,7.47,5.24,20.71,0.102,45.61,50.201,0,none
B100713,M5,Night,6.7,241.73,59.1,148.1,63.64,102.8,7.47,62.53,4.68,15.99,25.2,0.005,46.87,50.496,0,none
B100714,M4,Night,9.3,241.42,70.79,95.65,60.38,144.9,14.61,55.86,3.94,17.84,29.22,0.005,57.65,49.772,1,short_shot
B100715,M1,Night,0.0,250.41,52.28,139.27,76.88,110.2,12.89,68.92,9.55,13.63,28.59,0.0414,40.71,50.355,0,none
B100716,M3,Evening,0.6,231.32,60.51,144.82,51.26,105.2,14.72,85.65,5.47,10.49,21.7,0.0111,59.36,51.374,0,none
B100717,M1,Night,9.0,248.35,63.78,131.49,52.53,142.4,7.39,82.29,5.18,19.3,30.77,0.0099,52.85,50.633,0,none
B100718,M3,Night,0.0,224.56,53.03,115.04,41.37,58.7,16.62,65.86,6.62,11.19,25.36,0.0155,37.13,49.806,1,burn_mark
B100719,M5,Evening,5.2,224.19,66.48,141.4,66.56,138.4,12.81,65.61,6.72,18.88,31.88,0.0529,46.81,49.951,0,none
B100720,M3,Evening,7.6,242.53,67.02,115.17,53.64,102.2,14.87,64.72,7.21,10.77,24.39,0.005,54.95,49.518,0,none
B100721,M2,Evening,8.7,219.95,68.8,109.41,47.07,102.1,6.52,64.72,3.5,13.33,23.68,0.0936,50.4,49.596,1,burn_mark
B100722,M1,Night,6.4,240.73,59.58,114.18,48.5,169.0,9.03,73.45,6.3,20.78,34.1,0.0522,53.79,49.972,1,burn_mark
B100723,M5,Evening,5.5,236.01,78.6,111.45,68.06,106.7,12.44,82.69,5.06,18.45,30.02,0.1223,44.13,50.207,0,none
B100724,M1,Night,10.4,245.72,48.85,105.8,43.46,143.9,19.5,97.15,4.12,16.16,27.29,0.1387,55.55,50.895,0,none
B100725,M1,Night,8.1,234.41,76.24,136.65,44.79,127.0,16.11,60.04,5.57,15.85,26.82,0.041,46.02,49.901,0,none
B100726,M1,Night,4.4,235.56,62.68,108.4,73.45,129.6,14.52,77.81,2.78,16.45,23.5,0.1194,75.0,50.065,1,burn_mark
B100727,M1,Day,7.2,240.09,68.4,119.56,57.51,113.7,10.3,76.51,6.88,12.04,26.75,0.0321,36.81,49.882,0,none
B100728,M2,Evening,8.5,228.37,51.8,98.34,74.33,112.4,9.57,66.04,5.06,8.42,18.44,0.1379,75.0,48.912,1,short_shot
B100729,M3,Night,13.9,227.94,63.44,120.46,54.61,158.2,15.11,57.69,4.78,18.85,29.1,0.1476,40.49,49.225,0,none
B100730,M2,Night,10.1,239.74,69.27,102.66,59.98,143.3,16.8,73.3,5.29,23.65,34.61,0.0424,62.71,49.137,1,short_shot
B100731,M1,Night,11.9,234.71,44.13,102.29,62.34,107.5,14.84,95.44,5.25,19.02,29.77,0.1639,58.27,49.269,1,burn_mark
B100732,M1,Evening,4.6,230.93,53.37,118.36,80.81,93.9,20.84,73.23,7.21,17.27,29.76,0.0381,40.9,49.605,0,none
B100733,M2,Evening,4.9,234.17,33.59,135.85,79.59,105.4,11.27,60.55,3.86,9.96,20.28,0.0173,55.99,50.1,0,none
B100734,M1,Day,6.1,250.95,53.22,126.61,77.3,144.5,14.72,68.11,4.93,20.39,31.79,0.051,45.04,50.097,0,none
B100735,M3,Night,6.4,230.57,46.84,127.64,50.57,149.5,7.23,56.32,5.18,18.41,30.2,0.1877,52.75,49.357,0,none
B100736,M1,Day,3.0,230.28,52.82,118.05,45.2,133.9,14.84,70.22,3.9,19.8,30.26,0.08,51.48,49.338,0,none
B100737,M2,Evening,12.1,217.93,84.24,114.97,71.41,79.6,19.88,78.2,5.74,21.17,32.49,0.0827,46.51,49.646,0,none
B100738,M2,Night,10.5,234.58,72.18,131.87,80.65,138.8,9.83,61.69,4.41,23.93,33.93,0.0145,45.68,50.253,0,none
B100739,M2,Evening,5.8,241.57,40.61,111.55,77.44,152.6,17.37,35.0,3.39,10.43,20.94,0.005,53.41,49.057,1,burn_mark
B100740,M1,Day,9.6,243.36,60.56,132.52,60.2,124.3,19.76,73.32,6.29,9.56,21.32,0.0109,40.96,51.219,1,burn_mark
B100741,M1,Day,7.9,236.08,62.99,138.54,70.92,169.5,11.24,63.98,7.82,16.74,30.02,0.2183,41.34,50.33,0,none
B100742,M5,Night,9.9,244.56,51.62,107.38,71.18,87.0,15.87,60.99,5.57,11.39,23.89,0.0834,59.55,49.583,1,burn_mark
B100743,M1,Evening,1.6,242.31,56.78,109.58,62.23,137.1,20.32,60.89,5.35,10.52,21.85,0.035,54.28,49.585,0,none
B100744,M3,Day,6.4,246.13,57.76,111.81,62.89,94.5,14.92,74.8,5.31,22.1,32.91,0.1521,36.93,49.715,0,none
B100745,M2,Evening,6.8,244.84,41.53,98.0,61.47,146.5,17.15,65.11,4.73,10.95,21.19,0.0464,39.97,49.317,1,burn_mark
B100746,M2,Day,9.5,250.7,44.69,112.96,48.18,135.3,6.9,81.17,7.26,15.94,30.32,0.0071,28.63,50.659,1,burn_mark
B100747,M2,Night,4.5,233.3,56.72,139.52,49.71,165.0,16.39,81.43,5.64,7.84,20.07,0.0068,59.1,51.199,0,none
B100748,M4,Day,0.0,221.73,55.99,104.32,49.48,132.5,16.07,66.75,2.23,16.32,24.78,0.0825,56.89,49.496,0,none
B100749,M4,Day,2.7,241.64,47.91,139.88,36.01,109.9,8.7,63.75,7.3,21.91,34.05,0.0233,39.11,51.365,0,none
B100750,M2,Day,6.8,242.81,47.06,113.5,62.14,107.7,10.14,71.53,6.93,22.07,35.24,0.067,56.5,50.091,0,none
B100751,M2,Evening,7.3,250.7,54.1,151.71,59.39,113.7,16.42,68.26,6.4,21.22,33.41,0.0156,69.86,51.272,0,none
B100752,M1,Evening,13.7,247.81,63.86,109.77,71.43,107.2,12.79,48.97,1.5,15.61,22.2,0.0228,34.61,49.876,0,none
B100753,M2,Night,9.3,254.45,54.24,117.84,78.91,153.7,18.45,92.97,5.5,21.56,32.45,0.005,43.85,50.247,0,none
B100754,M3,Evening,7.3,241.2,71.23,106.35,79.86,151.9,15.24,78.57,6.84,18.15,31.69,0.0877,34.39,50.156,0,none
B100755,M1,Day,6.9,237.29,48.04,109.68,81.28,82.6,14.23,64.44,6.07,13.81,27.12,0.0238,59.49,49.06,0,none
B100756,M2,Day,11.4,221.15,56.93,140.07,48.64,121.0,13.32,47.0,5.81,17.91,28.66,0.0067,49.04,49.955,0,none
B100757,M5,Day,4.6,238.08,51.46,127.12,38.52,121.6,15.17,67.83,6.84,20.43,32.34,0.005,46.02,49.789,0,none
B100758,M1,Night,6.4,229.47,60.88,135.43,73.96,100.5,17.21,62.94,5.71,9.36,21.76,0.0442,52.27,50.187,0,none
B100759,M2,Day,2.6,237.12,47.18,100.27,80.73,131.0,16.14,69.27,7.31,10.7,23.59,0.0965,44.43,49.682,0,none
B100760,M4,Night,12.7,235.55,74.27,129.82,83.34,156.5,12.31,44.03,5.74,15.28,27.58,0.0972,45.98,49.222,0,none
B100761,M1,Day,8.6,239.72,38.09,105.43,67.27,142.3,18.96,64.33,5.62,9.89,21.09,0.0502,52.75,49.349,1,short_shot
B100762,M1,Day,4.2,234.03,72.15,99.94,30.05,153.7,16.63,65.06,6.84,9.82,23.24,0.2425,43.9,49.507,1,burn_mark
B100763,M1,Day,6.5,244.35,55.9,123.58,65.48,102.0,15.54,67.69,4.9,13.9,23.43,0.0531,45.31,50.071,0,none
B100764,M5,Day,9.0,207.77,60.52,123.43,68.33,120.9,14.37,67.17,3.85,20.96,31.36,0.0102,48.43,49.188,0,none
B100765,M1,Night,6.0,236.9,68.35,120.8,78.78,100.9,16.0,70.63,5.51,20.87,30.27,0.1259,50.91,49.89,0,none
B100766,M1,Evening,4.9,247.02,63.58,130.76,81.44,126.0,6.67,88.25,6.39,17.61,30.92,0.0327,56.02,51.203,0,none
B100767,M1,Day,4.4,253.7,47.7,133.1,73.64,128.2,14.97,63.82,6.89,16.9,29.76,0.0701,55.83,50.238,0,none
B100768,M1,Evening,8.4,242.32,61.0,142.05,51.19,144.0,20.56,59.07,6.9,26.44,39.77,0.129,35.0,50.721,1,burn_mark
B100769,M3,Evening,5.6,251.85,73.67,102.14,44.56,152.8,14.88,49.27,5.4,13.3,24.94,0.0477,64.08,49.535,0,none
B100770,M1,Night,5.2,236.69,46.13,142.53,68.01,137.2,14.33,63.87,5.24,17.21,26.74,0.0124,50.59,50.36,0,none
B100771,M3,Night,1.7,235.03,76.18,148.23,48.11,98.5,11.62,53.18,4.61,13.06,25.03,0.0186,46.68,50.727,0,none
B100772,M3,Evening,7.3,240.29,58.86,114.51,82.13,86.2,15.97,81.52,5.87,9.56,21.77,0.0205,40.96,49.79,0,none
B100773,M4,Night,6.3,234.97,50.67,94.97,34.43,133.0,13.22,68.85,3.04,21.92,31.72,0.005,69.89,49.627,1,short_shot
B100774,M1,Night,5.7,227.18,46.07,99.25,68.5,157.5,19.24,81.27,5.53,14.47,25.21,0.0516,73.6,49.376,0,none
B100775,M5,Evening,7.8,229.85,52.77,113.07,64.79,119.4,10.55,87.59,9.77,19.47,35.49,0.0156,68.66,49.527,0,none
B100776,M3,Evening,10.0,223.88,35.45,150.21,56.9,81.8,12.19,59.62,3.24,14.77,22.7,0.0563,51.21,49.933,0,none
B100777,M1,Day,9.8,240.28,50.85,120.26,46.12,172.1,11.6,65.83,5.74,22.23,34.12,0.1273,53.44,49.394,0,none
B100778,M4,Night,9.2,235.11,52.37,110.74,29.07,132.2,21.34,85.98,6.07,11.01,22.14,0.0347,64.91,50.209,1,warpage
B100779,M5,Night,6.0,231.4,44.26,109.72,52.03,124.3,13.24,72.27,6.26,21.82,39.09,0.005,47.59,50.053,0,none
B100780,M2,Day,4.7,229.33,62.48,100.16,52.29,90.8,11.81,76.26,4.05,20.47,31.13,0.0537,55.41,49.266,0,none
B100781,M5,Night,2.8,240.05,52.81,133.12,76.68,120.4,5.64,82.4,6.27,7.03,20.63,0.0123,52.27,50.464,0,none
B100782,M2,Night,4.6,242.8,48.64,118.62,48.26,137.2,10.35,80.76,4.7,13.42,23.86,0.005,69.19,50.179,0,none
B100783,M3,Day,7.1,223.69,51.75,151.5,66.79,132.6,16.11,74.92,3.36,21.1,30.86,0.0315,64.36,50.514,0,none
B100784,M5,Evening,3.9,222.12,58.55,129.42,40.62,103.0,16.1,86.76,6.93,24.19,38.02,0.0124,48.62,51.389,0,none
B100785,M2,Night,7.4,244.55,55.73,132.45,67.2,118.6,11.4,69.18,6.5,19.58,31.0,0.0283,65.25,50.149,1,burn_mark
B100786,M4,Night,3.1,221.25,47.99,116.37,26.43,104.6,11.62,76.23,4.05,14.02,23.39,0.1001,49.96,49.672,1,burn_mark
B100787,M2,Day,0.4,240.47,56.26,103.63,91.43,161.6,21.44,67.88,4.68,11.16,22.82,0.037,44.54,48.921,0,none
B100788,M4,Day,10.3,251.17,54.49,106.9,57.88,142.4,24.79,82.25,4.63,18.83,29.25,0.0465,47.15,50.142,0,none
B100789,M3,Evening,5.1,251.19,43.61,99.46,18.08,106.9,18.6,61.59,3.03,13.87,22.16,0.0201,51.47,49.677,0,none
B100790,M1,Day,3.7,242.38,52.11,133.66,49.23,90.8,20.24,49.81,6.64,14.08,26.09,0.0876,42.15,50.324,0,none
B100791,M2,Day,2.6,242.09,60.79,114.23,46.87,126.9,21.09,77.86,6.7,14.88,26.36,0.0776,44.82,49.966,0,none
B100792,M2,Day,8.7,257.52,60.72,134.29,50.16,107.7,22.86,57.76,5.0,20.41,29.45,0.0172,35.57,50.414,1,burn_mark
B100793,M1,Day,12.5,211.66,52.7,122.04,54.53,109.5,12.79,56.57,5.46,25.03,34.79,0.2108,41.78,49.25,1,burn_mark
B100794,M1,Evening,5.4,230.36,61.77,115.61,50.06,91.6,10.49,85.18,5.67,21.13,32.85,0.0295,52.35,50.17,0,none
B100795,M2,Evening,6.1,243.48,45.2,102.46,47.75,94.7,21.33,81.6,5.87,16.05,28.59,0.0116,60.42,50.205,1,burn_mark
B100796,M1,Evening,11.3,231.63,45.51,124.52,42.62,124.1,10.14,65.89,3.48,11.5,23.5,0.0318,59.14,50.463,1,short_shot
B100797,M1,Night,0.0,247.4,52.49,116.72,72.33,113.3,9.89,35.0,6.23,19.34,31.53,0.0136,54.3,49.757,0,none
B100798,M4,Evening,14.9,234.61,69.98,133.53,78.02,182.4,9.98,76.4,3.74,24.33,32.78,0.0436,34.71,49.889,0,none
B100799,M4,Day,16.8,236.32,56.63,109.27,56.18,134.9,13.47,77.95,6.52,21.02,33.51,0.0219,41.39,49.531,0,none
B100800,M4,Day,0.0,232.25,52.25,129.24,59.74,91.2,6.06,76.2,3.9,17.04,27.64,0.027,48.03,50.041,0,none
B100801,M2,Day,6.6,229.77,70.44,144.61,43.11,81.6,8.27,75.65,3.55,13.55,24.13,0.0533,59.63,50.941,0,none
B100802,M5,Day,4.1,229.53,52.13,124.09,61.07,130.0,11.51,67.82,5.46,17.73,30.12,0.1387,44.43,49.609,1,burn_mark
B100803,M3,Day,5.9,237.71,77.35,131.78,63.45,110.1,9.22,65.07,5.42,21.77,33.77,0.0467,37.8,50.02,1,short_shot
B100804,M1,Day,5.3,227.25,49.89,128.58,56.71,153.3,18.25,56.73,5.66,17.16,28.91,0.1152,64.48,50.148,0,none
B100805,M1,Day,10.2,244.53,44.88,148.47,65.94,127.0,14.03,61.63,4.16,15.48,26.38,0.0661,42.65,51.145,1,short_shot
B100806,M3,Evening,6.5,241.53,53.34,125.57,64.63,70.4,16.31,73.86,5.8,12.56,23.18,0.0195,38.72,50.539,0,none
B100807,M1,Evening,3.4,245.99,52.51,130.5,44.19,94.5,15.87,74.06,5.95,28.95,38.88,0.0584,52.27,50.831,0,none
B100808,M3,Night,6.3,223.71,46.92,119.46,77.9,103.1,13.17,79.48,7.25,11.55,26.89,0.0099,49.5,49.593,0,none
B100809,M5,Night,9.1,218.01,81.02,108.38,56.89,131.1,17.95,53.12,5.78,11.08,22.81,0.0357,45.0,49.098,0,none
B100810,M1,Evening,2.3,234.96,58.19,101.88,85.13,93.7,15.81,50.09,4.6,16.82,27.96,0.0068,50.0,49.205,1,short_shot
B100811,M1,Day,0.4,263.99,59.64,139.0,66.31,123.8,12.73,65.44,3.48,14.99,21.67,0.0146,40.74,51.082,0,none
B100812,M5,Evening,15.0,247.66,50.38,104.87,89.56,86.6,7.26,57.76,3.2,21.12,31.87,0.0262,44.88,49.505,1,burn_mark
B100813,M3,Day,4.4,229.46,49.22,131.19,77.63,120.2,16.08,72.23,5.98,21.29,34.43,0.35,49.64,50.454,1,burn_mark
B100814,M1,Evening,6.5,239.25,65.26,126.24,63.41,129.3,8.95,54.28,6.69,9.93,21.05,0.0501,29.64,49.788,0,none
B100815,M5,Day,5.4,242.28,38.24,133.77,49.15,156.5,15.52,84.16,4.16,12.22,22.07,0.1848,59.55,51.136,1,burn_mark
B100816,M5,Evening,9.2,221.32,43.57,112.28,49.48,126.1,14.32,60.14,5.88,11.62,23.77,0.0829,36.27,49.338,0,none
B100817,M3,Day,14.1,248.7,52.53,108.14,68.0,99.6,8.56,89.11,5.24,19.92,29.9,0.1094,40.61,50.36,1,burn_mark
B100818,M3,Evening,9.3,233.33,68.51,125.68,62.15,157.3,15.03,76.29,6.58,18.14,31.21,0.0545,60.0,50.679,1,short_shot
B100819,M2,Night,0.9,234.09,51.25,115.61,51.16,115.4,14.77,57.34,6.8,14.14,27.99,0.0144,55.69,50.234,0,none
B100820,M1,Night,1.5,235.24,59.16,101.53,72.5,139.3,14.78,95.14,2.1,17.08,25.51,0.0311,50.87,50.036,0,none
B100821,M3,Evening,5.4,246.45,55.28,149.08,60.58,104.7,14.59,73.19,7.05,10.37,21.85,0.1078,32.92,51.24,1,burn_mark
B100822,M2,Evening,5.9,227.45,67.96,108.13,72.59,122.3,11.39,71.99,5.88,12.29,23.13,0.2081,43.94,49.93,1,burn_mark
B100823,M3,Day,0.1,217.93,39.15,105.1,45.37,100.0,16.37,69.22,4.7,9.5,20.08,0.031,47.84,49.125,1,burn_mark
B100824,M4,Evening,10.3,238.23,62.36,116.37,74.99,128.1,11.25,75.6,4.74,16.73,27.22,0.1457,48.56,50.408,0,none
B100825,M1,Evening,2.7,214.56,53.01,138.79,67.51,140.1,9.7,76.31,5.55,16.71,28.03,0.005,61.41,50.354,0,none
B100826,M3,Day,13.0,231.99,64.25,87.5,77.96,107.6,16.7,59.62,4.74,11.08,21.56,0.0921,69.94,48.641,0,none
B100827,M1,Day,14.3,246.87,46.81,137.55,74.66,106.2,17.75,67.44,4.09,18.11,26.4,0.1744,56.15,50.349,1,burn_mark
B100828,M5,Night,6.0,240.79,55.24,106.33,58.73,128.9,16.42,71.39,4.44,21.29,32.53,0.0248,44.66,49.307,0,none
B100829,M2,Evening,8.8,245.42,53.97,123.97,57.52,99.4,13.17,76.99,3.94,10.85,21.41,0.026,62.14,50.955,0,none
B100830,M3,Evening,2.1,241.2,44.98,109.86,86.75,82.1,6.24,77.2,7.52,14.37,28.41,0.1214,44.1,49.807,0,none
B100831,M3,Evening,9.5,259.1,42.2,149.88,55.64,128.8,19.93,71.97,5.58,18.57,30.58,0.005,25.0,51.212,1,burn_mark
B100832,M2,Evening,5.0,229.12,49.2,121.87,71.23,117.3,6.18,63.4,8.88,15.97,30.56,0.0458,37.5,49.846,0,none
B100833,M3,Evening,2.7,238.98,56.3,109.38,54.28,116.8,16.34,62.78,6.06,9.14,20.59,0.005,26.28,49.536,1,warpage
B100834,M4,Day,5.8,230.62,47.43,115.48,32.07,133.0,22.44,55.7,6.38,13.8,25.16,0.1574,46.16,49.195,0,none
B100835,M3,Evening,5.1,244.57,51.7,121.34,41.59,136.5,14.6,77.11,3.91,13.63,25.08,0.005,48.22,50.448,0,none
B100836,M4,Evening,5.7,234.38,36.14,122.67,66.09,116.0,15.16,62.61,5.17,15.15,26.3,0.0361,34.07,49.37,0,none
B100837,M5,Day,10.8,252.19,51.29,126.58,70.52,91.9,15.52,67.7,5.61,15.36,25.31,0.0067,41.46,50.387,0,none
B100838,M2,Night,3.9,229.69,65.24,119.98,66.14,104.0,14.79,72.85,4.54,23.83,34.34,0.0939,35.74,50.47,0,none
B100839,M3,Day,13.9,249.07,62.05,99.34,77.19,134.6,23.4,70.05,4.8,14.96,23.68,0.0823,48.73,49.196,0,none
B100840,M1,Evening,1.7,240.93,54.13,114.9,65.87,123.4,10.63,69.93,6.13,7.41,19.79,0.0224,41.47,50.153,0,none
B100841,M4,Evening,13.5,234.68,57.44,129.1,48.37,106.3,10.13,59.14,6.16,16.46,28.76,0.0415,60.1,49.943,0,none
B100842,M3,Evening,2.9,240.42,46.72,109.95,68.91,100.4,12.69,73.23,3.49,24.74,33.69,0.005,51.7,49.748,1,short_shot
B100843,M2,Evening,7.0,237.61,71.24,130.09,62.54,135.4,20.96,66.25,5.93,15.16,26.15,0.0369,66.05,49.934,0,none
B100844,M1,Night,5.0,238.56,75.68,120.48,51.37,114.5,11.69,68.96,6.33,13.81,26.7,0.0163,45.45,50.35,0,none
B100845,M5,Evening,5.6,232.93,56.65,116.73,67.09,138.8,15.72,83.9,4.61,14.47,25.01,0.0581,71.44,50.549,0,none
B100846,M2,Evening,10.2,227.98,80.91,137.91,61.19,142.0,18.28,76.06,4.46,18.92,27.44,0.0159,50.03,50.609,1,short_shot
B100847,M3,Evening,13.0,231.65,48.2,93.93,50.92,112.2,17.12,63.15,6.16,14.45,27.82,0.005,44.72,49.309,0,none
B100848,M1,Day,11.8,218.17,42.49,109.87,57.33,143.7,18.07,68.21,1.64,8.42,15.12,0.005,74.09,49.621,0,none
B100849,M5,Day,5.4,243.42,47.9,138.49,81.2,123.5,19.67,89.19,5.5,12.64,22.83,0.0654,31.71,50.766,0,none
B100850,M1,Evening,7.7,222.65,52.81,147.45,80.71,126.7,15.23,66.31,7.95,15.68,30.99,0.073,44.47,50.815,0,none
B100851,M1,Day,3.9,232.82,78.12,154.29,62.82,65.3,12.17,70.48,1.61,18.68,27.34,0.0335,33.35,50.796,1,short_shot
B100852,M5,Day,3.0,241.48,52.19,120.76,60.86,95.7,14.59,77.97,6.73,13.09,25.4,0.0393,31.62,49.72,0,none
B100853,M5,Day,2.4,243.39,46.4,126.87,38.5,97.1,12.64,72.58,6.32,14.52,25.58,0.0455,29.33,50.276,0,none
B100854,M1,Evening,5.2,217.25,46.02,132.26,85.79,112.0,24.09,65.53,3.34,16.22,24.66,0.0718,56.17,49.97,1,burn_mark
B100855,M2,Day,8.0,234.08,66.4,139.13,75.55,122.9,11.87,61.08,6.28,12.11,23.96,0.0806,36.71,50.091,0,none
B100856,M4,Night,0.0,239.6,64.97,124.7,71.28,123.9,15.93,69.88,7.0,15.54,29.76,0.0625,47.45,50.127,0,none
B100857,M5,Evening,6.8,235.52,50.15,133.89,25.88,127.1,8.0,77.9,3.74,18.34,29.37,0.0803,58.92,50.84,1,short_shot
B100858,M2,Evening,13.1,248.44,36.24,126.9,60.61,102.9,14.53,85.85,4.44,10.07,20.67,0.0152,54.63,50.783,0,none
B100859,M3,Day,11.5,226.78,43.71,127.83,58.09,137.3,12.85,52.42,5.54,17.53,29.72,0.0215,54.14,50.162,0,none
B100860,M4,Evening,4.7,214.51,72.21,106.22,70.24,165.2,16.7,91.15,6.97,10.55,23.31,0.0327,62.14,50.134,1,burn_mark
B100861,M4,Day,1.4,243.1,61.89,115.06,53.23,111.2,16.81,66.54,4.69,10.65,20.46,0.0099,66.09,49.633,0,none
B100862,M4,Evening,8.8,229.63,55.65,112.16,56.52,103.4,19.67,81.1,5.44,12.69,22.62,0.0529,37.48,50.267,0,none
B100863,M3,Day,0.0,217.41,73.69,102.17,69.29,102.9,19.35,61.15,4.5,22.83,33.65,0.2016,54.83,49.0,1,burn_mark
B100864,M1,Night,11.4,233.41,74.58,95.23,48.4,122.1,13.73,50.67,5.54,7.42,19.86,0.0194,47.28,48.534,1,short_shot
B100865,M5,Day,6.1,247.31,54.64,113.65,51.39,106.9,10.22,54.24,7.07,13.68,26.24,0.0644,48.53,49.938,0,none
B100866,M5,Evening,14.3,222.37,54.82,116.04,62.9,76.7,10.69,66.03,5.66,15.87,28.71,0.005,34.89,50.23,0,none
B100867,M4,Day,0.1,258.36,49.18,121.58,80.08,83.6,15.21,76.29,4.96,21.84,32.41,0.0267,44.68,50.064,1,burn_mark
B100868,M1,Evening,10.7,226.62,52.15,128.34,72.13,145.5,14.63,70.37,5.45,25.74,37.27,0.0089,45.77,49.931,0,none
B100869,M1,Evening,6.6,235.87,40.14,122.82,76.13,152.0,15.03,67.0,4.3,13.89,23.97,0.005,64.3,49.314,0,none
B100870,M4,Day,5.7,222.81,40.1,116.15,60.95,160.0,11.86,83.42,4.01,18.7,29.94,0.2891,38.45,49.919,1,burn_mark
B100871,M1,Day,1.5,235.42,37.77,106.27,82.43,125.7,19.75,70.02,7.31,15.53,29.33,0.0134,26.15,49.427,1,short_shot
B100872,M5,Day,9.4,233.66,65.84,133.16,33.88,95.2,8.11,73.36,7.96,15.5,29.39,0.2304,49.94,51.394,1,burn_mark
B100873,M2,Day,9.7,220.11,39.39,118.47,90.33,109.0,11.64,105.0,2.81,17.37,26.26,0.0305,37.43,49.8,0,none
B100874,M4,Night,14.1,263.26,74.5,113.49,92.28,82.7,9.69,69.9,6.37,8.07,19.26,0.047,48.6,50.241,1,burn_mark
B100875,M5,Evening,11.0,230.05,47.7,117.2,66.85,81.8,13.16,61.65,6.79,15.76,26.32,0.2262,56.61,49.712,1,burn_mark
B100876,M2,Day,4.6,230.06,72.37,109.01,72.48,126.4,18.99,75.77,3.68,18.25,27.4,0.0697,49.0,50.369,0,none
B100877,M2,Night,3.0,244.69,51.35,112.04,59.43,133.5,12.85,78.81,4.79,11.7,22.3,0.0383,45.69,50.15,0,none
B100878,M3,Day,1.5,253.14,39.34,111.56,56.86,169.0,14.41,73.61,4.63,18.29,29.45,0.0206,48.43,50.105,1,burn_mark
B100879,M3,Evening,12.9,246.26,67.84,115.69,50.84,117.9,16.66,71.88,8.35,7.36,21.55,0.0254,58.47,50.465,0,none
B100880,M2,Evening,3.9,222.99,69.02,129.84,59.26,86.1,12.66,87.79,7.98,16.47,29.98,0.0283,38.45,50.649,0,none
B100881,M3,Night,12.9,237.14,45.94,126.11,68.34,117.0,15.53,86.29,4.12,22.71,29.88,0.0077,57.28,50.785,0,none
B100882,M5,Evening,9.1,216.19,51.68,143.2,66.3,112.9,15.0,68.59,3.31,14.91,24.75,0.0545,39.96,50.519,0,none
B100883,M2,Evening,8.3,244.02,45.94,138.18,89.8,107.7,9.48,62.28,6.66,11.11,23.98,0.0111,56.02,49.712,0,none
B100884,M1,Night,5.8,218.65,53.79,149.35,61.5,128.6,12.14,75.15,6.32,8.87,22.0,0.0617,34.57,50.906,1,burn_mark
B100885,M2,Day,9.6,226.97,56.08,128.39,37.67,89.6,15.42,62.21,7.37,17.95,31.35,0.0274,55.43,50.373,1,burn_mark
B100886,M2,Night,6.9,234.97,51.49,128.15,84.66,123.3,19.13,80.62,3.91,20.64,31.7,0.0715,48.98,49.951,0,none
B100887,M1,Night,5.5,239.45,36.81,112.69,41.69,136.3,19.13,75.09,6.59,15.72,27.75,0.0727,50.97,50.234,0,none
B100888,M1,Night,9.8,232.39,49.19,132.39,51.61,155.5,22.38,102.04,4.4,13.68,24.04,0.005,59.59,50.415,0,none
B100889,M3,Day,6.4,250.19,62.04,110.16,64.08,127.8,15.94,87.68,6.43,6.35,19.02,0.0124,41.79,50.335,1,burn_mark
B100890,M2,Day,3.8,242.23,52.91,97.94,66.26,146.1,12.35,57.06,5.44,16.62,28.72,0.067,49.75,49.365,0,none
B100891,M5,Evening,9.4,241.45,51.73,142.89,38.32,108.9,13.74,63.77,8.35,12.55,27.32,0.1176,53.03,51.212,0,none
B100892,M1,Evening,6.7,222.71,45.69,101.26,48.8,112.4,13.54,47.03,6.17,12.84,25.49,0.005,47.01,49.151,1,burn_mark
B100893,M1,Evening,9.0,251.99,48.9,126.58,37.79,153.7,12.37,44.35,5.03,24.08,35.38,0.1428,57.17,49.851,1,burn_mark
B100894,M4,Night,5.2,226.97,69.09,106.8,69.33,85.7,15.53,71.37,5.71,6.99,18.51,0.0344,53.3,48.905,1,warpage
B100895,M5,Evening,2.2,252.38,43.6,136.9,77.75,109.9,15.72,55.69,5.35,7.66,19.91,0.005,44.2,50.633,1,burn_mark
B100896,M2,Day,13.9,255.22,62.21,138.94,41.67,148.2,9.3,89.69,3.77,17.16,25.25,0.1335,62.61,51.591,1,burn_mark
B100897,M1,Evening,13.2,240.13,55.47,127.94,74.93,114.7,18.35,83.89,8.39,14.07,27.83,0.2145,55.62,50.616,0,none
B100898,M1,Day,10.5,245.32,57.45,138.7,73.96,112.9,6.65,66.74,7.9,13.41,28.9,0.0069,41.57,51.099,0,none
B100899,M3,Day,5.4,204.17,47.68,120.11,50.11,113.4,13.11,66.06,5.24,17.36,27.93,0.092,41.47,48.998,0,none
B100900,M2,Day,5.8,233.05,51.48,153.51,30.26,122.9,18.6,87.82,6.55,17.28,29.75,0.0161,47.8,52.261,0,none
B100901,M2,Night,12.5,246.02,54.94,131.19,43.93,147.2,16.43,90.58,8.58,11.13,27.1,0.0452,54.47,50.877,1,burn_mark
B100902,M1,Evening,5.6,244.25,49.79,106.49,51.07,143.1,12.57,58.81,7.36,13.04,26.27,0.0668,27.87,49.888,0,none
B100903,M2,Evening,4.5,222.8,58.31,121.04,83.13,120.3,21.88,57.27,5.04,16.25,26.45,0.0059,41.99,49.358,0,none
B100904,M5,Day,14.5,232.06,59.57,117.71,58.23,147.3,12.24,66.39,5.37,16.84,29.4,0.0891,44.23,49.712,0,none
B100905,M3,Evening,6.8,209.64,76.73,116.24,44.9,128.5,5.99,75.17,2.92,18.42,27.05,0.113,35.62,49.233,1,burn_mark
B100906,M2,Night,14.1,239.13,57.78,95.14,62.22,141.5,15.81,63.84,6.66,13.08,25.53,0.0303,39.78,48.935,0,none
B100907,M1,Night,1.4,216.17,35.88,125.8,40.57,94.3,6.89,75.43,7.36,17.74,29.12,0.0309,51.37,50.358,1,burn_mark
B100908,M2,Evening,9.1,246.3,66.63,99.21,67.72,163.5,10.67,93.4,7.37,20.75,34.0,0.0386,45.11,50.061,0,none
B100909,M2,Night,15.3,246.83,52.96,82.12,45.34,125.5,16.49,53.13,6.55,16.23,29.47,0.0221,45.9,49.183,0,none
B100910,M4,Evening,7.1,230.26,75.12,114.84,47.51,51.3,12.16,64.65,6.03,15.49,27.08,0.0056,36.21,49.55,1,short_shot
B100911,M5,Evening,5.9,240.21,69.71,108.66,65.63,161.5,16.32,53.36,4.0,14.82,23.54,0.0129,47.86,49.61,1,burn_mark
B100912,M5,Night,2.3,232.83,49.95,107.08,86.25,120.1,9.37,59.96,5.98,12.91,24.41,0.0142,34.96,49.14,1,short_shot
B100913,M5,Day,11.3,237.42,62.22,73.45,92.97,110.1,17.43,66.46,4.55,11.31,21.25,0.0073,64.59,48.461,0,none
B100914,M5,Day,3.9,223.53,49.06,107.24,44.4,104.9,7.24,61.27,6.29,14.51,26.54,0.0639,67.43,49.606,1,burn_mark
B100915,M5,Day,6.6,241.22,55.03,117.4,51.05,131.0,19.27,76.24,4.35,18.25,28.09,0.06,45.27,50.064,0,none
B100916,M1,Evening,2.1,218.59,61.76,110.49,67.73,97.8,12.1,71.81,6.28,11.55,25.5,0.0066,38.78,49.516,1,burn_mark
B100917,M1,Evening,13.2,216.7,66.13,125.81,77.53,105.6,20.12,73.59,7.48,15.62,29.41,0.005,58.55,49.958,0,none
B100918,M2,Evening,11.6,233.78,63.95,140.89,27.54,106.2,10.64,66.32,6.07,15.04,25.37,0.005,55.92,51.135,0,none
B100919,M3,Evening,6.9,232.89,55.75,127.75,61.31,112.7,21.7,67.42,5.99,24.89,36.95,0.005,68.75,50.663,0,none
B100920,M1,Day,2.4,237.72,79.83,135.4,52.69,107.1,10.17,65.79,6.87,19.61,32.44,0.0685,71.41,50.27,1,short_shot
B100921,M4,Night,13.1,228.5,51.35,136.64,31.14,141.3,6.82,67.02,8.16,19.53,34.88,0.019,29.73,50.222,0,none
B100922,M3,Day,5.5,253.86,38.93,104.72,39.94,126.8,14.17,75.03,5.34,20.6,31.78,0.1084,61.59,50.576,0,none
B100923,M3,Night,2.6,236.61,40.85,126.59,51.48,129.8,18.94,46.92,6.28,13.27,25.37,0.015,47.77,49.395,0,none
B100924,M1,Day,0.0,237.33,69.74,134.93,60.88,135.3,17.16,73.46,7.77,22.88,38.51,0.0247,55.49,50.905,1,short_shot
B100925,M2,Evening,4.4,236.97,54.23,113.46,75.12,117.7,18.65,59.58,6.5,16.8,28.23,0.0587,57.78,49.155,0,none
B100926,M1,Evening,1.2,245.03,56.59,108.14,65.32,94.5,17.24,65.93,2.5,15.78,25.07,0.158,57.36,49.44,1,burn_mark
B100927,M5,Night,4.5,240.76,49.57,127.96,74.21,165.1,10.72,51.26,4.43,9.93,20.42,0.0318,60.0,49.781,0,none
B100928,M3,Day,10.0,239.42,50.47,97.78,60.4,143.2,17.07,65.7,6.63,13.99,26.12,0.0626,44.4,48.801,0,none
B100929,M4,Night,5.5,242.36,47.13,103.68,49.43,160.3,14.37,73.33,4.9,7.17,17.42,0.1416,40.47,49.454,0,none
B100930,M2,Evening,8.4,216.75,59.71,110.0,57.24,145.9,11.16,75.49,7.66,14.76,29.78,0.0747,61.87,48.978,0,none
B100931,M2,Evening,4.1,217.13,54.03,126.76,70.43,108.5,14.72,55.76,8.29,13.12,27.87,0.0249,41.28,49.78,0,none
B100932,M2,Evening,7.3,234.24,59.35,123.28,75.49,61.3,13.77,74.91,4.61,14.01,25.22,0.005,68.61,50.026,0,none
B100933,M4,Day,14.7,233.02,58.39,135.49,57.78,89.3,19.66,83.68,3.95,9.07,19.91,0.0527,42.36,50.736,1,warpage
B100934,M4,Evening,5.6,240.8,50.74,106.17,46.06,135.9,11.94,64.08,4.96,19.52,30.82,0.0367,46.19,49.672,1,short_shot
B100935,M1,Day,8.5,235.2,40.41,105.37,65.03,117.5,11.75,70.01,4.87,18.96,28.77,0.1046,48.1,49.508,0,none
B100936,M5,Day,0.7,240.82,39.54,127.86,67.17,109.5,11.21,45.18,7.8,24.45,36.68,0.0298,34.59,49.586,0,none
B100937,M1,Evening,13.1,222.54,85.0,108.02,78.49,57.6,21.59,59.24,3.95,24.31,35.79,0.0151,34.62,49.388,1,burn_mark
B100938,M5,Evening,5.1,234.89,69.78,110.95,49.82,119.7,11.43,73.25,6.61,16.78,29.6,0.1809,59.12,49.276,0,none
B100939,M1,Day,11.2,221.59,68.4,92.15,49.98,93.0,19.19,81.47,7.58,21.12,34.78,0.0638,32.8,48.788,0,none
B100940,M2,Day,6.5,238.87,48.25,124.36,71.34,101.9,9.87,62.81,6.73,17.31,31.84,0.0643,75.0,50.407,0,none
B100941,M4,Day,9.4,216.22,55.1,143.12,53.89,141.3,16.03,102.03,6.15,13.86,24.95,0.0348,49.06,51.207,0,none
B100942,M1,Day,9.7,238.48,46.85,104.56,53.25,94.3,15.05,73.77,5.26,14.61,23.34,0.0641,39.71,49.023,0,none
B100943,M2,Evening,5.2,220.31,41.88,135.33,78.81,96.7,18.93,54.72,8.27,19.19,31.66,0.082,54.2,49.857,0,none
B100944,M2,Day,11.4,231.16,49.11,119.11,39.43,124.6,18.35,85.45,5.13,32.0,42.6,0.0371,25.38,49.874,0,none
B100945,M1,Night,4.0,243.95,68.26,93.52,90.84,141.8,14.33,54.96,6.92,21.83,34.87,0.027,46.66,49.186,0,none
B100946,M4,Day,10.1,237.27,63.41,106.58,50.81,109.9,11.85,73.94,5.26,17.23,29.89,0.0354,47.95,50.124,0,none
B100947,M5,Day,5.4,218.54,45.3,105.65,73.0,156.7,20.5,58.85,2.74,18.42,28.0,0.0372,37.34,49.704,0,none
B100948,M5,Night,8.4,228.28,51.85,115.25,58.37,88.0,11.45,53.71,5.1,18.37,26.91,0.0101,43.68,49.343,0,none
B100949,M2,Day,5.2,219.99,62.49,126.29,64.07,83.6,4.93,81.55,5.27,15.55,29.61,0.0899,65.26,49.728,1,burn_mark
B100950,M3,Evening,7.2,218.05,49.29,147.73,56.06,81.5,6.57,66.88,5.28,19.78,30.66,0.005,51.83,50.366,1,burn_mark
B100951,M1,Night,2.7,236.18,55.8,98.53,72.85,78.7,7.54,90.71,4.51,15.22,26.96,0.1007,53.99,49.478,0,none
B100952,M1,Night,8.0,240.6,59.02,112.73,54.79,128.4,16.38,57.78,6.44,10.94,23.93,0.0923,42.13,49.809,0,none
B100953,M1,Evening,7.2,239.41,58.91,106.56,51.41,95.6,22.86,51.28,6.61,18.41,31.02,0.0917,36.77,48.733,1,burn_mark
B100954,M5,Day,4.8,241.03,57.54,100.98,87.2,84.7,5.84,64.24,5.04,19.08,29.88,0.0617,47.59,49.131,0,none
B100955,M5,Evening,6.8,234.88,48.46,121.43,60.44,129.5,10.87,104.69,5.03,15.27,25.19,0.0988,25.42,50.375,0,none
B100956,M4,Night,7.5,232.27,49.49,120.02,49.86,140.6,14.36,80.01,3.92,17.55,26.19,0.0876,39.03,50.082,1,short_shot
B100957,M3,Night,4.5,224.27,43.66,92.79,37.65,146.3,20.18,76.65,5.88,20.8,32.52,0.0099,37.48,49.863,1,burn_mark
B100958,M2,Day,6.5,230.6,39.39,120.27,87.98,141.9,10.85,77.04,7.57,15.74,27.92,0.0358,29.61,50.154,1,burn_mark
B100959,M3,Day,3.0,221.79,53.85,101.92,51.72,97.0,16.36,64.18,7.57,13.76,28.98,0.113,56.49,49.481,1,burn_mark
B100960,M3,Day,16.4,226.55,63.16,120.18,90.93,126.9,13.0,102.75,4.6,12.45,23.15,0.0697,48.69,50.447,0,none
B100961,M2,Day,11.2,235.89,41.2,139.04,65.98,132.4,24.43,75.5,8.49,14.73,31.31,0.005,43.8,50.542,0,none
B100962,M1,Evening,8.1,233.82,57.73,126.95,62.14,108.1,14.58,74.37,4.96,23.67,34.2,0.097,56.71,50.24,0,none
B100963,M1,Day,11.7,265.0,62.85,122.66,62.55,124.1,15.42,81.82,3.98,15.01,24.39,0.0316,33.56,50.19,1,burn_mark
B100964,M5,Day,0.0,221.54,36.63,112.07,93.24,88.7,14.34,54.72,3.46,17.8,27.85,0.0191,36.56,48.49,1,burn_mark
B100965,M2,Day,0.0,233.75,52.29,121.0,27.12,104.3,12.34,59.45,3.89,14.38,24.0,0.1684,61.17,50.173,0,none
B100966,M5,Evening,5.4,220.76,71.46,128.45,63.22,129.3,17.8,67.05,6.0,13.95,26.92,0.0355,72.81,49.557,0,none
B100967,M1,Day,1.5,231.12,60.52,126.96,56.02,157.7,9.36,81.9,5.11,11.6,24.16,0.005,56.84,50.67,1,warpage
B100968,M3,Evening,6.1,231.53,36.3,118.51,56.8,148.8,5.99,54.42,4.55,16.5,28.15,0.0744,54.72,49.606,0,none
B100969,M1,Day,7.8,243.45,61.58,123.26,62.24,136.5,13.4,69.19,4.23,13.41,25.01,0.0228,44.18,50.082,1,burn_mark
B100970,M2,Night,10.7,230.5,47.52,100.25,56.01,122.0,17.26,67.49,3.87,22.37,33.06,0.0691,44.41,49.118,0,none
B100971,M1,Day,2.4,233.09,61.91,108.98,62.82,118.1,11.68,51.11,4.17,15.46,25.08,0.031,52.27,49.393,0,none
B100972,M1,Evening,8.6,230.7,48.1,130.61,59.65,83.8,14.75,63.89,7.02,15.78,29.94,0.005,63.73,50.372,0,none
B100973,M5,Day,7.1,220.99,54.47,132.63,40.3,99.1,9.12,76.51,8.21,15.1,30.0,0.005,54.27,50.188,0,none
B100974,M2,Day,8.4,228.48,49.62,121.4,65.72,99.9,18.25,52.2,8.3,17.86,31.54,0.1011,59.58,49.348,0,none
B100975,M3,Day,4.9,231.18,55.03,142.18,70.74,134.4,16.61,86.94,6.53,23.45,35.49,0.0205,40.84,50.774,1,short_shot
B100976,M2,Day,12.5,235.74,49.33,127.62,51.87,143.6,14.08,75.62,4.76,10.8,21.47,0.0868,56.17,50.546,0,none
B100977,M2,Day,6.6,240.59,52.76,116.5,88.02,138.4,14.67,74.15,4.5,17.39,29.0,0.005,43.29,49.89,0,none
B100978,M3,Evening,14.1,232.65,43.24,101.7,80.03,149.6,8.43,70.1,6.63,8.16,20.91,0.0185,51.4,49.182,1,short_shot
B100979,M1,Evening,3.8,232.48,59.91,141.58,72.66,121.8,8.6,56.89,5.13,22.12,33.24,0.0424,56.16,50.469,0,none
B100980,M5,Day,10.0,217.79,56.75,131.55,72.48,95.4,13.51,62.2,6.12,15.46,27.42,0.034,44.69,49.76,0,none
B100981,M4,Evening,6.8,240.4,38.83,146.97,60.45,118.8,16.05,74.34,8.4,8.53,22.57,0.0263,39.83,50.484,1,short_shot
B100982,M4,Evening,5.7,228.04,64.93,152.5,77.12,101.9,16.26,62.18,5.83,9.62,20.28,0.0244,53.63,51.011,1,short_shot
B100983,M2,Day,9.5,242.47,53.24,100.7,83.56,136.4,12.55,72.26,8.92,20.07,35.78,0.0474,48.65,49.686,0,none
B100984,M1,Day,5.8,248.16,56.62,100.73,72.12,111.0,16.98,59.21,3.81,7.68,16.47,0.005,51.36,48.801,1,short_shot
B100985,M5,Day,0.0,233.12,62.65,77.05,51.45,117.5,19.68,75.42,6.17,17.39,29.63,0.005,56.57,48.94,0,none
B100986,M2,Day,0.0,224.77,58.28,133.78,59.4,137.3,13.65,76.31,5.97,13.86,25.42,0.0535,63.07,50.847,1,burn_mark
B100987,M1,Evening,12.1,234.83,66.65,129.85,68.61,101.5,15.24,50.47,4.02,15.03,25.82,0.0551,56.63,49.71,0,none
B100988,M2,Night,11.9,238.49,52.07,121.47,72.57,144.1,13.17,70.81,6.7,12.63,24.99,0.1087,55.32,50.257,1,warpage
B100989,M4,Night,14.5,231.84,65.34,101.61,58.84,86.3,13.49,51.74,7.8,11.24,24.03,0.0717,45.0,49.436,0,none
B100990,M3,Night,6.9,229.36,56.23,118.66,51.5,127.7,14.68,47.67,8.8,13.56,29.36,0.005,46.53,49.608,0,none
B100991,M4,Evening,1.8,240.64,60.08,122.77,83.76,117.7,20.81,62.87,6.12,18.86,30.15,0.005,54.55,50.538,0,none
B100992,M4,Day,5.3,239.98,59.04,131.74,43.92,140.7,17.66,103.56,2.65,14.54,23.34,0.1209,46.37,51.486,0,none
B100993,M1,Day,7.0,231.54,67.41,124.09,45.88,85.6,17.3,79.3,6.22,18.11,31.6,0.0226,54.5,50.434,1,short_shot
B100994,M5,Day,3.0,218.46,62.21,129.96,40.09,81.7,12.19,86.71,6.61,14.79,26.67,0.0765,41.84,50.525,1,burn_mark
B100995,M2,Day,13.6,239.56,50.57,118.14,45.85,138.8,10.41,77.3,5.15,19.06,30.1,0.005,69.29,50.284,0,none
B100996,M3,Day,16.0,227.33,48.59,137.72,78.71,110.2,15.56,72.47,5.82,18.07,29.47,0.0656,51.94,50.081,0,none
B100997,M1,Evening,8.9,237.14,54.5,129.48,79.21,117.7,18.97,80.74,4.77,13.3,24.2,0.0087,51.28,49.949,0,none
B100998,M5,Day,7.0,236.51,47.4,102.2,58.89,103.5,20.89,62.33,5.3,11.23,22.46,0.2116,45.17,49.031,1,burn_mark
B100999,M2,Day,1.8,216.11,44.48,140.84,67.44,142.8,4.19,75.65,7.03,20.78,34.72,0.053,69.13,50.33,0,none
B101000,M1,Evening,13.2,235.81,33.72,138.38,59.84,127.5,23.79,84.13,7.58,11.93,24.9,0.0721,37.47,51.129,1,short_shot
B101001,M2,Day,7.3,240.15,39.51,126.98,42.12,126.0,15.67,78.39,3.59,18.5,29.37,0.0728,42.97,50.748,1,short_shot
B101002,M1,Night,5.8,241.37,74.85,124.21,93.27,90.8,17.64,84.91,4.73,16.16,28.49,0.03,58.54,50.247,0,none
B101003,M1,Day,8.9,236.17,48.43,144.88,80.62,132.5,7.04,72.19,3.12,13.68,23.06,0.077,52.4,51.344,0,none
B101004,M3,Evening,4.7,215.23,74.03,95.5,65.32,95.2,13.05,90.3,8.26,18.15,31.61,0.005,44.23,49.91,1,burn_mark
B101005,M2,Day,7.6,247.77,59.03,138.62,47.16,103.5,17.29,67.5,6.81,22.84,35.6,0.0109,44.52,50.509,0,none
B101006,M5,Evening,1.2,239.11,54.5,112.86,56.63,85.9,9.3,95.41,2.5,19.13,27.5,0.0569,47.09,50.636,0,none
B101007,M2,Day,11.3,222.97,39.99,136.43,49.61,116.1,3.0,76.88,5.4,16.65,29.82,0.0332,51.02,50.138,0,none
B101008,M4,Day,6.6,227.12,55.05,121.81,61.46,146.6,15.34,65.39,5.07,24.11,35.08,0.1934,65.54,49.923,1,burn_mark
B101009,M2,Evening,11.6,237.31,73.92,101.36,64.65,125.7,13.8,55.85,4.37,7.63,19.38,0.2095,56.05,48.665,1,burn_mark
B101010,M3,Day,6.2,241.8,70.58,112.55,54.88,109.0,19.77,60.3,7.05,10.44,23.6,0.005,60.23,49.523,0,none
B101011,M3,Day,6.5,230.12,57.74,135.33,38.18,122.7,13.36,58.49,7.02,13.68,26.74,0.0678,45.66,50.593,0,none
B101012,M2,Night,2.2,243.26,43.51,116.85,91.98,122.6,13.65,68.94,5.9,23.1,34.65,0.0244,55.16,49.529,0,none
B101013,M5,Day,10.0,217.07,45.43,110.68,63.56,121.7,16.79,54.71,4.54,20.71,30.99,0.0728,34.45,48.732,0,none
B101014,M2,Evening,3.5,224.58,46.47,110.58,66.85,124.4,18.13,85.51,4.55,7.42,18.86,0.1695,51.82,49.562,1,burn_mark
B101015,M1,Evening,5.1,214.36,67.78,129.63,53.66,94.0,11.17,71.33,5.57,13.82,24.65,0.0641,51.18,49.739,0,none
B101016,M3,Day,7.0,226.03,71.32,146.26,36.57,122.7,17.78,70.84,4.81,9.38,21.15,0.005,68.21,51.049,1,short_shot
B101017,M4,Evening,7.5,250.08,56.96,87.89,58.75,76.1,11.91,56.02,5.49,15.8,28.73,0.0123,65.58,49.417,1,short_shot
B101018,M1,Day,0.2,255.58,51.97,162.01,55.15,134.4,14.07,60.77,6.34,20.51,32.25,0.0307,47.42,51.364,1,burn_mark
B101019,M2,Evening,6.1,237.35,70.49,123.06,70.64,92.4,16.68,43.36,3.2,20.88,31.29,0.0073,41.83,49.848,0,none
B101020,M5,Day,10.2,228.62,45.21,128.7,73.59,149.4,17.38,89.41,4.36,17.34,28.75,0.005,42.1,50.217,0,none
B101021,M4,Day,5.5,232.78,55.52,113.46,71.48,58.9,15.27,52.99,5.45,13.87,26.19,0.0133,47.05,49.28,0,none
B101022,M5,Day,6.1,239.73,59.63,119.95,74.82,161.9,9.68,53.9,7.85,15.52,28.73,0.1067,63.02,50.223,0,none
B101023,M3,Night,7.6,219.37,46.37,122.89,87.05,79.0,6.52,86.96,6.77,19.42,32.06,0.1167,54.15,49.859,1,burn_mark
B101024,M3,Night,6.5,229.28,48.64,104.26,65.85,90.0,13.25,74.65,5.49,27.74,39.11,0.068,55.18,49.851,0,none
B101025,M2,Night,2.9,249.35,47.86,107.91,76.49,127.5,17.89,71.45,6.1,10.07,24.27,0.005,58.11,49.465,0,none
B101026,M5,Evening,6.9,224.54,69.17,137.77,67.41,135.5,15.8,74.08,5.35,23.94,35.28,0.1135,40.06,50.377,1,burn_mark
B101027,M2,Evening,11.0,227.51,74.14,96.71,31.5,112.9,14.97,81.45,7.12,17.22,30.15,0.033,42.91,49.403,0,none
B101028,M4,Evening,2.8,235.13,56.15,126.62,57.68,142.3,13.97,71.2,6.15,20.1,31.1,0.046,55.2,50.271,0,none
B101029,M2,Night,5.5,237.83,52.32,114.44,46.98,100.1,15.24,51.48,7.42,16.93,29.37,0.1539,42.21,49.719,0,none
B101030,M3,Evening,1.5,228.75,49.0,105.59,63.47,110.0,10.02,78.8,3.47,23.02,31.8,0.0256,34.74,49.88,0,none
B101031,M4,Day,10.8,235.77,55.02,149.58,48.13,112.4,17.12,75.07,4.29,17.65,28.3,0.0162,39.17,50.916,0,none
B101032,M3,Evening,6.6,241.08,49.5,105.68,69.09,106.5,17.39,84.06,5.91,12.76,23.24,0.0288,60.54,49.793,0,none
B101033,M5,Evening,3.6,254.61,54.03,103.05,74.72,71.6,12.58,55.01,6.24,18.25,29.82,0.0376,46.26,49.755,1,burn_mark
B101034,M2,Day,7.4,233.74,59.13,117.2,78.05,119.4,15.75,61.25,9.1,21.63,34.87,0.0598,52.26,49.118,0,none
B101035,M3,Day,2.2,234.59,50.95,108.47,84.29,117.1,7.13,74.71,2.79,16.0,26.19,0.0637,39.67,48.633,0,none
B101036,M2,Day,2.9,250.27,53.1,120.1,34.86,147.0,14.72,58.67,5.45,5.63,17.19,0.0377,53.79,50.028,1,burn_mark
B101037,M2,Night,1.2,229.51,53.15,122.33,42.01,87.9,13.47,41.77,5.38,15.43,27.12,0.0325,47.3,49.816,0,none
B101038,M2,Day,2.7,221.76,51.82,123.52,103.92,104.0,19.04,72.37,5.86,16.49,27.26,0.0157,54.46,49.544,0,none
B101039,M1,Night,12.4,237.5,50.59,118.14,75.14,150.1,13.21,80.74,8.1,15.78,31.04,0.0785,45.22,49.71,0,none
B101040,M1,Evening,4.1,245.76,62.62,109.47,63.37,127.3,17.47,68.45,6.81,13.52,27.84,0.0334,55.04,49.806,0,none
B101041,M3,Night,8.9,238.61,37.29,129.65,60.48,133.7,12.44,76.58,3.09,22.62,31.78,0.2089,44.73,50.342,0,none
B101042,M3,Day,3.7,234.03,70.74,118.32,59.15,131.3,4.86,74.84,7.8,4.14,17.46,0.0372,49.2,49.493,1,warpage
B101043,M3,Night,10.0,220.52,56.36,112.57,30.99,131.4,13.1,70.13,7.76,16.47,30.78,0.0191,47.28,49.733,0,none
B101044,M1,Evening,2.9,234.42,61.1,142.2,48.42,165.5,14.79,71.63,5.89,16.54,29.17,0.0178,50.26,51.066,0,none
B101045,M2,Day,7.2,247.33,62.25,118.18,58.32,122.3,14.6,86.19,3.07,26.47,36.42,0.0388,52.79,50.374,0,none
B101046,M1,Day,7.2,222.66,47.92,136.38,49.26,94.7,14.66,58.43,5.27,15.93,27.86,0.0764,45.05,49.653,0,none
B101047,M4,Day,16.3,232.55,45.86,138.4,51.22,136.0,11.97,79.28,6.2,18.23,31.4,0.2136,48.8,51.393,1,burn_mark
B101048,M5,Day,9.5,231.13,44.68,139.32,98.38,105.8,12.71,55.83,6.99,16.63,28.93,0.0669,51.86,49.506,0,none
B101049,M1,Evening,4.6,228.02,52.53,130.37,56.23,117.3,9.49,60.46,2.84,16.47,26.23,0.1043,55.08,50.184,0,none
B101050,M3,Night,9.7,237.48,61.99,119.99,64.17,129.3,6.01,84.35,4.35,24.81,34.71,0.0312,49.24,50.574,0,none
B101051,M1,Evening,15.6,239.43,49.16,119.04,63.64,99.5,13.57,55.48,7.15,10.44,21.08,0.1088,41.13,49.859,0,none
B101052,M2,Evening,0.5,239.33,61.08,116.34,68.84,107.2,11.02,67.1,7.75,12.66,25.95,0.216,50.86,49.727,0,none
B101053,M1,Evening,3.6,225.23,31.32,87.5,52.84,131.9,18.32,98.34,6.15,19.77,31.36,0.1035,56.7,48.881,1,short_shot
B101054,M2,Night,6.1,218.54,51.14,130.78,78.7,106.3,5.27,82.31,7.22,17.28,30.75,0.0218,36.67,50.546,0,none
B101055,M3,Night,5.3,237.62,66.67,123.67,66.65,144.3,15.16,61.15,6.18,14.58,27.6,0.0424,36.79,49.498,1,burn_mark
B101056,M5,Day,5.7,229.94,53.29,132.38,40.69,95.3,22.49,63.21,6.94,15.65,28.78,0.0958,43.38,50.693,0,none
B101057,M1,Night,1.8,253.38,46.71,118.24,58.39,95.3,13.27,67.96,5.72,20.57,34.3,0.1292,48.08,50.587,0,none
B101058,M3,Day,12.6,253.85,48.43,129.97,57.42,167.7,13.99,85.74,6.22,18.43,30.12,0.0404,28.03,50.495,0,none
B101059,M4,Night,1.3,254.91,25.0,99.34,56.73,81.7,15.71,57.98,3.67,12.44,20.11,0.0139,55.74,49.038,1,burn_mark
B101060,M5,Night,6.2,225.6,44.88,102.46,67.64,119.3,16.02,57.25,6.58,17.19,30.05,0.005,48.17,48.864,0,none
B101061,M3,Evening,11.2,240.69,65.57,82.86,69.52,166.3,12.37,78.56,3.62,15.75,24.83,0.0595,26.49,49.369,0,none
B101062,M2,Day,6.9,243.71,49.17,117.98,67.75,119.3,9.97,49.83,6.58,18.35,29.85,0.0404,38.87,49.38,1,burn_mark
B101063,M3,Evening,3.1,242.58,50.35,108.41,65.08,153.7,16.61,59.07,4.84,14.39,24.94,0.005,46.99,49.529,0,none
B101064,M2,Day,1.6,231.46,31.68,106.45,61.28,136.3,6.37,68.98,6.05,9.96,21.23,0.0109,32.27,49.331,0,none
B101065,M5,Night,6.1,247.79,38.69,125.02,27.73,119.8,17.33,69.59,4.07,19.36,28.75,0.0732,59.7,50.932,1,burn_mark
B101066,M2,Day,4.0,235.0,66.9,113.62,71.67,116.7,12.43,53.62,4.74,18.74,31.01,0.0412,51.87,49.142,1,short_shot
B101067,M3,Evening,7.8,236.28,61.17,98.5,67.33,67.0,14.01,74.24,6.05,23.08,35.25,0.0873,56.78,49.134,0,none
B101068,M1,Night,1.4,219.62,42.03,158.17,45.23,112.0,11.9,76.65,6.63,9.42,21.78,0.005,39.71,50.834,1,short_shot
B101069,M2,Day,10.3,241.45,48.69,119.44,64.21,125.8,19.72,62.05,7.14,15.65,30.39,0.0699,54.11,49.507,0,none
B101070,M5,Day,7.5,232.4,54.71,103.75,69.72,125.8,15.0,89.93,3.77,14.85,24.33,0.0747,43.39,50.147,0,none
B101071,M3,Evening,7.8,239.65,43.04,109.95,77.57,181.6,12.71,74.08,3.25,14.02,22.04,0.0499,48.08,49.549,0,none
B101072,M2,Evening,12.8,237.35,34.96,117.4,67.65,127.0,12.6,57.94,4.04,8.29,17.01,0.1504,53.53,49.307,1,burn_mark
B101073,M5,Day,5.2,236.81,53.41,117.37,64.82,135.8,13.41,89.45,3.9,10.67,20.49,0.0241,49.3,49.704,0,none
B101074,M5,Day,4.1,234.54,60.73,139.53,74.2,149.1,23.59,63.72,7.85,17.35,29.56,0.1948,58.08,50.217,1,burn_mark
B101075,M2,Evening,4.8,242.87,60.92,118.81,55.4,133.5,8.73,72.15,7.51,13.5,25.84,0.0701,51.39,49.884,0,none
B101076,M3,Evening,6.2,233.01,63.75,147.83,66.18,117.8,18.33,64.16,4.01,11.87,21.49,0.0167,45.37,50.273,1,short_shot
B101077,M2,Evening,6.6,220.45,39.46,113.51,50.68,118.0,16.27,77.49,8.07,23.15,38.35,0.0551,58.43,49.559,0,none
B101078,M3,Day,3.7,240.69,55.58,126.4,76.65,111.2,20.16,64.22,7.42,27.87,42.58,0.0179,60.54,50.038,0,none
B101079,M2,Evening,0.0,226.91,52.32,135.33,35.85,131.1,16.52,64.95,3.06,15.72,25.43,0.0221,50.88,50.073,0,none
B101080,M1,Day,4.8,221.76,54.13,137.93,72.25,115.7,14.01,68.08,3.95,8.49,18.44,0.0152,63.36,50.071,1,burn_mark
B101081,M5,Day,8.4,224.78,52.88,139.68,60.27,135.6,18.08,63.98,3.01,17.98,26.42,0.0454,47.65,50.624,0,none
B101082,M5,Evening,7.5,237.83,48.4,115.92,74.48,94.8,14.92,82.86,5.37,5.57,17.33,0.0062,48.72,49.839,0,none
B101083,M4,Day,11.8,234.03,25.0,119.92,48.29,123.7,17.02,54.91,5.53,9.25,22.56,0.0346,50.04,49.426,0,none
B101084,M5,Evening,14.8,213.67,66.62,82.81,61.35,158.8,19.71,69.55,5.52,18.07,29.73,0.0903,48.7,48.911,1,burn_mark
B101085,M4,Night,10.0,231.16,58.3,117.06,60.91,114.4,14.37,71.07,2.46,9.08,17.08,0.1653,46.89,49.836,0,none
B101086,M4,Evening,12.5,246.69,40.16,136.37,66.51,166.1,12.3,68.5,3.36,14.52,23.72,0.0965,42.85,50.51,0,none
B101087,M4,Evening,10.1,230.49,59.73,133.45,44.29,124.1,11.42,81.62,5.89,8.58,20.21,0.0209,40.06,50.908,0,none
B101088,M2,Day,13.8,233.35,50.53,118.7,69.54,118.6,15.8,51.95,6.43,16.28,29.26,0.0056,51.11,49.45,0,none
B101089,M2,Day,14.4,245.43,50.81,145.49,32.31,122.9,10.49,76.82,2.47,21.62,29.32,0.1119,61.98,51.359,0,none
B101090,M1,Day,10.8,242.95,47.32,114.24,49.98,112.2,12.6,55.06,3.58,12.94,22.92,0.0298,58.14,49.198,1,burn_mark
B101091,M3,Night,9.8,245.22,60.37,109.26,36.56,70.5,10.13,63.89,7.03,15.9,29.5,0.0098,53.88,49.649,1,burn_mark
B101092,M2,Night,6.2,207.27,47.0,112.98,72.42,142.0,16.03,53.83,3.66,11.92,21.93,0.0072,62.49,49.578,1,burn_mark
B101093,M2,Day,6.8,252.34,44.03,103.16,66.0,174.8,10.99,66.01,5.48,12.27,22.66,0.0104,50.19,49.251,1,burn_mark
B101094,M3,Day,5.6,241.36,66.32,129.34,66.84,132.0,8.85,63.06,3.52,11.84,21.21,0.1739,40.11,50.192,1,burn_mark
B101095,M2,Day,9.5,259.61,53.21,124.33,82.1,133.5,9.56,89.66,6.75,19.93,32.15,0.0973,46.51,51.281,1,burn_mark
B101096,M1,Evening,4.1,227.18,53.53,129.15,55.26,115.4,11.72,72.9,2.47,8.93,17.33,0.0334,49.39,50.503,0,none
B101097,M4,Evening,6.2,217.37,61.92,113.78,69.14,148.9,12.08,75.28,5.04,14.34,24.72,0.1215,44.88,49.665,1,burn_mark
B101098,M5,Evening,0.0,235.07,48.32,119.13,60.99,119.0,15.01,56.71,6.91,18.05,32.2,0.0132,56.1,49.419,1,burn_mark
B101099,M1,Night,13.9,232.25,50.32,87.32,58.71,126.7,13.35,78.88,6.42,20.55,33.15,0.1484,59.36,48.951,1,short_shot
B101100,M1,Day,6.1,241.54,58.06,125.64,79.6,80.9,15.48,89.66,4.8,18.2,27.39,0.0186,32.68,50.356,1,burn_mark
B101101,M2,Evening,8.8,245.75,39.59,121.48,91.23,106.8,15.8,80.44,4.45,15.64,24.76,0.03,48.55,50.22,0,none
B101102,M4,Evening,12.8,234.13,57.21,103.49,53.53,129.2,16.96,54.26,5.15,13.16,25.51,0.072,25.0,49.687,0,none
B101103,M4,Day,8.2,232.59,47.44,118.43,72.51,142.7,6.37,64.43,3.57,20.63,30.01,0.0103,49.08,49.721,0,none
B101104,M1,Night,12.8,240.23,63.55,116.13,64.79,143.4,9.49,71.3,5.35,11.66,22.62,0.007,48.97,49.741,1,burn_mark
B101105,M4,Day,2.0,232.44,60.47,146.46,64.97,80.5,16.22,63.07,5.38,11.74,24.24,0.0274,67.76,50.533,0,none
B101106,M1,Evening,16.6,231.6,59.15,104.08,63.71,83.1,14.85,100.4,4.87,22.76,33.48,0.0069,64.76,50.225,0,none
B101107,M2,Evening,11.3,245.37,38.93,124.97,55.0,134.6,17.91,64.21,7.0,17.8,29.61,0.0523,59.32,50.357,0,none
B101108,M5,Night,7.8,247.6,53.97,103.64,15.0,101.3,7.82,69.48,3.89,17.98,26.74,0.005,40.4,50.051,0,none
B101109,M1,Evening,12.7,245.84,43.23,111.63,83.02,142.4,12.1,62.8,2.94,18.99,28.56,0.031,39.82,49.145,1,burn_mark
B101110,M1,Day,2.3,233.32,54.63,124.15,49.58,79.2,12.81,72.78,4.71,15.53,28.27,0.0153,39.04,50.636,0,none
B101111,M2,Night,5.8,213.6,31.85,116.83,56.38,117.5,14.67,86.59,5.69,8.81,21.34,0.1508,65.27,49.86,1,burn_mark
B101112,M3,Night,12.8,233.52,39.59,119.91,56.7,119.1,14.14,71.38,5.34,17.26,28.21,0.0895,40.9,50.122,0,none
B101113,M5,Evening,0.0,227.42,66.89,124.99,48.24,132.0,15.88,67.37,5.27,15.91,26.96,0.1685,46.14,49.864,1,burn_mark
B101114,M5,Night,9.2,233.7,58.69,112.59,63.6,94.2,13.54,57.11,3.81,11.7,21.56,0.0081,41.0,49.219,0,none
B101115,M1,Day,9.1,228.29,51.46,133.26,59.34,70.8,19.49,84.51,4.03,10.55,18.56,0.024,37.42,50.768,0,none
B101116,M1,Evening,14.9,234.79,45.91,115.42,49.25,124.3,20.76,68.28,4.77,15.77,26.56,0.0843,53.33,49.489,0,none
B101117,M4,Night,0.7,224.61,44.16,118.54,62.24,133.2,9.53,67.76,4.65,9.21,20.44,0.0263,51.53,49.326,0,none
B101118,M2,Day,13.4,222.19,57.0,125.42,59.5,145.2,14.18,41.93,7.15,15.28,30.2,0.1497,27.75,49.942,0,none
B101119,M5,Evening,4.8,247.23,51.56,123.41,73.92,111.0,17.19,68.47,5.9,14.68,27.67,0.0851,36.98,50.405,1,burn_mark
B101120,M3,Night,5.2,225.3,70.47,129.66,39.89,139.4,16.34,65.19,4.7,15.4,28.04,0.1175,52.55,50.395,1,burn_mark
B101121,M1,Night,2.1,235.0,53.15,124.75,47.92,132.1,12.37,48.09,7.14,18.01,32.84,0.245,49.28,49.45,1,burn_mark
B101122,M4,Night,2.6,244.55,55.59,127.04,70.88,153.1,15.02,81.88,6.17,19.11,32.67,0.0608,45.99,50.56,0,none
B101123,M1,Day,8.6,244.14,41.11,115.12,50.4,118.6,7.67,63.58,3.46,12.44,21.93,0.0153,56.06,49.932,0,none
B101124,M2,Night,2.6,242.95,51.39,103.97,46.45,76.8,13.92,92.75,1.5,20.35,28.19,0.0595,35.57,50.074,0,none
B101125,M3,Day,10.0,238.03,56.77,98.59,51.15,118.3,8.16,86.97,3.51,14.9,22.74,0.0235,44.05,49.8,0,none
B101126,M3,Evening,4.3,242.24,51.27,94.94,58.49,122.2,16.03,61.36,6.39,24.77,37.29,0.1581,55.18,48.698,1,burn_mark
B101127,M3,Evening,2.1,248.73,50.14,146.44,58.54,133.0,9.54,86.43,6.84,13.07,26.48,0.0182,43.51,50.618,1,short_shot
B101128,M3,Night,4.9,239.25,58.27,86.81,56.85,81.7,14.65,89.33,3.01,7.94,16.67,0.0207,53.13,49.59,1,short_shot
B101129,M5,Night,8.3,216.63,70.15,137.91,44.57,112.2,15.28,63.29,6.49,20.17,31.11,0.132,38.54,50.338,0,none
B101130,M5,Evening,5.9,229.71,56.45,107.69,71.6,141.7,14.3,57.61,6.43,18.13,32.14,0.0346,41.76,49.276,0,none
B101131,M3,Evening,7.1,241.96,66.44,137.8,79.89,117.4,11.47,44.14,7.59,22.01,36.01,0.005,32.18,50.191,0,none
B101132,M1,Evening,9.8,228.73,61.22,86.96,31.34,112.4,13.16,74.57,6.93,17.55,32.19,0.005,29.43,49.472,0,none
B101133,M4,Evening,11.3,251.2,65.84,116.47,36.7,167.7,18.72,58.32,7.53,27.7,41.97,0.032,45.24,50.656,0,none
B101134,M5,Evening,5.8,234.37,48.9,141.81,75.04,93.2,12.3,74.93,6.23,15.06,28.66,0.0191,54.5,51.006,1,short_shot
B101135,M2,Day,2.8,235.85,52.93,130.7,83.55,150.8,14.09,63.19,6.18,21.23,34.58,0.0527,48.85,49.982,0,none
B101136,M2,Evening,7.3,246.25,52.97,114.94,28.06,145.5,11.77,60.64,4.99,13.37,23.69,0.1448,61.6,50.205,0,none
B101137,M2,Night,8.9,233.17,60.46,90.86,72.23,114.4,18.08,63.26,6.73,18.46,30.68,0.0629,46.07,48.92,0,none
B101138,M1,Evening,1.2,236.76,62.92,100.16,84.57,119.2,14.31,54.4,3.5,19.39,28.46,0.0304,28.8,48.337,0,none
B101139,M3,Night,3.4,243.99,56.25,140.84,47.06,119.1,10.94,63.26,5.29,20.16,30.49,0.005,53.44,51.076,0,none
B101140,M2,Day,4.1,220.28,63.77,114.78,83.7,124.5,14.03,61.16,6.31,19.88,33.96,0.0935,39.21,49.414,1,burn_mark
B101141,M4,Evening,6.2,232.15,49.37,118.92,57.33,105.1,13.04,69.83,7.61,4.0,17.65,0.0078,51.26,49.368,1,warpage
B101142,M4,Day,4.0,243.29,63.85,124.25,64.72,109.3,19.57,71.25,4.78,15.66,26.9,0.0101,27.15,50.772,0,none
B101143,M4,Day,9.8,235.66,65.16,100.46,49.21,111.1,13.82,57.15,6.95,13.12,24.74,0.0248,47.25,49.125,0,none
B101144,M2,Evening,0.6,249.67,61.77,126.11,75.02,111.9,8.47,83.21,5.2,14.11,26.13,0.193,57.03,50.474,1,burn_mark
B101145,M2,Day,0.7,219.24,56.34,113.71,72.52,112.2,15.99,68.09,6.98,14.58,27.15,0.027,55.8,49.361,0,none
B101146,M4,Day,5.7,218.1,62.13,124.41,85.87,64.0,21.14,88.03,4.3,20.89,32.45,0.054,47.49,49.92,1,burn_mark
B101147,M4,Evening,6.3,242.7,46.06,111.33,81.61,122.4,18.79,72.89,6.59,17.01,28.92,0.013,49.49,50.535,1,burn_mark
B101148,M2,Evening,1.2,243.66,56.98,96.4,59.86,106.8,9.59,70.83,5.36,13.46,26.15,0.0444,45.03,49.349,0,none
B101149,M5,Evening,4.6,233.07,58.01,113.59,106.63,73.3,12.93,64.11,3.72,8.66,19.32,0.0569,47.02,49.081,1,flash
B101150,M1,Day,5.4,239.0,41.7,129.61,80.26,111.2,13.88,77.38,5.27,23.67,34.47,0.0526,56.27,50.3,0,none
B101151,M5,Evening,5.4,242.45,59.75,125.91,68.11,110.5,13.93,70.4,7.48,12.76,27.66,0.1659,42.5,49.919,1,burn_mark
B101152,M1,Evening,7.6,226.86,42.51,120.46,45.04,151.9,15.52,80.3,3.97,15.35,26.47,0.0368,43.48,50.35,0,none
B101153,M1,Evening,4.4,227.93,50.72,133.47,37.05,106.5,12.62,89.26,3.27,26.69,36.46,0.0266,34.2,50.625,0,none
B101154,M3,Evening,12.9,236.9,55.4,116.95,38.32,136.7,10.34,61.28,6.1,12.9,24.0,0.1134,56.47,50.154,0,none
B101155,M1,Day,9.0,244.04,47.69,120.84,46.0,154.6,17.81,77.36,2.98,14.62,24.41,0.012,46.8,50.083,0,none
B101156,M1,Night,3.8,223.34,55.83,112.8,80.66,104.3,9.51,77.02,7.85,17.16,31.07,0.1515,37.37,49.338,0,none
B101157,M1,Day,7.4,233.02,55.67,134.35,67.31,118.8,10.79,75.5,7.81,7.97,21.83,0.0303,58.22,50.086,0,none
B101158,M2,Evening,7.5,232.56,46.8,124.37,50.8,163.2,9.48,64.8,7.06,7.39,20.52,0.0248,48.99,49.896,0,none
B101159,M4,Day,11.9,239.18,60.68,111.65,57.96,125.7,16.45,65.04,5.48,13.59,25.04,0.0765,42.03,49.108,0,none
B101160,M1,Evening,4.6,234.91,47.36,97.66,56.13,129.3,14.43,62.99,8.0,13.76,26.9,0.0349,58.38,48.371,1,short_shot
B101161,M3,Day,10.1,229.54,77.88,136.57,72.0,109.8,17.53,62.76,7.52,16.67,28.67,0.005,46.04,50.038,0,none
B101162,M4,Night,7.2,247.49,53.91,108.84,46.82,137.2,10.86,59.92,4.7,11.11,20.09,0.0917,33.76,49.245,1,burn_mark
B101163,M1,Day,13.0,229.61,43.29,121.08,65.25,119.0,8.99,68.75,7.66,18.17,32.13,0.0264,59.04,50.481,0,none
B101164,M1,Evening,12.2,232.08,45.16,155.29,64.5,74.2,12.22,60.91,4.13,5.22,12.93,0.0395,41.05,50.662,0,none
B101165,M5,Day,7.8,219.09,66.48,132.02,47.27,111.1,13.27,75.23,5.2,15.65,27.58,0.0468,75.0,50.602,1,burn_mark
B101166,M4,Day,6.0,227.86,50.91,144.17,83.82,90.4,14.84,70.68,2.81,17.8,27.12,0.0085,45.0,50.502,0,none
B101167,M3,Evening,9.0,240.16,41.36,111.93,55.57,122.8,7.27,72.03,5.72,17.64,29.06,0.0183,29.3,49.548,0,none
B101168,M4,Evening,6.3,238.21,63.54,136.06,45.11,97.1,15.91,66.72,5.06,15.19,27.27,0.1693,67.0,50.466,0,none
B101169,M1,Evening,13.7,241.0,50.84,120.4,72.79,132.0,10.42,70.83,4.82,12.7,23.26,0.0591,48.89,50.25,0,none
B101170,M2,Night,7.3,240.51,61.53,125.49,60.82,121.1,11.41,67.03,5.25,15.04,26.71,0.0485,52.01,50.416,0,none
B101171,M4,Evening,5.4,255.88,64.36,150.31,66.13,88.8,18.69,79.35,4.63,22.17,30.84,0.0277,53.27,51.652,0,none
B101172,M2,Night,5.2,227.52,57.74,115.82,42.23,107.7,5.27,64.69,5.56,13.0,22.32,0.0555,35.85,49.604,0,none
B101173,M4,Day,2.1,218.81,78.96,120.29,72.19,135.5,15.29,74.51,7.43,20.89,34.08,0.0143,27.79,49.938,0,none
B101174,M3,Night,9.2,224.49,37.75,106.45,92.59,148.7,15.27,54.32,3.91,21.69,32.02,0.0226,68.99,48.585,0,none
B101175,M4,Evening,3.7,227.96,46.82,133.33,41.06,97.4,10.72,78.54,6.79,7.32,21.06,0.1637,33.82,51.008,0,none
B101176,M2,Evening,11.4,225.26,52.44,111.59,65.31,92.6,12.21,63.29,5.82,15.36,27.0,0.0093,65.84,49.757,0,none
B101177,M2,Night,1.8,235.94,77.61,135.34,48.22,168.8,18.88,59.05,6.06,11.11,23.42,0.0127,54.72,49.892,0,none
B101178,M1,Evening,7.5,247.53,72.98,95.25,100.34,119.8,21.85,56.33,5.45,8.49,20.73,0.0074,51.21,48.865,1,flash
B101179,M1,Night,11.6,250.4,67.89,128.23,78.59,122.3,18.26,55.38,4.42,19.96,30.26,0.0064,44.78,49.616,0,none
B101180,M4,Evening,0.0,240.04,47.06,110.34,64.23,101.5,21.54,64.22,6.17,18.37,31.12,0.005,72.55,49.918,1,burn_mark
B101181,M1,Day,15.1,256.41,48.22,130.96,41.58,125.4,11.23,87.98,6.28,17.32,28.47,0.0339,42.53,50.799,0,none
B101182,M1,Evening,5.3,231.44,46.71,119.8,45.21,162.9,7.68,62.28,4.3,10.57,19.22,0.0227,42.81,50.047,0,none
B101183,M1,Evening,7.6,218.67,47.17,111.97,71.19,126.4,13.79,43.49,3.49,17.05,26.01,0.0288,56.19,49.131,0,none
B101184,M1,Night,9.3,245.53,69.93,114.2,39.56,146.6,17.22,74.39,5.63,9.45,21.85,0.0097,42.73,50.3,0,none
B101185,M4,Night,9.9,216.61,52.56,107.24,40.03,120.7,6.58,56.63,6.63,16.39,28.31,0.2714,39.34,49.575,1,burn_mark
B101186,M2,Day,8.1,227.45,53.89,132.57,60.13,94.4,10.29,79.78,7.01,12.69,26.35,0.0319,48.89,50.561,1,short_shot
B101187,M5,Day,11.0,240.2,62.74,104.27,62.0,102.9,10.74,64.95,7.3,21.25,33.53,0.005,56.34,50.033,0,none
B101188,M1,Day,9.1,233.98,38.36,115.99,65.7,92.1,15.43,66.71,6.06,14.18,25.66,0.0454,68.26,49.356,0,none
B101189,M3,Evening,14.0,233.09,55.53,125.18,53.41,125.4,14.91,84.37,5.11,17.16,28.5,0.005,70.3,50.346,0,none
B101190,M2,Day,9.1,223.19,44.03,144.2,73.8,150.6,10.9,77.41,5.5,17.17,28.0,0.2105,31.56,49.887,1,burn_mark
B101191,M2,Evening,14.9,234.89,52.06,119.86,47.07,124.0,14.72,55.04,3.64,15.62,24.76,0.0767,59.9,49.721,0,none
B101192,M5,Evening,10.6,245.04,49.14,116.36,69.4,112.3,9.42,56.81,4.48,16.53,24.39,0.006,39.63,49.268,0,none
B101193,M5,Night,0.0,235.2,48.62,124.1,63.21,100.3,12.29,48.6,5.42,17.52,29.78,0.0227,40.13,49.181,0,none
B101194,M5,Day,17.4,226.7,57.26,88.9,69.01,128.9,8.94,101.24,5.1,11.52,22.5,0.0087,44.08,48.933,1,short_shot
B101195,M1,Evening,4.7,222.52,57.21,102.02,77.73,89.0,13.4,59.65,5.64,18.01,28.71,0.0154,43.44,48.724,1,burn_mark
B101196,M1,Day,13.0,226.9,52.8,114.37,53.17,91.6,10.8,84.04,3.44,20.32,31.59,0.0789,38.78,50.148,1,burn_mark
B101197,M3,Night,7.1,238.92,58.71,109.31,50.08,142.5,16.76,63.61,3.77,17.99,26.97,0.0332,26.22,49.877,1,burn_mark
B101198,M2,Day,11.2,238.44,46.31,95.99,34.67,113.1,13.9,57.04,6.66,14.23,26.38,0.1081,63.95,49.676,0,none
B101199,M4,Day,4.2,226.99,61.82,132.87,29.71,112.6,13.09,70.26,4.25,16.87,26.16,0.02,58.47,50.904,1,burn_mark
B101200,M3,Day,9.5,212.89,52.94,123.9,57.36,115.8,21.07,66.08,4.49,14.18,25.77,0.073,49.32,49.338,0,none
B101201,M3,Night,6.0,239.2,50.16,122.1,58.39,138.1,15.53,79.62,5.64,15.41,28.48,0.0192,39.81,50.075,0,none
B101202,M4,Day,13.3,226.02,47.05,109.59,43.71,124.1,12.53,79.77,4.1,10.06,21.5,0.0384,61.84,49.979,0,none
B101203,M4,Evening,8.8,241.89,52.59,121.19,46.93,101.4,11.67,62.92,7.16,22.9,37.38,0.0059,48.85,50.201,0,none
B101204,M1,Evening,10.7,227.44,73.71,127.72,82.85,102.3,9.28,52.72,3.61,25.68,34.69,0.005,43.74,50.027,1,burn_mark
B101205,M1,Night,0.0,225.12,54.37,116.03,73.14,115.1,13.74,55.63,5.5,12.48,25.66,0.0127,33.05,49.213,0,none
B101206,M3,Day,6.7,236.53,43.56,126.67,41.08,127.6,15.23,42.61,4.38,19.93,30.11,0.1015,54.87,50.133,1,burn_mark
B101207,M2,Day,8.6,258.58,64.19,108.06,53.36,119.1,6.34,66.71,5.73,23.29,33.48,0.0705,46.15,49.946,0,none
B101208,M2,Evening,7.9,242.49,50.28,121.46,66.09,116.9,8.54,69.86,4.75,11.21,21.54,0.2708,52.1,50.218,0,none
B101209,M2,Day,10.8,236.36,57.84,137.14,50.6,121.2,11.94,56.29,5.46,5.21,17.0,0.1991,51.18,50.49,1,burn_mark
B101210,M4,Evening,5.5,238.59,48.94,138.48,47.87,119.1,9.61,54.84,7.33,23.58,36.27,0.005,55.85,50.418,1,short_shot
B101211,M4,Day,7.2,217.49,67.81,139.91,54.93,100.5,14.17,69.81,4.47,15.95,26.56,0.1959,51.67,50.04,1,burn_mark
B101212,M3,Evening,11.7,223.78,49.09,124.28,76.36,147.7,14.73,62.42,4.46,13.4,24.4,0.0134,46.44,49.742,1,burn_mark
B101213,M2,Day,0.0,209.89,68.98,120.47,77.72,107.9,13.51,67.44,5.03,16.24,27.67,0.0123,55.04,49.634,1,burn_mark
B101214,M2,Evening,9.4,252.3,44.51,113.27,48.97,123.2,16.2,65.59,7.71,14.15,28.52,0.0547,59.0,50.117,1,burn_mark
B101215,M3,Day,5.7,250.27,52.07,92.89,66.91,68.5,11.66,72.98,5.37,30.8,41.98,0.05,64.96,48.439,1,burn_mark
B101216,M2,Evening,3.4,238.93,69.0,99.83,59.9,114.6,13.82,63.22,7.35,13.35,25.97,0.0888,38.29,49.257,1,short_shot
B101217,M3,Day,8.3,236.35,56.68,117.48,44.88,92.5,9.99,64.14,5.23,17.64,27.4,0.0101,60.62,50.216,0,none
B101218,M3,Night,11.9,219.48,77.71,118.38,55.54,95.5,15.14,47.42,7.28,22.46,35.66,0.0576,33.62,48.969,1,burn_mark
B101219,M1,Evening,11.2,232.81,52.31,141.18,41.04,180.6,14.3,69.4,6.11,22.44,34.01,0.0457,59.64,51.153,0,none
B101220,M1,Day,6.5,252.92,57.57,139.72,77.45,126.2,9.21,71.06,6.33,21.48,33.69,0.0321,43.59,50.493,0,none
B101221,M1,Day,10.5,236.31,74.05,109.7,83.29,150.7,13.38,67.87,3.35,13.87,21.15,0.0082,57.92,49.323,0,none
B101222,M5,Day,10.5,229.35,39.86,132.27,53.84,141.4,13.85,92.94,3.12,15.24,22.84,0.1144,64.43,50.876,1,burn_mark
B101223,M3,Day,6.7,217.42,38.62,112.84,50.26,144.6,15.12,71.95,7.11,5.13,18.74,0.1363,51.79,49.336,1,burn_mark
B101224,M1,Day,4.2,248.8,47.04,130.24,75.82,115.0,15.27,68.12,7.09,15.63,27.08,0.0584,49.53,50.638,0,none
B101225,M5,Night,4.5,234.3,63.13,132.09,78.24,160.2,11.12,75.99,9.13,16.16,31.11,0.0382,49.02,50.732,1,short_shot
B101226,M2,Evening,10.4,217.43,38.9,138.63,43.28,141.2,17.05,95.35,3.27,19.71,28.15,0.005,45.29,50.585,0,none
B101227,M2,Day,6.8,225.76,60.97,112.61,57.78,121.0,16.09,73.03,6.23,24.98,36.31,0.0684,61.24,49.658,0,none
B101228,M5,Evening,2.8,222.22,60.27,135.21,59.12,126.6,11.1,43.32,3.96,19.56,29.61,0.1652,48.92,50.403,1,burn_mark
B101229,M1,Day,0.3,233.68,75.14,91.91,48.44,116.6,9.43,75.18,4.39,21.35,31.77,0.0399,28.25,49.742,0,none
B101230,M1,Night,10.3,237.07,65.45,139.44,65.79,121.3,11.41,59.45,4.75,15.91,27.21,0.0298,58.84,49.781,0,none
B101231,M3,Day,4.8,229.97,58.64,119.62,49.5,118.9,8.11,46.93,6.07,22.42,33.39,0.007,58.32,49.965,0,none
B101232,M1,Evening,8.3,242.77,68.59,119.94,51.9,129.5,14.83,90.37,4.5,16.06,25.68,0.0342,50.43,49.406,0,none
B101233,M3,Night,12.0,235.79,60.39,89.44,58.48,163.5,18.73,87.78,5.55,21.7,34.38,0.0194,42.12,49.681,1,short_shot
B101234,M1,Day,1.8,245.62,50.4,114.17,37.66,89.9,19.69,59.14,6.75,20.02,32.55,0.005,38.4,49.691,0,none
B101235,M1,Day,6.8,231.43,43.55,140.33,29.15,148.6,9.64,59.22,7.19,17.96,31.52,0.012,42.15,50.81,1,short_shot
B101236,M1,Day,6.3,265.0,49.31,113.6,73.77,110.8,17.15,71.92,6.54,8.3,20.34,0.0168,51.99,50.245,1,burn_mark
B101237,M2,Night,8.5,229.36,54.6,130.7,48.9,151.7,14.34,59.38,6.18,21.47,34.1,0.0531,31.56,50.182,0,none
B101238,M1,Evening,12.0,225.97,56.75,120.52,92.02,111.7,4.42,68.38,5.29,17.89,26.69,0.017,54.24,49.732,0,none
B101239,M1,Evening,1.7,224.74,33.65,135.94,89.58,130.3,12.67,61.44,4.65,19.51,31.31,0.0171,50.73,49.684,0,none
B101240,M5,Night,9.3,232.89,52.8,122.87,52.4,116.0,12.23,65.2,6.31,17.57,29.42,0.0616,62.87,49.825,0,none
B101241,M2,Night,11.1,217.8,55.29,106.02,95.09,76.7,18.84,53.15,3.92,18.43,27.1,0.0746,57.01,48.961,0,none
B101242,M2,Evening,6.3,237.95,60.48,120.85,74.06,163.5,10.52,79.92,5.68,22.5,33.12,0.0622,42.77,50.129,1,warpage
B101243,M1,Evening,6.5,215.95,71.27,144.02,50.32,96.4,16.25,84.45,3.89,13.63,23.25,0.1375,33.09,50.621,1,burn_mark
B101244,M2,Evening,8.7,236.62,56.86,127.46,21.27,122.1,13.57,68.8,5.44,18.34,29.67,0.1612,41.79,50.549,0,none
B101245,M2,Day,8.4,221.49,45.9,118.25,70.32,93.7,8.22,69.57,3.92,12.11,22.17,0.0494,63.81,49.54,0,none
B101246,M3,Night,9.3,231.19,36.82,153.84,60.47,86.6,11.79,77.55,4.9,18.88,28.59,0.0844,52.94,50.983,0,none
B101247,M1,Day,9.2,241.05,61.87,137.39,66.47,114.9,20.13,70.02,4.49,17.26,28.61,0.1053,55.97,50.703,0,none
B101248,M5,Day,3.1,258.04,46.31,132.25,56.57,105.2,13.31,90.75,4.31,12.85,22.63,0.1928,43.71,50.858,1,burn_mark
B101249,M5,Night,11.0,224.22,63.67,124.76,42.84,90.8,17.62,54.2,5.37,16.47,27.26,0.025,54.85,50.369,0,none
B101250,M1,Day,11.7,233.5,68.97,130.95,53.59,119.1,17.4,80.33,1.86,13.16,20.79,0.005,34.8,50.655,1,short_shot
B101251,M1,Day,7.7,227.76,39.56,131.44,70.6,83.0,12.21,68.63,2.8,14.11,23.57,0.0225,59.35,49.459,0,none
B101252,M1,Day,1.0,226.3,60.54,87.26,54.68,123.1,8.87,56.55,6.71,17.77,30.45,0.0253,38.45,48.768,0,none
B101253,M3,Evening,6.5,227.85,67.93,125.92,54.59,116.8,9.39,96.97,5.72,17.34,28.52,0.0224,30.26,50.338,1,burn_mark
B101254,M1,Night,7.8,243.24,65.19,117.59,37.21,58.0,19.81,98.62,4.41,6.4,16.49,0.0188,72.62,50.842,1,warpage
B101255,M5,Day,2.4,230.12,34.04,112.5,61.37,106.9,14.61,67.51,6.96,17.85,32.03,0.0059,51.35,49.585,1,short_shot
B101256,M4,Day,5.6,257.49,46.46,117.07,43.32,131.7,7.06,75.34,4.54,14.48,26.08,0.0768,51.07,50.76,1,burn_mark
B101257,M4,Evening,1.4,239.16,42.2,96.66,73.78,93.4,17.34,64.35,4.63,13.93,24.92,0.005,31.3,49.345,0,none
B101258,M3,Night,9.4,224.9,60.23,92.93,48.99,132.8,6.85,66.28,4.32,10.36,20.84,0.0234,56.23,49.15,0,none
B101259,M5,Day,7.7,231.33,59.13,138.7,55.56,130.8,10.7,56.41,8.36,15.77,32.45,0.005,58.86,50.947,1,short_shot
B101260,M1,Night,0.4,226.98,28.02,126.93,92.46,94.6,14.33,54.64,5.85,13.38,25.7,0.1073,48.01,49.202,1,burn_mark
B101261,M2,Night,8.4,243.0,51.99,83.8,55.4,119.7,24.08,92.13,5.79,22.37,34.34,0.0637,58.9,50.001,1,short_shot
B101262,M2,Day,6.8,218.61,63.01,111.35,53.39,140.6,17.26,69.53,6.2,7.25,19.25,0.0275,61.71,50.039,0,none
B101263,M5,Night,9.1,221.59,56.48,133.21,68.78,98.1,12.07,70.61,2.72,11.18,20.26,0.0099,55.26,50.237,0,none
B101264,M3,Evening,5.4,229.08,56.46,115.8,33.22,114.9,14.11,60.27,4.61,10.84,18.41,0.1259,28.34,50.019,1,burn_mark
B101265,M4,Evening,3.8,241.83,51.35,138.68,78.76,148.8,17.68,72.28,6.18,17.29,30.5,0.0268,38.48,50.853,0,none
B101266,M1,Evening,3.9,247.33,44.41,135.75,74.91,98.6,19.69,51.95,5.49,21.87,32.09,0.0449,66.87,50.037,0,none
B101267,M5,Night,4.8,248.81,54.83,99.65,67.87,131.5,13.01,60.72,8.81,18.52,32.61,0.1344,50.82,49.155,0,none
B101268,M2,Night,7.1,240.3,55.52,117.85,15.0,93.0,13.13,55.6,4.7,10.53,19.82,0.008,50.87,50.018,0,none
B101269,M2,Night,7.6,234.17,61.15,113.28,56.11,116.0,10.68,85.51,6.91,13.85,26.03,0.069,41.68,50.237,0,none
B101270,M5,Night,6.2,242.95,61.96,99.16,40.91,131.2,16.66,50.18,6.71,11.95,24.32,0.0272,43.63,49.124,1,short_shot
B101271,M2,Evening,5.3,223.55,55.86,98.19,76.86,59.9,18.1,55.85,5.71,18.54,31.14,0.2071,61.93,48.47,0,none
B101272,M2,Night,5.6,216.55,65.95,107.91,75.79,106.6,6.25,45.43,5.99,13.75,27.03,0.0402,64.98,48.349,0,none
B101273,M3,Night,17.0,239.37,51.25,110.39,65.82,130.7,12.41,59.32,5.06,8.94,21.94,0.0187,57.97,49.161,0,none
B101274,M1,Day,3.9,224.94,40.56,124.25,41.95,125.6,9.15,64.49,2.54,18.92,27.57,0.1563,55.52,49.823,0,none
B101275,M2,Day,4.8,234.35,59.77,135.66,82.41,106.9,14.6,81.73,6.02,22.32,34.12,0.0612,56.27,50.255,0,none
B101276,M1,Evening,20.2,236.2,56.26,127.7,56.07,92.4,9.05,67.34,6.14,15.11,28.03,0.0944,49.3,50.273,0,none
B101277,M1,Night,8.7,237.48,59.97,131.26,87.08,135.7,8.72,65.07,6.38,16.6,28.13,0.2341,37.96,49.734,0,none
B101278,M5,Day,1.5,244.38,42.36,116.0,63.98,111.9,18.49,73.6,5.59,8.47,19.1,0.0722,35.8,50.225,1,warpage
B101279,M3,Evening,10.4,243.32,72.91,129.05,67.6,133.6,13.34,64.69,6.96,5.7,18.29,0.1259,63.15,50.903,1,burn_mark
B101280,M2,Day,3.4,236.95,62.11,117.77,53.1,129.5,13.76,98.92,4.2,6.75,16.92,0.0725,49.67,51.047,0,none
B101281,M2,Day,10.6,230.58,52.12,113.38,81.1,108.8,15.73,62.91,7.7,15.78,27.41,0.092,54.77,49.011,0,none
B101282,M2,Evening,6.2,236.08,45.65,148.46,69.13,146.8,17.88,74.96,4.02,14.46,25.55,0.005,52.11,50.773,0,none
B101283,M3,Day,5.2,229.04,65.77,85.04,81.64,105.1,12.33,79.92,5.34,18.73,30.31,0.0491,52.61,48.399,0,none
B101284,M5,Night,13.4,233.04,43.98,91.9,62.66,149.8,12.41,62.56,6.52,15.01,28.33,0.005,53.45,49.02,0,none
B101285,M5,Day,9.3,261.18,77.61,125.74,59.29,153.0,12.43,71.98,4.73,20.94,30.1,0.0362,56.97,50.7,1,burn_mark
B101286,M2,Night,10.9,236.82,48.87,116.03,68.93,146.3,18.33,63.99,6.62,20.36,32.32,0.0327,42.32,49.76,0,none
B101287,M2,Day,8.7,239.5,72.21,98.45,81.64,115.5,13.73,73.29,4.99,14.39,24.66,0.2029,61.82,48.903,1,burn_mark
B101288,M2,Night,5.2,227.95,53.16,104.18,75.25,183.7,12.84,71.21,5.68,10.98,22.46,0.0578,42.62,49.064,0,none
B101289,M3,Evening,9.4,245.2,70.81,106.13,62.07,123.8,15.56,68.32,5.23,6.42,17.61,0.1101,52.39,50.017,0,none
B101290,M2,Day,11.8,242.6,47.65,133.39,32.14,126.0,21.33,56.13,4.63,23.17,34.67,0.0468,38.17,50.656,0,none
B101291,M3,Day,7.5,242.67,55.19,138.19,72.16,119.4,14.3,92.36,8.88,11.29,26.26,0.3152,48.33,50.683,0,none
B101292,M3,Day,14.2,237.15,63.05,144.59,38.42,91.8,12.92,77.04,4.24,8.52,18.02,0.0914,43.4,50.677,1,warpage
B101293,M2,Evening,10.4,245.34,61.62,96.16,60.53,152.4,21.77,50.94,2.07,16.65,26.91,0.0085,50.24,49.028,0,none
B101294,M2,Night,7.8,247.72,66.01,99.49,58.26,105.7,19.32,64.96,4.29,8.56,18.59,0.0681,57.35,49.449,1,burn_mark
B101295,M2,Evening,8.0,237.83,50.13,98.47,38.73,143.0,18.74,51.17,5.7,16.64,27.43,0.2479,50.76,48.782,0,none
B101296,M1,Evening,7.5,233.85,55.85,139.33,65.59,149.0,12.0,79.14,4.93,14.32,23.37,0.0163,69.61,50.582,0,none
B101297,M1,Evening,2.0,243.95,67.48,126.26,92.31,135.1,11.6,69.74,7.03,20.62,33.74,0.0732,57.96,49.824,0,none
B101298,M4,Evening,6.6,225.96,47.95,121.2,55.31,102.7,6.66,70.05,6.97,20.18,33.85,0.0385,47.72,49.743,0,none
B101299,M2,Evening,7.9,227.82,60.73,123.44,71.49,111.5,17.86,59.89,5.02,21.52,31.4,0.0152,49.14,49.529,0,none
B101300,M1,Evening,5.3,234.47,52.81,119.15,95.34,53.1,14.31,66.21,2.98,17.03,26.63,0.0883,53.78,49.633,0,none
B101301,M3,Evening,8.4,217.59,57.06,103.18,72.94,117.1,6.8,79.45,3.58,11.71,21.37,0.0356,57.04,49.325,1,burn_mark
B101302,M4,Night,7.1,243.28,55.85,127.7,50.33,140.1,18.81,82.67,5.45,10.82,20.49,0.0891,37.66,51.145,0,none
B101303,M2,Day,10.1,225.37,47.12,117.21,63.56,114.1,12.65,80.16,3.15,13.35,23.13,0.0188,56.37,50.009,0,none
B101304,M4,Day,9.7,230.29,52.39,102.0,67.21,105.2,13.14,51.37,4.95,25.97,36.65,0.0418,37.92,49.226,0,none
B101305,M5,Day,7.7,232.87,56.45,128.61,81.51,112.6,7.95,67.77,7.63,14.75,27.26,0.1034,55.4,49.503,0,none
B101306,M3,Evening,1.5,235.39,53.97,113.61,78.21,150.4,15.97,73.04,6.01,16.81,29.78,0.0566,61.0,49.746,0,none
B101307,M3,Day,14.2,231.56,70.73,123.41,18.45,118.6,16.01,61.18,5.57,23.59,36.1,0.0391,53.0,50.16,1,burn_mark
B101308,M1,Night,6.4,234.33,65.1,118.13,47.16,166.4,13.81,50.09,3.94,17.27,26.06,0.0306,26.74,49.917,1,flash
B101309,M5,Evening,6.7,234.4,57.9,133.37,58.95,105.7,12.33,54.56,5.77,12.26,24.32,0.0246,32.18,50.183,0,none
B101310,M2,Evening,5.6,230.53,47.37,123.3,44.77,125.4,24.51,88.0,5.11,19.65,30.97,0.0331,55.63,51.096,0,none
B101311,M5,Night,5.0,227.27,46.76,106.74,15.0,109.2,9.19,55.7,5.86,13.86,25.65,0.005,25.46,49.324,1,short_shot
B101312,M3,Day,13.2,245.81,74.74,124.83,49.12,171.9,11.11,70.57,6.59,17.45,29.52,0.2785,56.1,50.178,1,burn_mark
B101313,M1,Night,12.5,213.96,44.9,125.32,59.95,124.5,16.83,68.12,6.85,18.56,31.26,0.0549,59.85,49.926,1,burn_mark
B101314,M1,Day,8.8,232.94,56.14,127.67,52.12,173.2,9.94,68.15,5.69,13.53,26.16,0.0434,61.35,50.196,0,none
B101315,M3,Evening,6.6,230.31,58.61,135.54,45.05,109.5,9.65,66.16,6.27,16.93,29.61,0.1411,47.59,50.138,0,none
B101316,M3,Night,9.5,239.19,51.89,110.76,60.62,158.2,18.53,79.47,4.73,24.0,32.8,0.0773,54.39,50.099,0,none
B101317,M1,Night,7.3,220.46,44.98,130.02,65.15,123.0,16.42,70.43,7.2,12.87,23.92,0.0941,52.09,49.866,1,burn_mark
B101318,M4,Night,6.2,230.0,47.15,94.13,52.97,140.9,15.94,62.49,4.17,22.58,30.9,0.249,35.27,49.227,1,burn_mark
B101319,M5,Day,8.4,233.98,49.53,118.2,80.58,89.5,14.73,70.62,5.19,13.05,22.88,0.0369,57.45,49.142,0,none
B101320,M2,Night,5.2,245.7,47.91,115.88,60.87,128.7,11.23,54.67,7.35,25.01,37.61,0.0288,63.9,49.619,1,burn_mark
B101321,M2,Evening,8.0,238.32,68.28,141.72,46.93,93.3,12.99,75.71,4.78,11.72,22.05,0.0267,56.89,51.001,1,short_shot
B101322,M1,Evening,7.8,223.17,54.91,117.65,43.13,126.4,13.68,61.83,3.49,14.03,23.45,0.1431,44.97,49.817,0,none
B101323,M4,Day,9.4,230.13,49.76,129.12,56.81,82.0,17.38,62.52,4.88,23.54,34.39,0.0481,57.4,50.327,0,none
B101324,M2,Day,4.5,243.86,56.07,93.57,76.7,117.6,15.7,76.16,7.59,23.76,37.3,0.0279,62.98,49.211,1,short_shot
B101325,M5,Evening,9.8,222.99,61.68,114.72,47.64,147.4,10.29,65.11,2.09,20.09,29.33,0.0061,61.66,49.844,0,none
B101326,M2,Day,3.4,234.21,51.55,107.3,68.94,133.7,17.16,65.79,5.65,10.59,20.57,0.1881,60.27,49.409,1,burn_mark
B101327,M3,Evening,4.7,234.91,64.02,157.13,61.42,89.2,7.29,84.01,4.55,16.41,27.29,0.0262,34.08,51.635,0,none
B101328,M2,Night,4.9,231.14,42.29,110.0,89.9,72.5,12.72,58.32,5.25,16.01,27.58,0.005,53.98,48.571,1,short_shot
B101329,M1,Night,2.7,261.96,66.71,121.1,65.85,132.4,9.43,75.98,4.98,11.72,21.44,0.0108,56.46,49.587,1,burn_mark
B101330,M4,Day,11.1,230.87,54.91,121.9,49.53,159.5,10.57,81.39,6.94,19.48,32.96,0.0641,60.39,50.766,1,burn_mark
B101331,M2,Night,3.1,239.5,54.52,96.16,71.05,95.9,21.71,84.0,5.58,12.12,24.07,0.0722,55.16,49.323,0,none
B101332,M3,Day,4.2,227.34,48.07,112.11,71.55,172.4,8.12,96.12,7.02,9.55,22.52,0.0079,65.52,49.459,1,burn_mark
B101333,M5,Evening,12.0,240.28,42.72,126.07,54.04,119.8,10.72,62.29,7.43,7.9,18.9,0.0766,31.72,50.11,1,warpage
B101334,M5,Night,4.7,243.71,38.33,121.29,42.54,71.0,16.04,59.58,5.54,24.56,37.07,0.0187,55.58,49.954,0,none
B101335,M5,Day,6.2,229.12,47.37,85.49,68.04,81.0,12.12,79.81,4.96,13.45,24.64,0.0228,54.79,49.122,0,none
B101336,M1,Day,3.0,234.45,60.88,111.5,60.95,139.2,14.62,81.28,6.07,13.55,26.02,0.1901,59.03,50.125,1,burn_mark
B101337,M3,Day,10.3,226.05,45.39,135.31,37.25,123.2,19.72,60.51,6.36,10.85,19.81,0.0662,65.42,50.217,1,burn_mark
B101338,M5,Evening,10.4,223.56,39.52,128.82,63.82,157.1,16.62,75.82,3.77,22.84,32.08,0.2814,41.12,50.496,1,burn_mark
B101339,M2,Night,10.0,245.37,45.91,138.27,50.45,90.0,12.13,102.69,5.85,9.1,19.52,0.0453,65.09,51.029,0,none
B101340,M1,Day,9.2,229.46,51.15,105.22,37.27,123.0,13.47,71.26,5.12,9.98,22.39,0.1542,58.15,48.903,0,none
B101341,M4,Day,7.3,210.86,51.54,139.21,54.72,120.2,16.12,81.08,4.87,14.39,24.16,0.0273,48.13,50.54,1,burn_mark
B101342,M2,Evening,4.9,252.65,53.71,119.33,79.24,116.4,16.54,88.92,4.46,15.89,27.84,0.0334,40.91,50.341,0,none
B101343,M3,Day,3.7,226.98,65.33,143.88,78.12,110.4,14.08,100.04,4.56,19.29,30.81,0.0139,51.96,50.353,1,short_shot
B101344,M5,Evening,12.2,232.54,67.49,120.05,74.2,110.9,15.44,72.95,7.38,12.62,26.23,0.1015,52.86,50.095,0,none
B101345,M3,Night,10.1,251.41,75.05,89.29,64.04,124.4,15.45,85.04,4.95,23.72,35.81,0.0476,53.41,48.991,1,burn_mark
B101346,M2,Night,4.2,233.58,38.75,132.74,68.94,127.6,13.63,60.54,7.22,12.66,24.93,0.1993,43.73,50.043,0,none
B101347,M2,Night,7.2,233.37,46.44,113.35,61.48,126.3,11.58,70.3,5.7,10.96,21.89,0.0295,56.09,50.036,0,none
B101348,M2,Evening,5.8,222.72,61.98,114.36,43.42,150.1,16.97,64.64,3.8,10.48,21.2,0.019,45.94,49.795,0,none
B101349,M1,Night,2.5,218.65,50.46,98.2,46.42,90.0,15.17,47.38,5.79,12.13,22.98,0.0319,62.17,48.854,1,burn_mark
B101350,M4,Day,7.7,233.34,63.61,144.33,50.89,74.7,5.68,50.76,3.72,10.16,18.55,0.0916,67.1,50.245,0,none
B101351,M4,Day,5.3,238.63,57.07,112.18,81.02,145.4,10.7,75.16,6.41,19.75,31.84,0.1232,41.87,49.772,0,none
B101352,M2,Evening,3.2,238.06,70.79,143.63,76.15,96.4,12.08,75.4,5.19,11.0,21.3,0.0376,50.6,50.879,0,none
B101353,M2,Day,1.1,230.19,65.43,113.53,43.8,110.5,13.2,57.5,6.78,15.34,29.98,0.0552,59.72,49.42,1,short_shot
B101354,M5,Night,0.7,235.2,65.61,106.08,60.8,104.7,18.82,88.69,7.65,10.85,25.28,0.005,52.76,49.556,1,short_shot
B101355,M1,Evening,5.5,216.63,50.88,139.79,53.96,104.2,26.81,56.68,2.9,10.13,18.45,0.0269,36.47,50.388,0,none
B101356,M3,Night,6.7,239.6,54.03,118.9,57.67,83.5,4.16,73.09,4.81,21.53,31.34,0.0153,58.65,50.769,0,none
B101357,M2,Day,3.5,236.61,51.95,119.05,51.96,105.8,15.22,65.02,3.69,24.01,34.04,0.2066,43.94,50.5,0,none
B101358,M3,Evening,9.6,254.74,39.94,100.78,81.09,136.2,14.28,71.28,8.74,22.35,38.27,0.0203,52.0,48.615,1,burn_mark
B101359,M1,Evening,6.7,235.07,69.72,113.14,59.72,119.9,13.28,80.78,4.84,8.64,19.77,0.3094,40.06,50.452,1,burn_mark
B101360,M3,Day,9.3,225.57,62.45,126.43,63.24,132.6,16.17,79.09,3.53,9.34,17.91,0.0926,57.95,49.979,1,burn_mark
B101361,M2,Evening,6.3,234.49,51.55,100.51,63.36,107.6,14.6,78.49,8.86,25.89,39.32,0.0281,45.79,50.174,0,none
B101362,M3,Evening,3.9,231.72,68.05,111.91,44.58,142.6,12.55,76.96,4.41,14.73,24.76,0.0519,59.0,49.638,0,none
B101363,M1,Night,7.5,239.35,48.7,113.69,61.63,107.3,14.12,54.73,3.07,9.13,18.51,0.0072,47.85,49.159,1,warpage
B101364,M2,Evening,1.9,235.27,36.62,121.0,75.93,67.3,16.23,83.61,3.76,21.41,30.7,0.1011,45.19,50.129,0,none
B101365,M3,Day,9.2,222.4,65.07,142.19,82.09,127.9,15.85,57.28,5.71,16.34,29.06,0.0375,54.12,49.861,0,none
B101366,M1,Evening,3.3,218.64,42.21,115.5,42.78,139.2,14.75,68.73,5.57,18.85,30.94,0.0428,39.26,49.643,0,none
B101367,M1,Evening,10.7,237.63,53.04,109.64,37.22,106.0,11.67,65.78,4.25,4.81,15.29,0.04,67.98,50.202,0,none
B101368,M1,Day,5.6,248.83,57.06,161.2,60.93,150.0,25.28,74.2,4.77,14.37,25.65,0.2423,51.86,51.951,1,burn_mark
B101369,M2,Evening,11.3,235.79,58.85,113.5,76.64,98.7,15.44,64.18,5.58,20.74,30.93,0.0973,44.34,49.204,1,short_shot
B101370,M1,Day,2.5,243.13,63.48,117.14,65.39,136.8,17.05,68.1,7.49,12.8,25.79,0.0604,46.01,50.518,0,none
B101371,M5,Day,4.3,245.13,60.81,114.63,70.2,163.6,11.97,89.43,6.0,22.18,33.13,0.0286,50.18,49.847,0,none
B101372,M2,Evening,8.5,237.67,60.5,115.85,39.6,120.9,14.76,54.46,4.66,9.42,20.46,0.0888,59.96,49.597,0,none
B101373,M4,Day,11.7,226.86,47.09,121.17,51.42,114.3,14.73,69.97,5.16,15.44,25.57,0.0307,41.05,50.885,0,none
B101374,M5,Evening,13.7,236.95,57.94,133.81,27.06,117.4,6.35,56.63,6.65,24.22,36.96,0.1826,46.31,50.635,0,none
B101375,M1,Day,7.2,247.07,39.94,126.06,57.86,160.7,11.13,78.09,8.02,10.25,24.1,0.0219,49.5,50.316,0,none
B101376,M3,Evening,14.4,240.3,70.62,136.16,27.54,130.1,11.06,61.28,3.84,17.36,27.8,0.0071,65.42,50.807,1,short_shot
B101377,M5,Day,5.8,242.48,40.97,135.66,79.99,173.6,11.6,70.46,7.17,18.93,30.9,0.0845,59.99,50.638,0,none
B101378,M3,Night,11.4,230.37,51.54,123.13,83.32,127.0,9.72,54.1,5.03,16.46,27.94,0.056,65.9,49.591,0,none
B101379,M2,Day,3.2,232.98,41.81,125.64,62.11,103.7,14.18,85.5,3.06,14.75,22.74,0.0154,50.31,50.876,1,warpage
B101380,M2,Evening,8.7,233.81,47.7,136.63,37.31,105.4,19.59,70.87,2.77,11.62,19.42,0.3017,64.33,50.423,1,burn_mark
B101381,M1,Day,0.0,234.49,55.13,103.33,65.64,121.5,14.52,71.65,7.5,16.98,30.34,0.0251,62.67,49.24,0,none
B101382,M3,Day,2.5,246.68,49.71,157.47,87.89,69.0,9.27,79.95,7.68,15.49,30.36,0.0084,56.97,50.908,1,short_shot
B101383,M5,Evening,8.9,211.53,66.44,112.31,67.14,108.1,9.88,54.98,4.65,8.82,18.62,0.078,57.77,48.755,1,burn_mark
B101384,M5,Night,1.8,235.31,57.27,114.74,77.77,108.7,12.49,62.62,5.18,21.5,30.9,0.0891,44.05,49.536,0,none
B101385,M1,Night,8.7,234.21,50.37,101.82,52.72,126.0,8.34,72.04,2.83,11.45,19.33,0.0684,68.28,49.184,0,none
B101386,M4,Day,10.6,221.28,53.66,102.27,46.93,168.5,15.22,48.86,6.64,8.95,21.21,0.0905,47.55,49.072,0,none
B101387,M2,Day,5.0,241.72,67.2,134.61,58.94,121.4,19.41,50.14,5.46,13.02,26.35,0.1106,55.6,50.374,1,burn_mark
B101388,M5,Evening,3.1,227.75,64.09,154.05,31.1,71.9,11.7,60.14,3.17,11.54,21.1,0.0093,56.77,50.577,0,none
B101389,M1,Evening,5.1,231.43,43.61,111.49,93.96,97.2,14.3,56.31,5.81,14.71,25.76,0.0619,36.29,48.857,0,none
B101390,M5,Day,3.1,253.49,48.19,125.21,62.09,126.6,12.28,65.87,3.42,9.79,19.06,0.1196,49.49,50.151,1,burn_mark
B101391,M4,Night,6.6,245.1,59.75,123.3,73.0,122.3,11.48,76.27,6.34,18.24,32.15,0.049,52.03,50.169,0,none
B101392,M1,Evening,7.4,240.74,58.53,135.0,53.08,160.6,14.76,79.0,3.88,22.91,32.54,0.0132,48.87,50.728,1,short_shot
B101393,M1,Evening,5.8,238.81,44.5,153.28,36.85,144.0,11.35,91.71,6.01,16.53,28.31,0.0205,49.61,52.038,1,short_shot
B101394,M4,Day,13.7,233.35,62.49,142.81,81.39,143.3,10.77,69.73,4.52,8.78,18.89,0.0566,64.93,50.783,0,none
B101395,M1,Evening,4.1,254.99,46.09,116.42,43.14,114.6,7.52,71.85,1.95,11.43,20.08,0.0796,41.73,50.115,0,none
B101396,M3,Day,12.6,243.02,68.04,127.93,65.23,147.5,14.26,69.7,6.99,17.11,29.58,0.0182,37.31,50.542,0,none
B101397,M5,Night,2.8,227.5,60.29,129.42,66.65,97.6,18.27,73.84,7.08,6.17,20.11,0.005,44.14,50.662,0,none
B101398,M3,Day,7.3,221.0,43.68,119.7,61.11,144.2,16.83,74.78,4.72,9.84,21.62,0.0915,57.44,50.289,0,none
B101399,M2,Night,11.7,240.67,49.71,103.56,48.23,112.9,19.97,81.07,5.91,7.76,20.29,0.0493,58.42,50.003,0,none
B101400,M2,Night,11.5,234.44,49.54,108.02,57.76,83.8,11.3,81.02,6.16,16.58,28.51,0.0447,56.06,49.856,0,none
B101401,M1,Evening,5.3,220.71,56.6,137.22,45.75,134.8,17.4,76.23,6.21,26.81,37.62,0.2344,59.12,50.078,1,burn_mark
B101402,M5,Day,9.2,239.29,52.96,138.77,72.14,154.9,9.59,88.12,8.09,9.7,23.56,0.1772,52.56,50.724,1,burn_mark
B101403,M2,Day,8.7,232.31,43.55,116.89,68.57,109.8,16.84,70.32,6.13,20.08,31.54,0.016,44.82,49.264,0,none
B101404,M1,Evening,4.8,240.31,41.06,123.92,59.68,159.1,20.58,62.66,4.96,13.18,23.37,0.1502,40.55,50.453,1,burn_mark
B101405,M2,Evening,9.5,239.42,60.49,137.96,51.47,78.6,15.99,64.62,6.14,9.4,21.3,0.0784,37.38,50.49,0,none
B101406,M5,Night,14.4,228.92,57.86,94.44,91.61,90.1,20.65,68.73,4.86,23.82,35.15,0.0169,47.73,48.77,0,none
B101407,M1,Day,8.9,241.33,56.06,113.3,40.47,116.3,11.61,57.0,3.9,26.8,36.08,0.0331,57.88,49.613,0,none
B101408,M5,Night,9.3,230.02,57.71,150.27,36.83,110.7,13.46,62.64,7.33,18.06,30.01,0.1338,52.37,50.424,0,none
B101409,M4,Day,9.7,230.67,48.81,124.49,58.77,103.3,10.34,56.32,6.3,17.81,29.16,0.0868,50.23,50.058,0,none
B101410,M4,Day,1.2,229.68,56.84,103.06,56.13,123.3,14.14,74.13,2.71,16.31,26.71,0.0094,39.45,49.709,0,none
B101411,M5,Day,8.8,246.31,80.39,121.76,76.46,106.8,15.08,74.25,4.47,15.26,26.28,0.2429,75.0,50.469,1,burn_mark
B101412,M4,Evening,2.9,232.19,66.75,135.32,69.69,111.0,14.1,48.77,6.64,17.7,29.38,0.0281,41.75,49.283,0,none
B101413,M5,Day,4.6,248.72,52.12,81.8,60.44,127.0,12.1,62.15,3.15,19.38,29.82,0.0323,51.21,49.36,0,none
B101414,M1,Day,15.6,252.83,49.77,122.64,67.51,103.3,12.04,91.9,4.37,24.32,34.45,0.0745,60.03,50.666,0,none
B101415,M4,Night,6.0,227.61,26.4,114.41,67.23,117.3,15.38,77.56,9.49,13.39,31.16,0.1033,50.42,50.073,0,none
B101416,M3,Evening,4.0,205.79,65.69,95.37,91.55,103.9,13.36,75.45,5.0,16.64,27.9,0.0055,41.93,47.694,1,burn_mark
B101417,M3,Day,11.6,245.45,62.87,121.23,63.8,89.9,9.39,62.03,7.12,15.56,29.25,0.0244,58.09,50.14,0,none
B101418,M5,Day,3.2,231.58,49.56,117.95,49.78,139.1,6.41,73.45,7.75,21.12,35.71,0.2118,36.6,50.033,0,none
B101419,M5,Evening,5.2,226.34,40.68,119.64,62.98,162.7,11.62,69.83,4.14,28.0,39.62,0.2482,67.42,49.749,1,burn_mark
B101420,M4,Day,12.0,229.11,43.45,114.78,20.72,146.6,8.47,60.44,5.9,21.29,32.75,0.0409,52.82,49.922,0,none
B101421,M2,Day,7.2,230.85,59.44,104.68,59.51,128.3,10.66,64.07,8.59,19.99,35.98,0.0244,47.47,49.156,0,none
B101422,M2,Evening,0.8,247.97,54.11,98.18,76.39,104.0,12.31,64.34,6.19,20.54,32.1,0.0138,35.84,48.769,0,none
B101423,M2,Day,9.2,236.6,61.92,109.64,69.03,112.8,13.42,52.14,9.05,22.34,37.02,0.0897,38.48,48.823,0,none
B101424,M2,Evening,5.4,247.84,55.86,132.89,64.48,146.4,11.34,54.12,4.54,28.07,38.63,0.0268,49.48,50.226,1,burn_mark
B101425,M2,Day,13.2,239.94,64.67,123.5,69.74,63.0,22.76,67.61,8.2,7.57,22.69,0.1109,68.93,50.493,0,none
B101426,M1,Day,4.6,231.91,58.7,118.96,76.55,110.9,8.96,59.82,5.53,19.0,30.19,0.005,52.33,49.941,0,none
B101427,M1,Day,11.2,231.1,63.29,104.4,81.38,138.4,18.84,66.39,5.01,4.0,16.66,0.0976,53.47,49.268,0,none
B101428,M4,Day,14.1,240.62,34.1,114.39,66.71,91.5,13.35,50.73,6.46,20.76,34.54,0.0449,53.86,49.292,0,none
B101429,M2,Day,3.6,243.2,42.66,131.06,55.26,130.6,11.37,79.62,5.33,18.76,30.13,0.0839,73.64,51.417,1,burn_mark
B101430,M5,Day,6.2,244.97,51.36,127.57,25.3,129.4,16.35,94.97,5.37,13.27,23.67,0.0335,45.59,51.461,0,none
B101431,M3,Night,8.6,232.38,65.8,112.84,74.67,83.6,12.19,82.33,6.23,4.0,17.23,0.0981,65.65,50.054,1,warpage
B101432,M1,Night,3.6,236.75,73.81,80.83,67.73,122.2,10.77,83.57,2.79,15.93,22.62,0.0286,46.01,48.579,0,none
B101433,M1,Day,8.1,240.84,53.36,109.88,62.29,104.6,21.16,77.51,4.3,17.11,28.16,0.0539,42.96,50.001,0,none
B101434,M1,Evening,6.1,231.16,48.88,112.76,49.68,130.4,5.22,73.19,6.58,15.68,27.44,0.0108,49.2,49.459,0,none
B101435,M5,Evening,6.0,223.65,35.45,106.39,74.48,136.7,13.02,71.04,6.99,12.89,27.14,0.1212,49.15,50.026,1,burn_mark
B101436,M1,Night,7.2,226.94,63.64,113.8,56.14,130.0,14.76,59.03,6.04,11.52,22.17,0.142,55.62,49.218,0,none
B101437,M3,Day,7.3,232.59,49.5,132.25,59.48,121.8,19.63,78.28,5.91,15.74,26.99,0.0132,26.76,50.29,0,none
B101438,M5,Day,7.7,241.62,84.58,119.44,59.16,127.2,12.41,77.57,6.1,11.99,24.53,0.0871,51.48,50.015,0,none
B101439,M5,Day,4.6,247.59,47.61,134.85,66.75,90.6,24.64,64.44,6.94,20.05,33.58,0.0126,44.01,50.326,0,none
B101440,M1,Day,4.8,221.44,76.05,97.37,42.77,119.2,17.04,76.31,3.36,15.61,24.34,0.0197,42.76,49.651,0,none
B101441,M1,Day,6.5,229.03,62.48,115.42,68.44,100.1,4.53,61.67,4.74,7.38,17.78,0.0257,37.04,49.523,1,warpage
B101442,M1,Night,6.8,231.42,44.72,90.91,49.19,145.8,8.19,62.44,5.39,16.88,29.22,0.0486,46.35,49.045,0,none
B101443,M1,Night,5.2,242.95,57.32,113.6,49.71,137.1,14.95,79.3,5.79,18.07,30.87,0.0474,44.83,50.468,0,none
B101444,M1,Day,8.3,229.72,62.71,104.32,73.28,137.0,9.42,75.17,2.34,24.09,32.07,0.0731,45.73,48.89,0,none
B101445,M3,Evening,0.0,230.7,52.75,139.22,45.07,162.8,16.19,67.22,3.61,20.64,29.65,0.0365,33.61,50.868,0,none
B101446,M5,Day,4.1,220.88,63.38,126.15,73.25,111.8,12.19,65.83,5.48,11.51,21.61,0.2363,50.98,49.804,1,burn_mark
B101447,M3,Evening,5.9,239.83,63.16,135.22,61.52,106.3,9.22,72.1,7.02,23.13,36.4,0.1924,42.08,50.31,1,burn_mark
B101448,M3,Evening,3.6,233.39,60.96,113.56,35.28,111.2,10.14,47.98,4.87,9.07,20.75,0.053,33.65,49.635,0,none
B101449,M1,Day,13.5,228.46,54.84,104.7,80.47,79.9,17.41,60.91,4.5,16.14,26.79,0.0238,44.52,49.096,1,short_shot
B101450,M4,Night,7.1,232.4,43.25,104.23,64.65,81.9,5.91,54.82,6.29,19.77,31.14,0.005,42.26,48.219,1,short_shot
B101451,M3,Night,7.7,246.27,54.23,123.98,65.91,135.5,18.18,70.14,5.01,23.29,36.09,0.0076,50.41,50.713,0,none
B101452,M5,Evening,5.1,224.95,56.76,147.15,75.11,85.1,18.3,83.06,6.82,25.44,36.16,0.0592,44.38,51.197,0,none
B101453,M5,Evening,6.9,226.58,36.24,126.19,82.49,93.1,12.67,75.73,5.17,22.37,34.42,0.0186,35.5,49.492,1,burn_mark
B101454,M2,Evening,2.1,247.52,56.69,114.38,63.02,117.5,8.38,63.86,3.83,15.32,25.36,0.1926,41.12,49.602,1,burn_mark
B101455,M1,Day,6.3,235.76,54.03,117.17,69.26,109.7,16.22,61.52,7.63,18.9,33.0,0.0397,32.73,50.138,0,none
B101456,M1,Day,3.3,241.7,42.03,119.53,65.57,142.1,12.05,60.95,7.36,17.12,29.69,0.0808,61.37,50.082,1,burn_mark
B101457,M2,Evening,5.9,239.02,51.67,150.4,54.86,121.5,7.94,94.0,4.07,12.45,22.37,0.0063,62.98,51.64,0,none
B101458,M5,Day,0.0,234.65,51.88,138.5,36.25,100.0,21.64,70.82,6.09,15.42,27.81,0.0641,64.19,50.956,1,short_shot
B101459,M2,Night,2.5,231.52,74.3,123.9,63.22,144.3,10.46,72.4,5.01,24.99,35.91,0.009,44.1,50.211,0,none
B101460,M4,Evening,12.9,243.32,57.2,121.65,80.68,138.2,8.11,44.67,6.43,19.23,29.87,0.0348,62.97,49.088,0,none
B101461,M3,Evening,10.3,246.62,65.36,124.49,68.75,84.7,15.14,55.83,4.19,26.3,38.2,0.0084,54.07,49.741,0,none
B101462,M1,Day,12.3,245.84,53.82,127.41,43.99,126.3,13.73,69.47,6.81,10.59,24.05,0.0122,41.78,50.884,0,none
B101463,M2,Night,12.6,223.15,36.26,113.8,76.46,102.1,19.94,64.02,7.29,14.09,27.42,0.1023,43.71,49.582,1,burn_mark
B101464,M3,Day,9.7,248.05,61.72,107.34,55.36,101.5,12.48,71.6,4.08,18.08,28.25,0.0607,48.28,49.994,0,none
B101465,M3,Day,5.2,231.42,48.42,135.48,28.62,166.7,12.52,71.44,5.6,19.71,33.0,0.0095,51.02,50.527,0,none
B101466,M2,Day,2.9,227.45,51.64,120.33,75.27,123.1,15.34,77.21,7.32,15.42,28.0,0.0093,53.63,50.234,0,none
B101467,M1,Evening,11.6,233.31,44.47,134.23,45.82,114.6,14.8,47.57,4.0,20.0,29.03,0.0288,49.98,49.756,0,none
B101468,M4,Night,7.3,243.31,55.73,144.69,86.71,122.1,14.92,56.74,4.5,19.96,31.31,0.1231,46.51,50.851,0,none
B101469,M1,Day,17.0,240.4,65.65,127.81,77.22,141.9,15.09,68.8,6.49,9.06,22.02,0.019,63.52,49.865,0,none
B101470,M5,Night,5.5,232.45,64.33,125.38,56.58,102.5,14.66,62.23,5.26,19.77,30.02,0.005,48.86,49.697,0,none
B101471,M1,Day,14.9,243.38,70.86,168.0,66.89,106.7,12.33,66.28,3.14,21.37,31.59,0.0309,48.29,51.433,0,none
B101472,M1,Evening,6.4,236.4,72.28,123.11,96.36,136.4,17.33,71.31,5.02,17.48,28.8,0.019,47.83,49.851,0,none
B101473,M2,Day,12.3,229.27,34.54,103.64,75.0,82.1,12.56,61.06,8.12,6.8,20.02,0.0052,48.87,49.128,1,warpage
B101474,M3,Evening,13.8,227.92,43.06,115.78,63.57,144.8,17.22,72.31,8.59,14.62,29.7,0.005,36.38,49.315,0,none
B101475,M3,Evening,2.9,239.1,36.92,143.28,103.34,79.9,19.55,76.53,4.54,18.19,29.07,0.1866,39.97,50.605,1,burn_mark
B101476,M2,Evening,5.1,234.17,61.32,100.59,61.76,113.9,11.29,70.78,4.13,11.67,21.71,0.0216,74.46,49.746,0,none
B101477,M5,Day,2.9,221.24,48.07,108.71,68.73,80.0,23.62,78.65,4.81,20.59,31.79,0.0594,33.5,49.512,1,burn_mark
B101478,M2,Night,2.1,243.47,50.11,136.6,45.96,93.6,11.15,43.92,8.2,19.65,34.48,0.1239,52.72,49.703,1,burn_mark
B101479,M2,Night,9.7,230.2,52.83,115.93,34.88,152.4,11.18,62.97,6.76,16.67,30.35,0.0216,53.43,49.842,0,none
B101480,M2,Evening,6.2,250.92,58.83,118.35,55.68,146.1,16.16,80.71,7.7,16.09,29.89,0.0142,60.13,50.05,0,none
B101481,M1,Evening,7.2,220.97,40.15,136.1,60.58,148.8,15.77,59.63,7.0,16.96,29.69,0.0881,53.67,49.383,1,burn_mark
B101482,M3,Night,9.2,233.19,42.41,109.25,64.94,83.8,14.29,58.0,3.52,15.98,25.74,0.0345,68.91,49.169,0,none
B101483,M1,Day,0.0,228.0,55.01,97.97,38.7,93.7,17.27,68.48,4.08,9.57,20.84,0.35,52.4,49.985,1,burn_mark
B101484,M3,Night,12.1,225.25,66.99,99.17,69.91,128.5,15.01,69.79,4.46,13.85,24.94,0.005,63.48,49.097,0,none
B101485,M1,Day,5.6,230.13,54.75,128.73,47.54,137.9,22.26,63.58,4.72,16.36,26.75,0.0205,60.4,50.089,0,none
B101486,M5,Night,9.1,252.71,47.08,123.89,69.13,100.0,13.79,92.12,4.48,23.09,33.63,0.0438,65.42,50.982,0,none
B101487,M2,Day,9.5,236.43,33.52,109.61,74.02,105.5,10.58,73.44,4.66,19.46,31.78,0.005,50.25,49.852,1,short_shot
B101488,M5,Day,12.5,227.08,64.53,102.62,54.07,91.7,11.79,59.17,6.46,23.36,36.57,0.005,53.98,48.689,0,none
B101489,M2,Evening,6.6,216.71,47.64,115.94,45.54,161.5,15.89,52.73,5.7,8.98,20.83,0.0121,46.31,50.057,0,none
B101490,M1,Evening,0.0,217.79,43.53,136.75,83.15,108.1,15.94,74.87,7.33,14.22,28.69,0.0159,51.6,50.179,1,burn_mark
B101491,M4,Night,7.2,229.64,37.85,107.46,73.09,120.8,14.83,58.88,5.88,26.37,37.7,0.0949,52.15,49.507,1,burn_mark
B101492,M3,Night,7.8,228.66,40.61,110.06,62.28,122.1,10.6,95.83,4.49,12.29,23.1,0.005,29.23,49.892,1,short_shot
B101493,M4,Day,2.9,232.76,45.39,102.14,82.03,147.6,18.43,75.14,5.78,12.19,25.84,0.0219,48.57,48.629,0,none
B101494,M2,Day,7.6,212.28,52.61,114.49,61.25,96.2,21.75,76.72,3.23,14.64,24.53,0.0064,58.9,49.575,0,none
B101495,M3,Day,5.6,234.08,42.91,125.07,50.69,149.2,14.12,72.98,2.03,26.09,35.74,0.0906,36.5,49.905,0,none
B101496,M5,Evening,1.6,245.28,56.86,151.73,44.97,88.0,21.24,83.46,6.46,12.64,25.02,0.047,40.14,51.935,0,none
B101497,M3,Evening,9.7,251.23,52.54,123.27,58.38,149.1,17.47,41.26,7.03,18.79,31.34,0.0062,61.56,49.287,0,none
B101498,M2,Night,4.7,216.06,77.22,119.19,71.58,77.1,22.87,55.56,5.61,17.96,30.73,0.0868,63.43,49.296,1,burn_mark
B101499,M3,Night,5.4,226.99,37.96,132.94,80.85,117.4,15.89,82.41,4.91,6.36,15.44,0.005,43.79,50.518,1,warpage
B101500,M3,Day,5.1,226.46,56.61,130.44,60.35,160.6,14.55,88.01,3.49,15.92,25.59,0.0424,51.74,50.691,0,none
B101501,M5,Evening,11.9,236.46,56.74,111.34,78.2,137.4,17.37,55.18,7.25,13.24,27.52,0.0863,49.22,49.108,0,none
B101502,M2,Evening,6.8,222.8,44.69,154.53,56.79,130.5,12.27,48.18,6.24,19.39,32.19,0.0504,61.77,49.826,0,none
B101503,M2,Evening,7.3,251.82,55.95,119.63,48.28,93.8,15.63,72.01,5.94,24.7,34.53,0.1064,44.67,49.871,0,none
B101504,M4,Day,5.2,235.44,62.7,123.55,40.41,101.6,19.32,75.82,5.49,14.28,24.42,0.0202,46.21,50.16,1,burn_mark
B101505,M3,Day,8.9,233.77,55.96,128.27,52.41,153.6,17.28,71.77,4.8,14.28,24.96,0.036,63.41,49.847,0,none
B101506,M4,Evening,12.4,250.93,68.84,125.19,40.97,131.8,13.88,69.28,3.83,28.59,38.89,0.0105,39.97,50.544,0,none
B101507,M2,Day,9.6,234.84,33.22,142.88,90.14,142.3,14.8,47.78,5.88,12.44,24.84,0.0756,45.02,49.671,0,none
B101508,M1,Night,9.7,239.0,46.58,111.15,66.59,121.8,17.03,65.5,4.69,9.28,19.97,0.0801,51.33,49.186,0,none
B101509,M4,Day,9.4,227.49,69.75,131.75,58.57,113.0,16.9,67.29,4.86,22.89,34.48,0.0165,65.24,49.702,0,none
B101510,M1,Evening,1.5,221.29,64.12,122.47,85.83,139.2,17.0,63.42,8.08,15.75,30.26,0.0929,38.07,48.921,0,none
B101511,M1,Evening,3.5,228.9,60.41,134.74,40.47,126.5,15.36,46.98,5.43,17.42,28.72,0.0208,42.89,50.066,0,none
B101512,M3,Night,6.2,256.87,67.33,116.78,57.94,115.8,10.7,77.02,1.82,27.16,35.52,0.005,55.93,50.135,0,none
B101513,M4,Day,4.1,241.33,35.83,114.74,90.0,84.6,11.34,80.39,4.7,8.99,19.03,0.2115,57.47,49.854,1,burn_mark
B101514,M5,Day,2.7,237.75,62.96,130.98,57.84,143.8,15.84,60.46,4.0,15.02,25.66,0.0822,52.12,50.174,0,none
B101515,M2,Day,0.0,225.24,65.64,125.37,96.7,131.0,17.33,67.77,5.29,9.82,20.26,0.2753,48.83,49.532,1,burn_mark
B101516,M1,Evening,1.6,244.11,48.41,107.7,71.78,104.8,16.81,64.04,3.36,17.68,27.53,0.0586,51.3,49.757,1,burn_mark
B101517,M5,Day,6.0,221.42,81.29,140.18,79.59,149.5,11.3,64.15,6.15,13.23,25.85,0.0923,34.93,49.573,0,none
B101518,M1,Night,6.7,219.33,56.96,130.99,80.02,126.1,13.4,75.92,5.06,10.14,20.89,0.0796,51.01,50.241,0,none
B101519,M1,Day,3.8,229.41,33.07,118.89,60.02,126.6,9.3,76.21,4.79,19.66,31.08,0.0932,64.82,50.144,0,none
B101520,M2,Day,7.3,254.54,58.81,112.98,52.68,142.1,8.43,82.9,5.72,16.05,29.32,0.0138,36.8,50.344,0,none
B101521,M3,Evening,5.3,253.98,47.8,125.46,58.27,136.7,14.33,82.65,5.39,9.74,20.11,0.0548,42.16,50.436,0,none
B101522,M5,Night,11.4,230.49,66.65,129.91,45.2,127.3,19.43,67.94,5.3,10.05,22.3,0.0255,46.03,50.35,0,none
B101523,M4,Night,6.4,228.26,60.48,96.09,59.01,115.3,14.4,104.11,5.16,17.04,29.29,0.1103,46.66,50.031,1,short_shot
B101524,M4,Evening,9.8,218.6,49.02,125.64,59.93,169.6,21.63,88.6,5.47,7.65,18.91,0.0118,68.41,49.806,1,burn_mark
B101525,M1,Evening,7.8,235.78,70.02,129.79,85.34,101.7,13.34,62.1,6.01,17.14,29.95,0.0072,40.68,50.107,0,none
B101526,M2,Evening,1.4,236.62,64.39,84.71,68.9,138.6,14.12,71.52,5.83,22.7,34.27,0.008,38.68,49.516,1,short_shot
B101527,M2,Evening,6.6,242.9,46.72,122.94,95.44,117.9,10.04,46.17,7.19,19.34,33.78,0.0261,57.71,49.353,1,burn_mark
B101528,M1,Day,2.1,244.11,53.48,130.42,27.61,131.4,12.61,70.33,4.68,12.88,20.82,0.1974,43.53,51.236,0,none
B101529,M2,Evening,6.6,233.03,60.17,128.71,41.74,150.8,9.24,90.08,5.86,17.37,30.67,0.0253,57.88,50.982,0,none
B101530,M2,Night,4.0,240.56,51.36,132.04,54.67,112.2,7.82,103.38,9.17,9.74,23.8,0.005,48.03,51.258,1,short_shot
B101531,M1,Day,8.5,227.99,51.66,115.09,82.39,135.0,9.31,68.54,5.44,16.68,28.21,0.0921,54.59,49.249,0,none
B101532,M3,Evening,1.6,240.37,55.37,104.4,58.36,126.6,14.34,74.02,5.5,14.37,25.05,0.0338,34.32,49.59,0,none
B101533,M4,Evening,7.1,229.93,44.34,93.0,37.98,104.0,11.05,77.26,3.6,10.8,21.9,0.0852,54.56,49.136,0,none
B101534,M1,Evening,9.3,239.59,32.67,136.38,56.32,151.5,12.0,93.76,4.43,19.12,29.32,0.005,52.18,51.402,0,none
B101535,M2,Day,10.6,238.79,57.39,130.55,42.04,137.8,15.64,58.2,5.34,6.11,16.91,0.0158,47.45,50.056,1,warpage
B101536,M4,Evening,3.9,235.69,35.11,137.53,39.1,109.1,7.8,101.87,6.3,10.07,23.49,0.0663,37.67,51.999,0,none
B101537,M4,Night,7.1,242.95,45.07,109.12,89.98,147.6,14.32,66.2,6.47,10.67,23.88,0.0056,52.17,49.57,0,none
B101538,M4,Day,7.7,219.3,37.28,132.06,54.73,99.2,17.39,55.96,5.99,13.48,25.13,0.0845,57.24,50.036,1,burn_mark
B101539,M2,Day,13.2,224.35,38.52,97.46,62.6,119.3,17.74,66.22,6.71,22.5,34.21,0.0316,44.69,48.599,0,none
B101540,M4,Day,1.1,232.3,59.26,106.96,58.61,109.3,16.07,60.28,4.0,19.77,28.65,0.0519,44.89,49.621,0,none
B101541,M1,Day,3.4,220.57,52.78,121.89,56.23,138.8,13.79,75.03,6.23,16.53,30.04,0.0548,57.94,49.901,0,none
B101542,M2,Night,18.2,230.93,52.42,129.95,47.39,108.0,11.51,50.17,5.52,16.29,28.23,0.0594,67.1,49.77,0,none
B101543,M1,Evening,5.9,231.25,41.84,145.19,55.34,139.0,13.67,71.7,5.69,15.94,27.8,0.1298,59.4,50.55,1,burn_mark
B101544,M2,Day,0.0,248.1,48.44,116.4,65.06,134.9,20.61,77.97,4.96,22.86,34.31,0.0054,52.29,49.763,0,none
B101545,M2,Day,4.7,236.43,58.76,107.01,81.28,110.6,15.09,87.79,4.07,6.92,15.04,0.1345,47.57,49.778,1,warpage
B101546,M1,Night,0.0,245.29,54.48,106.24,74.21,165.7,13.57,78.17,3.68,19.86,29.21,0.005,49.72,49.704,0,none
B101547,M4,Day,8.0,238.02,63.23,109.68,41.71,101.4,16.25,87.06,5.98,13.46,25.14,0.043,36.75,49.8,0,none
B101548,M2,Evening,10.2,229.64,64.65,153.32,74.83,84.8,14.2,62.73,6.25,18.51,31.74,0.0185,48.46,50.806,0,none
B101549,M2,Day,3.4,236.34,52.48,131.35,67.13,141.4,14.9,74.73,5.31,18.54,28.38,0.0184,61.2,51.129,1,short_shot
B101550,M1,Day,5.1,242.29,36.48,136.69,50.63,66.3,13.01,43.25,5.48,19.67,32.2,0.0291,50.4,49.67,0,none
B101551,M2,Evening,10.7,246.93,47.43,116.42,62.73,157.3,12.34,68.63,4.42,23.92,36.13,0.0344,43.75,49.977,1,burn_mark
B101552,M2,Day,0.0,233.68,54.02,119.98,68.58,122.5,17.98,74.64,6.25,9.14,19.68,0.1246,42.82,50.567,1,warpage
B101553,M2,Evening,1.7,218.52,47.24,130.49,60.71,84.3,6.2,75.73,5.59,21.03,32.63,0.1497,49.68,49.903,1,burn_mark
B101554,M1,Day,6.1,217.82,44.45,112.41,67.2,96.3,15.91,51.11,4.95,15.68,27.13,0.1885,37.65,49.219,1,burn_mark
B101555,M4,Evening,4.0,231.74,55.7,115.63,47.06,79.1,12.09,65.32,6.8,13.7,27.37,0.214,40.91,49.993,1,burn_mark
B101556,M5,Night,5.8,211.62,79.3,109.88,89.89,129.6,6.38,66.99,6.47,26.17,36.47,0.1133,65.33,49.217,1,burn_mark
B101557,M2,Evening,1.9,252.95,50.12,113.29,31.06,86.8,10.1,64.85,3.2,19.51,29.04,0.0232,39.64,50.896,1,burn_mark
B101558,M3,Day,7.9,240.97,54.97,120.73,68.67,132.6,13.86,78.7,5.57,13.91,25.27,0.0073,41.98,49.572,0,none
B101559,M5,Evening,6.4,228.64,41.88,107.67,65.5,112.4,14.41,67.4,4.06,20.79,30.57,0.1805,52.91,49.495,1,burn_mark
B101560,M5,Night,9.2,223.9,67.43,124.29,69.64,108.1,16.96,71.19,5.71,15.77,29.55,0.0379,45.58,49.714,1,burn_mark
B101561,M3,Day,7.8,245.28,63.75,124.27,49.37,132.7,17.23,64.12,1.5,13.84,21.12,0.1762,50.89,50.257,0,none
B101562,M5,Day,7.8,223.86,63.06,117.31,77.54,135.6,7.81,82.78,5.8,12.97,25.22,0.005,58.63,49.848,0,none
B101563,M5,Night,1.2,224.82,68.6,107.59,58.38,148.6,15.51,83.67,6.57,17.52,29.97,0.0716,34.53,49.662,1,burn_mark
B101564,M4,Day,9.0,227.34,50.73,121.57,42.21,104.2,16.91,66.3,5.33,12.93,24.51,0.0065,57.54,49.656,1,burn_mark
B101565,M2,Evening,5.7,236.14,51.98,112.43,43.58,119.3,14.88,104.21,3.75,16.78,27.08,0.0112,44.18,50.282,0,none
B101566,M1,Night,6.3,241.21,72.1,120.7,61.87,104.1,16.01,60.8,8.43,20.44,35.76,0.0312,47.14,50.655,0,none
B101567,M1,Day,11.2,246.93,61.33,136.47,36.05,124.1,6.27,82.09,7.23,16.55,29.01,0.0062,69.22,50.671,0,none
B101568,M2,Evening,4.1,245.45,32.81,101.21,87.01,100.5,10.04,58.59,4.7,25.88,36.74,0.0338,35.97,49.524,0,none
B101569,M2,Evening,12.4,235.01,59.55,152.6,75.73,109.4,19.46,79.28,5.11,16.07,27.36,0.0455,55.91,50.644,0,none
B101570,M2,Day,12.8,245.21,49.18,118.91,87.4,109.5,12.88,78.34,2.53,22.75,29.63,0.1066,61.28,50.047,0,none
B101571,M3,Night,10.0,228.29,63.98,126.18,85.82,127.3,22.89,57.86,6.21,20.88,32.14,0.0248,43.16,50.273,0,none
B101572,M3,Day,3.1,216.79,59.08,108.71,54.72,120.1,8.89,68.43,3.45,23.63,33.96,0.0917,43.32,49.688,0,none
B101573,M4,Day,0.0,228.29,37.59,137.13,46.96,132.7,20.26,92.41,6.5,25.86,37.9,0.0793,46.31,50.489,0,none
B101574,M1,Night,11.3,226.94,57.69,118.12,19.83,117.3,11.56,60.23,7.04,7.19,22.84,0.1811,43.11,49.911,1,burn_mark
B101575,M1,Day,7.4,228.68,57.11,114.09,53.91,105.5,17.45,74.82,5.39,17.33,29.68,0.005,50.66,49.876,0,none
B101576,M4,Night,4.0,225.41,58.63,111.37,86.48,124.8,12.82,74.03,3.9,15.44,25.8,0.1272,58.93,49.773,0,none
B101577,M4,Day,11.7,230.39,60.76,115.97,47.58,97.1,14.46,69.49,7.37,16.56,31.44,0.1602,46.37,49.941,0,none
B101578,M5,Evening,3.6,241.2,69.96,126.28,56.85,134.2,16.38,49.23,5.5,14.01,26.29,0.1301,59.29,49.842,1,burn_mark
B101579,M5,Day,5.3,252.15,59.14,122.59,51.68,112.9,11.55,79.94,5.64,13.28,25.11,0.0566,64.01,51.219,0,none
B101580,M5,Evening,9.1,217.75,55.23,119.4,65.62,125.1,17.2,70.14,4.1,10.5,19.19,0.0414,54.31,50.223,0,none
B101581,M2,Night,2.5,222.12,66.48,109.33,79.29,125.5,12.94,83.25,5.79,16.49,28.94,0.0202,55.25,49.803,0,none
B101582,M2,Night,6.6,227.09,77.43,108.46,36.91,160.0,14.71,72.78,5.2,20.67,33.26,0.0915,44.06,49.603,1,burn_mark
B101583,M2,Night,11.4,242.66,64.15,113.09,39.78,129.5,3.42,70.77,3.51,13.53,22.45,0.0214,25.0,49.197,1,burn_mark
B101584,M3,Evening,7.8,232.95,57.06,126.9,82.3,121.8,12.65,74.47,7.51,14.36,26.04,0.005,55.86,49.595,0,none
B101585,M5,Night,12.0,227.76,59.33,129.93,71.0,102.7,19.05,58.15,8.14,12.51,25.58,0.081,57.96,49.302,0,none
B101586,M2,Evening,11.5,242.17,57.56,131.96,56.11,140.1,16.78,88.7,7.03,11.03,25.81,0.1164,52.42,50.858,0,none
B101587,M3,Night,7.0,244.56,55.19,119.98,85.61,113.2,17.55,65.5,6.8,14.82,27.7,0.0794,59.1,50.125,0,none
B101588,M2,Evening,0.0,234.81,76.65,125.75,39.52,81.9,14.21,65.65,8.15,17.72,33.32,0.1813,44.52,50.979,1,burn_mark
B101589,M1,Night,2.6,226.84,47.51,117.47,73.97,115.1,20.71,85.51,3.93,22.29,32.23,0.005,55.19,50.418,0,none
B101590,M1,Day,10.1,237.7,66.55,93.87,58.98,124.8,15.15,72.97,3.91,10.04,19.45,0.0427,64.72,49.078,0,none
B101591,M1,Evening,0.8,232.67,53.74,116.76,69.1,99.5,11.36,67.16,4.88,15.85,28.86,0.0117,56.66,49.809,0,none
B101592,M5,Evening,5.7,232.59,40.2,114.37,24.19,117.0,17.42,74.97,5.95,21.89,33.47,0.0723,63.43,50.393,0,none
B101593,M2,Day,8.4,229.88,53.12,104.41,56.09,118.2,17.69,77.51,5.06,10.11,20.92,0.0908,63.49,49.099,0,none
B101594,M4,Day,12.9,244.25,49.53,111.49,71.05,118.6,16.52,68.58,3.97,22.34,32.77,0.0109,37.79,49.439,0,none
B101595,M3,Night,4.7,237.5,60.78,122.03,59.05,150.9,12.39,81.07,5.51,13.81,25.02,0.0588,57.19,50.178,0,none
B101596,M1,Evening,4.4,245.36,55.91,103.0,78.83,87.2,15.13,54.75,5.36,19.56,31.69,0.0334,43.68,49.898,0,none
B101597,M1,Day,6.8,248.36,44.78,109.34,78.33,170.8,19.57,73.14,6.76,14.91,28.12,0.0133,38.93,49.895,1,burn_mark
B101598,M4,Day,8.4,239.59,69.71,143.22,45.62,119.2,15.91,79.6,5.57,18.29,30.35,0.0256,47.14,50.641,0,none
B101599,M2,Day,6.4,229.94,65.9,95.96,72.36,134.5,8.09,77.46,2.64,24.05,32.07,0.016,67.54,49.08,1,short_shot
B101600,M5,Evening,11.2,245.4,70.86,117.25,45.11,123.2,11.48,43.11,6.08,15.39,25.81,0.0425,44.56,49.842,1,burn_mark
B101601,M1,Night,3.8,239.66,57.37,102.51,60.81,76.8,11.3,68.48,7.87,20.98,34.02,0.0414,32.42,49.419,1,short_shot
B101602,M3,Night,7.5,261.03,54.64,108.73,69.84,93.6,10.98,55.43,5.54,17.37,28.17,0.0981,35.55,49.538,1,burn_mark
B101603,M4,Evening,8.8,238.1,62.04,117.03,47.47,106.9,5.55,85.43,6.98,12.07,25.34,0.005,54.78,50.648,0,none
B101604,M1,Evening,5.4,241.98,49.23,105.19,71.8,144.8,21.56,65.31,4.74,15.27,25.2,0.0711,42.41,49.939,0,none
B101605,M2,Day,10.4,237.9,56.3,128.61,52.42,85.4,10.49,84.1,6.35,14.96,25.84,0.0768,29.57,51.085,0,none
B101606,M5,Night,7.6,234.01,53.24,140.27,51.29,98.6,10.78,55.4,4.38,8.94,18.18,0.0511,35.95,50.283,1,short_shot
B101607,M2,Day,10.2,232.41,40.39,132.63,70.6,124.1,6.23,74.69,5.13,18.3,29.81,0.0894,51.67,50.27,0,none
B101608,M2,Day,7.8,237.94,56.27,135.37,47.46,131.8,17.47,70.1,5.14,19.29,31.12,0.005,57.79,50.524,0,none
B101609,M2,Night,8.5,240.21,50.59,99.3,46.7,131.1,13.64,103.17,6.22,20.06,31.77,0.005,45.54,50.623,0,none
B101610,M2,Night,4.5,246.54,52.57,116.35,75.62,95.4,12.6,84.14,4.26,23.15,33.01,0.0767,56.49,50.054,0,none
B101611,M4,Day,4.5,238.09,58.64,127.01,61.63,80.1,12.81,83.37,3.3,20.77,30.69,0.0639,59.15,49.835,0,none
B101612,M4,Evening,11.9,230.37,67.73,133.07,38.19,133.5,16.35,94.33,6.21,12.98,25.36,0.1268,42.16,51.196,0,none
B101613,M2,Evening,9.5,231.73,46.51,146.3,72.83,155.8,12.08,73.41,6.15,14.05,27.38,0.0352,48.79,50.865,0,none
B101614,M4,Day,2.9,221.77,51.63,136.04,53.9,111.4,6.04,68.81,5.67,20.19,31.7,0.0455,44.0,50.178,0,none
B101615,M1,Day,7.7,251.61,47.35,133.45,38.95,91.4,8.83,67.44,6.9,17.95,30.02,0.1124,55.39,51.46,1,burn_mark
B101616,M1,Day,0.0,229.59,46.7,159.5,22.39,109.3,8.63,73.93,5.2,15.91,28.19,0.0659,43.88,51.369,0,none
B101617,M3,Evening,4.7,244.67,49.05,121.44,73.55,129.9,15.1,36.76,5.92,11.63,23.24,0.0653,37.87,49.884,1,burn_mark
B101618,M5,Evening,10.8,237.77,53.04,115.66,47.1,114.2,17.72,70.03,4.98,13.35,23.53,0.0559,50.53,49.572,0,none
B101619,M1,Evening,6.5,238.04,60.86,122.66,41.34,155.2,19.86,72.72,5.11,18.91,30.92,0.2031,61.1,50.463,1,burn_mark
B101620,M1,Day,7.5,233.83,58.2,106.27,69.59,143.1,7.46,68.13,6.01,6.25,19.71,0.0662,55.11,49.154,1,warpage
B101621,M3,Night,0.0,227.12,44.43,121.01,72.09,124.6,16.48,51.63,8.9,4.3,19.38,0.0093,60.07,49.398,1,warpage
B101622,M4,Evening,5.4,225.31,67.94,94.1,48.19,71.1,11.54,68.2,6.61,19.47,31.08,0.0172,59.19,49.426,1,short_shot
B101623,M1,Night,8.4,252.28,64.44,112.06,73.69,102.7,25.69,51.6,6.32,13.33,27.19,0.0081,50.42,49.317,1,burn_mark
B101624,M2,Day,8.9,236.14,45.99,118.27,90.82,106.3,19.53,91.29,6.66,18.34,31.38,0.0526,44.03,49.838,0,none
B101625,M4,Evening,10.8,246.25,67.24,134.24,80.2,101.3,20.81,66.91,1.98,23.88,32.08,0.005,41.3,50.254,0,none
B101626,M2,Night,6.2,248.85,58.27,136.67,77.87,124.8,17.21,45.25,5.98,10.93,22.51,0.0476,34.13,51.35,1,burn_mark
B101627,M1,Day,6.3,230.89,53.44,105.55,64.71,125.3,15.53,67.52,6.87,7.65,21.65,0.094,61.9,49.479,0,none
B101628,M1,Day,1.7,239.24,58.58,151.14,53.34,78.1,12.39,80.74,5.63,14.62,25.14,0.0276,46.69,51.329,0,none
B101629,M2,Day,6.2,235.45,54.74,122.23,59.16,140.1,11.6,72.11,5.44,12.58,22.81,0.0232,32.95,50.276,0,none
B101630,M2,Day,2.0,223.43,60.45,123.6,66.61,120.4,10.8,59.03,4.09,15.87,27.86,0.005,62.34,49.048,0,none
B101631,M5,Evening,0.0,233.15,56.87,95.73,41.14,128.9,16.47,61.86,4.85,18.69,28.68,0.0272,50.94,49.592,1,short_shot
B101632,M3,Day,2.7,240.88,51.63,110.7,48.46,138.6,20.24,66.56,4.25,17.63,28.84,0.0138,59.68,50.105,0,none
B101633,M3,Day,13.0,230.01,34.74,135.75,38.58,100.8,12.57,64.72,7.0,16.23,30.61,0.2052,47.38,49.882,1,burn_mark
B101634,M5,Evening,5.9,231.75,60.27,122.55,63.53,151.5,11.11,54.89,7.75,21.29,35.25,0.1377,42.07,50.532,1,burn_mark
B101635,M2,Day,7.9,233.27,51.26,121.62,61.25,116.5,8.07,69.19,8.4,19.35,32.88,0.005,54.46,49.995,0,none
B101636,M2,Day,4.9,256.12,62.78,123.41,50.21,157.8,14.98,54.0,4.23,15.09,25.95,0.1268,55.29,49.806,1,burn_mark
B101637,M5,Evening,0.0,216.66,59.82,98.35,72.31,97.7,18.92,81.39,4.5,19.18,31.07,0.0064,47.2,49.29,1,burn_mark
B101638,M1,Day,10.7,240.02,51.52,118.55,44.33,156.0,19.12,82.85,4.38,8.27,18.99,0.0262,63.14,50.127,0,none
B101639,M4,Day,0.0,232.47,65.23,141.12,49.65,97.4,19.51,57.96,3.97,21.32,30.54,0.0615,59.45,49.895,0,none
B101640,M4,Day,4.8,228.59,57.05,136.3,71.71,183.7,15.66,61.4,4.0,16.11,26.41,0.0422,55.65,50.008,0,none
B101641,M1,Day,6.8,232.22,56.64,118.12,73.93,96.2,14.36,64.92,4.73,10.0,19.34,0.0406,38.9,49.581,0,none
B101642,M2,Evening,7.9,241.67,53.62,143.46,48.06,146.4,19.13,69.62,6.81,13.92,25.75,0.0982,37.49,50.364,0,none
B101643,M1,Day,4.1,242.25,71.84,101.11,63.48,110.9,9.56,73.08,4.42,21.19,31.35,0.005,61.99,49.296,1,short_shot
B101644,M1,Day,0.0,236.86,47.87,105.42,48.32,137.9,12.24,75.56,7.08,12.16,25.3,0.1376,28.12,49.457,1,burn_mark
B101645,M2,Night,3.8,245.93,51.77,147.95,57.04,119.0,20.84,75.28,7.55,18.05,30.4,0.081,49.09,51.013,1,short_shot
B101646,M2,Night,4.0,247.69,42.63,128.67,62.16,92.7,9.7,88.65,5.93,20.39,32.57,0.2149,51.47,51.028,1,burn_mark
B101647,M4,Day,3.9,243.16,62.27,115.67,68.41,50.1,13.86,70.72,7.34,16.12,29.99,0.0145,45.1,49.972,1,burn_mark
B101648,M5,Day,10.9,229.54,49.18,119.17,64.76,182.7,16.53,54.37,3.46,11.68,20.92,0.04,49.65,49.522,1,warpage
B101649,M4,Evening,2.1,239.94,50.3,107.9,64.1,121.8,14.33,50.69,4.66,15.68,24.19,0.0248,54.2,48.645,0,none
B101650,M2,Night,8.2,239.99,49.83,124.15,43.82,46.4,18.6,89.63,5.78,8.95,20.84,0.0428,44.13,50.744,0,none
B101651,M2,Night,7.6,226.84,55.63,122.96,65.82,127.6,20.1,76.12,5.83,13.56,27.21,0.0463,58.81,49.65,0,none
B101652,M2,Day,10.8,219.31,42.49,120.3,68.27,137.2,15.92,72.48,7.64,10.46,24.57,0.0478,55.82,49.139,0,none
B101653,M1,Day,6.5,214.77,32.57,102.6,70.33,102.1,19.56,75.39,4.0,15.77,25.78,0.0094,48.2,49.486,1,burn_mark
B101654,M5,Evening,10.2,235.7,59.58,123.97,49.21,102.3,10.29,71.92,4.69,9.65,19.98,0.1441,41.74,49.81,0,none
B101655,M2,Night,6.3,237.98,33.86,112.06,73.73,119.5,13.37,75.2,5.37,16.42,28.37,0.0817,49.09,49.806,1,short_shot
B101656,M1,Night,8.7,223.18,63.54,105.21,40.24,150.1,23.62,65.53,4.72,21.66,32.59,0.1239,71.11,49.317,1,burn_mark
B101657,M4,Day,1.0,245.46,70.59,139.0,53.54,122.5,21.77,82.66,3.94,21.98,32.62,0.005,42.43,50.711,1,burn_mark
B101658,M2,Evening,0.0,236.52,53.36,152.55,55.87,156.6,8.89,63.7,4.79,9.77,19.46,0.034,65.31,51.342,0,none
B101659,M1,Day,8.5,248.49,67.99,149.14,41.06,148.3,13.95,59.16,5.13,12.67,23.92,0.0231,32.45,50.839,1,short_shot
B101660,M1,Evening,8.7,238.71,54.76,129.75,55.64,114.3,14.54,49.71,7.67,20.26,33.47,0.106,41.39,49.8,0,none
B101661,M3,Night,8.9,224.34,70.99,116.02,63.32,80.7,15.67,67.15,3.97,19.52,29.86,0.0182,44.57,49.373,0,none
B101662,M4,Evening,4.9,239.58,50.44,118.94,32.61,114.3,19.1,85.21,6.72,12.92,23.7,0.0605,59.49,50.677,0,none
B101663,M1,Day,13.0,241.7,31.35,126.08,54.08,133.2,21.36,64.51,7.41,13.57,26.58,0.05,50.55,50.177,0,none
B101664,M5,Evening,5.2,229.52,54.2,113.7,33.77,121.5,14.15,53.46,4.73,16.41,27.68,0.0432,63.1,49.415,0,none
B101665,M5,Evening,8.7,220.58,72.08,139.78,90.62,135.9,18.49,73.42,5.89,6.83,19.43,0.05,46.67,49.816,1,burn_mark
B101666,M4,Night,9.4,236.0,60.35,89.46,63.19,141.6,16.59,62.19,6.36,18.63,30.96,0.0577,49.46,48.896,1,short_shot
B101667,M1,Day,13.9,224.99,49.85,115.56,61.89,133.3,13.92,88.58,6.12,21.42,31.37,0.0817,46.71,49.842,0,none
B101668,M1,Night,5.7,246.21,58.29,132.02,63.48,113.1,7.21,82.9,5.62,14.05,26.32,0.0138,70.26,51.355,1,burn_mark
B101669,M5,Day,4.4,230.93,64.71,107.32,69.07,133.0,18.07,54.75,4.48,8.9,20.97,0.1059,38.8,48.979,1,warpage
B101670,M2,Day,1.0,252.25,54.14,116.4,74.67,175.9,16.42,67.91,6.49,23.06,34.72,0.0137,44.92,50.079,1,burn_mark
B101671,M3,Day,13.2,213.76,81.26,128.9,36.55,82.8,15.56,60.94,4.94,17.1,27.61,0.0102,40.22,49.97,0,none
B101672,M4,Day,8.7,236.35,49.83,142.77,79.65,132.2,10.07,56.07,5.54,19.54,31.89,0.0255,55.73,50.127,0,none
B101673,M1,Day,8.8,249.29,65.03,100.59,78.69,165.8,21.84,69.33,5.76,9.39,21.99,0.0498,38.59,49.747,0,none
B101674,M4,Evening,19.5,226.1,62.62,99.48,59.0,90.6,14.61,79.82,6.78,9.41,23.29,0.0565,68.22,49.66,1,warpage
B101675,M5,Day,8.3,233.41,48.0,105.81,58.22,145.0,9.43,69.02,8.39,18.07,33.48,0.101,50.81,49.745,1,burn_mark
B101676,M4,Day,1.8,230.97,50.76,96.94,15.0,148.4,8.79,63.81,4.39,21.14,30.0,0.1008,54.12,49.766,0,none
B101677,M2,Day,6.2,228.16,65.18,98.0,41.34,83.1,16.71,43.53,5.58,10.35,21.45,0.0611,54.63,48.33,0,none
B101678,M5,Day,3.1,237.45,56.45,105.41,67.78,137.8,16.83,62.01,3.27,15.49,25.39,0.058,49.8,49.516,0,none
B101679,M3,Night,5.4,222.05,58.38,138.5,78.01,113.2,12.15,76.62,7.72,8.06,21.7,0.0151,51.22,50.227,0,none
B101680,M4,Night,5.4,233.89,38.64,115.32,70.93,118.5,15.85,53.9,5.57,12.49,24.42,0.005,50.85,49.232,0,none
B101681,M4,Day,4.7,240.16,61.56,120.47,58.86,111.9,16.67,85.39,5.05,14.71,25.63,0.0368,55.19,51.622,0,none
B101682,M4,Night,1.4,232.85,57.87,105.67,88.89,152.8,14.56,63.0,5.58,18.44,29.59,0.0228,41.78,48.593,0,none
B101683,M2,Evening,13.4,225.0,54.36,129.5,75.08,117.2,11.19,72.32,5.65,5.47,16.88,0.0108,40.08,49.999,1,warpage
B101684,M1,Night,8.2,245.3,58.61,148.14,54.09,108.4,17.85,65.21,4.4,22.6,31.88,0.1128,58.21,50.902,0,none
B101685,M1,Day,6.1,242.3,50.91,106.69,92.73,108.8,17.35,55.88,7.28,15.15,27.71,0.0375,49.98,49.072,1,flash
B101686,M3,Day,10.0,224.59,49.08,145.87,43.56,111.5,16.27,75.28,6.47,22.47,34.87,0.127,29.94,50.535,0,none
B101687,M3,Evening,8.9,222.06,52.58,125.47,37.92,93.0,10.67,62.82,6.68,19.49,32.12,0.1117,45.25,50.126,1,burn_mark
B101688,M3,Night,8.1,225.48,50.36,120.25,53.68,108.2,8.68,60.0,4.48,20.26,31.31,0.1269,65.3,49.335,0,none
B101689,M2,Evening,9.7,240.45,76.81,126.0,48.62,122.9,14.31,41.49,4.4,26.1,36.22,0.1402,48.4,49.905,1,burn_mark
B101690,M4,Evening,7.5,237.76,64.12,125.86,54.53,130.1,17.72,85.63,5.33,12.09,25.1,0.0745,44.69,50.639,0,none
B101691,M5,Day,9.7,242.9,45.32,147.86,71.97,150.1,18.16,70.07,6.7,16.68,30.61,0.0172,35.05,50.751,0,none
B101692,M1,Evening,10.0,231.74,75.36,127.8,59.49,126.0,16.34,83.28,6.25,11.05,22.8,0.0548,44.32,50.43,0,none
B101693,M4,Night,7.7,225.75,50.67,128.12,59.88,108.1,12.2,77.44,4.33,15.49,26.02,0.0161,38.36,50.809,0,none
B101694,M3,Day,6.1,244.19,55.29,113.68,60.88,94.7,10.78,83.28,6.5,19.6,33.31,0.0253,54.29,50.407,0,none
B101695,M3,Evening,13.1,229.47,63.97,132.59,25.32,127.4,13.93,63.23,4.04,21.64,31.04,0.0215,50.49,50.567,0,none
B101696,M1,Evening,5.1,236.87,35.3,105.65,37.27,117.1,13.97,53.53,4.51,14.09,23.85,0.0071,46.37,49.644,0,none
B101697,M4,Evening,8.6,219.5,52.63,121.64,54.22,117.9,18.43,79.15,5.74,9.98,23.01,0.1684,42.38,50.071,1,burn_mark
B101698,M5,Evening,8.7,229.3,49.27,163.25,47.36,126.6,12.08,71.56,3.74,16.37,26.8,0.005,65.26,51.563,0,none
B101699,M4,Night,4.6,245.09,57.05,82.44,56.52,133.0,12.41,64.4,4.05,11.74,22.87,0.0324,42.95,48.735,0,none
B101700,M5,Night,3.8,227.84,58.7,123.5,81.06,126.7,22.22,78.91,7.83,13.11,27.25,0.0081,42.98,50.739,0,none
B101701,M5,Evening,5.6,243.15,54.23,124.07,58.88,115.7,20.2,73.7,7.55,19.36,32.65,0.0741,47.57,50.395,0,none
B101702,M2,Day,5.0,211.69,53.76,116.58,40.17,100.0,10.47,77.67,8.93,18.43,32.02,0.0809,48.97,50.889,0,none
B101703,M3,Day,1.2,229.41,65.65,116.93,48.1,104.7,19.88,57.73,6.18,20.17,32.48,0.0292,54.82,50.474,0,none
B101704,M2,Day,4.4,233.29,58.01,121.37,85.66,141.2,9.51,81.73,6.47,14.31,28.01,0.005,59.3,49.817,0,none
B101705,M5,Day,8.1,252.43,55.41,116.22,82.99,109.4,12.26,69.94,5.27,21.04,33.56,0.1073,58.56,50.001,0,none
B101706,M1,Day,12.1,223.31,56.48,123.33,68.94,86.3,12.72,83.02,4.97,16.07,28.12,0.0096,74.3,50.223,0,none
B101707,M2,Evening,9.2,241.71,73.36,112.69,36.56,149.0,13.69,81.62,6.81,14.58,28.17,0.0763,33.07,50.675,1,burn_mark
B101708,M5,Day,0.0,245.57,56.73,150.34,64.6,96.4,16.48,78.24,7.54,10.51,26.26,0.005,52.31,51.233,1,short_shot
B101709,M2,Day,9.6,227.79,49.86,116.22,65.76,120.9,14.43,68.67,6.68,5.55,16.68,0.005,44.79,50.117,0,none
B101710,M4,Night,4.8,231.26,35.91,128.54,60.38,132.3,16.46,78.51,4.24,8.18,18.65,0.0599,70.1,49.751,0,none
B101711,M2,Day,8.8,236.42,40.66,109.96,51.45,120.1,12.39,83.33,6.09,17.08,28.23,0.0437,51.76,49.859,0,none
B101712,M5,Evening,6.9,220.19,50.33,134.0,54.56,58.0,15.5,77.28,4.34,11.46,23.36,0.0417,29.7,50.331,0,none
B101713,M5,Night,6.2,230.45,53.92,131.0,50.4,129.8,14.32,72.43,5.01,7.77,18.23,0.0423,54.34,50.173,0,none
B101714,M2,Evening,6.6,247.76,49.44,126.29,42.82,153.2,8.45,78.54,7.95,13.9,28.87,0.125,52.67,50.117,1,burn_mark
B101715,M4,Day,6.9,240.23,58.51,104.59,80.49,139.7,15.93,63.69,3.7,17.4,26.65,0.005,57.58,49.594,0,none
B101716,M2,Day,12.4,233.43,49.31,108.71,73.23,66.9,14.38,88.17,8.75,18.08,33.25,0.089,42.76,49.481,0,none
B101717,M3,Evening,6.9,236.13,45.86,145.29,55.73,173.2,11.14,49.82,6.32,15.86,28.07,0.0152,53.28,50.179,0,none
B101718,M3,Evening,11.3,240.81,61.13,108.55,65.28,86.9,12.3,70.41,4.8,15.7,26.48,0.0155,47.3,49.963,0,none
B101719,M4,Day,10.8,242.72,68.69,129.61,65.85,93.0,12.4,65.13,5.6,13.31,25.24,0.0059,43.29,50.677,0,none
B101720,M1,Evening,9.7,229.44,43.93,105.83,95.14,139.5,13.02,62.31,4.47,19.17,30.56,0.1511,53.43,48.788,1,burn_mark
B101721,M1,Evening,0.0,250.35,57.44,135.13,73.09,131.3,21.04,73.66,4.68,15.12,25.69,0.1195,51.53,50.263,1,burn_mark
B101722,M4,Day,11.5,248.16,35.95,109.7,72.52,122.0,22.36,56.49,5.61,15.62,28.12,0.0259,60.5,49.209,0,none
B101723,M3,Evening,5.2,241.77,40.25,105.55,60.57,105.8,3.1,95.82,5.01,21.19,33.23,0.0584,50.27,50.569,1,short_shot
B101724,M2,Day,9.9,226.57,49.11,109.31,53.48,153.3,15.95,53.77,4.1,19.96,29.64,0.0602,56.04,49.704,0,none
B101725,M1,Day,3.1,224.8,66.35,111.69,80.74,119.0,17.82,58.58,5.17,15.08,28.13,0.0527,37.93,49.28,0,none
B101726,M2,Night,2.3,231.73,47.21,126.07,69.78,80.9,13.14,57.45,3.53,14.36,24.64,0.0334,63.95,49.871,0,none
B101727,M5,Day,14.9,235.61,46.84,121.04,47.56,150.8,17.71,72.38,3.59,14.33,23.49,0.0269,42.23,49.751,0,none
B101728,M1,Evening,3.2,217.32,55.36,103.57,66.81,125.5,20.62,82.17,3.58,5.89,16.08,0.0629,59.03,49.58,1,burn_mark
B101729,M2,Evening,11.6,239.95,55.37,119.58,72.56,147.9,8.51,76.31,8.01,21.48,36.53,0.0754,52.63,50.337,0,none
B101730,M5,Day,7.5,247.87,47.15,102.85,28.56,134.3,14.54,87.67,6.11,12.58,25.27,0.0368,51.36,50.404,0,none
B101731,M1,Night,5.3,240.76,74.86,129.65,46.16,179.8,21.83,60.07,6.39,20.27,32.87,0.0205,57.6,50.387,1,burn_mark
B101732,M4,Day,6.8,228.24,52.35,132.4,65.44,112.3,9.05,77.9,5.52,16.21,24.27,0.1786,28.6,50.013,0,none
B101733,M2,Day,1.8,227.06,56.14,119.64,31.13,120.4,13.54,66.36,6.26,22.96,34.25,0.0077,44.26,50.495,0,none
B101734,M5,Night,6.9,238.0,50.98,124.07,33.51,138.0,12.21,72.74,7.26,18.65,32.59,0.0276,57.46,50.011,0,none
B101735,M4,Evening,2.7,233.47,59.4,146.28,55.94,112.4,18.21,83.3,6.11,20.56,31.69,0.0192,69.22,51.066,0,none
B101736,M5,Evening,5.4,239.43,67.35,117.64,67.37,140.1,18.76,49.69,7.96,13.04,27.51,0.0438,49.76,49.676,0,none
B101737,M1,Day,10.7,241.02,71.64,105.84,68.07,46.3,14.65,93.89,5.44,9.57,21.9,0.0338,25.62,50.462,0,none
B101738,M3,Day,8.0,245.92,47.38,128.69,83.74,118.2,14.13,68.26,6.4,16.74,29.02,0.005,46.83,50.521,0,none
B101739,M4,Evening,1.1,223.68,66.01,103.01,61.23,117.4,7.12,50.72,6.56,6.41,17.21,0.0378,49.4,49.321,1,burn_mark
B101740,M1,Day,10.4,237.22,60.5,116.84,54.41,116.5,19.69,61.69,4.1,13.66,23.03,0.0907,61.09,49.722,0,none
B101741,M1,Day,7.0,231.37,64.75,111.02,40.39,98.1,12.59,71.23,5.56,10.05,22.3,0.182,50.48,50.71,1,burn_mark
B101742,M1,Night,4.8,234.01,54.08,109.47,54.23,142.7,13.43,61.68,2.74,11.8,21.8,0.0565,37.23,49.941,0,none
B101743,M5,Day,10.0,243.64,53.13,116.25,70.61,107.4,17.89,45.43,5.31,18.98,28.2,0.0121,59.63,49.296,0,none
B101744,M4,Day,6.3,244.73,64.36,133.5,71.29,125.0,14.79,71.16,5.08,18.65,29.81,0.0149,55.68,50.36,0,none
B101745,M3,Day,2.3,248.98,64.55,136.59,63.97,119.1,18.02,61.34,4.99,15.19,24.71,0.1083,43.01,50.761,0,none
B101746,M4,Evening,14.4,239.26,70.66,133.89,68.21,132.5,16.41,77.81,4.89,17.6,28.58,0.217,57.2,50.391,1,burn_mark
B101747,M3,Evening,6.9,233.9,56.99,125.05,79.15,155.8,14.82,57.18,6.27,13.3,25.41,0.0467,44.53,49.24,0,none
B101748,M2,Night,6.7,232.47,53.93,116.13,61.13,124.9,15.24,97.14,4.17,28.13,40.66,0.0102,47.02,50.406,0,none
B101749,M2,Day,5.4,217.65,30.4,84.63,80.51,141.0,9.51,76.16,8.29,17.5,31.26,0.0505,44.7,47.802,1,short_shot
B101750,M3,Day,11.7,248.4,38.89,125.51,49.1,123.6,13.4,72.36,6.35,13.05,26.45,0.0947,46.9,50.648,0,none
B101751,M1,Evening,4.9,231.78,51.06,85.81,58.9,107.3,18.34,77.48,4.3,20.38,31.68,0.0207,59.07,49.31,1,short_shot
B101752,M5,Day,0.8,240.06,43.99,91.15,52.79,116.5,10.41,48.14,6.47,22.2,34.48,0.0465,32.14,48.752,0,none
B101753,M4,Evening,4.3,241.79,63.14,117.57,71.89,112.9,11.14,64.04,6.99,12.13,25.24,0.0059,61.04,50.193,0,none
B101754,M2,Night,12.3,222.55,41.9,123.97,44.78,134.2,10.48,91.4,6.05,8.91,20.96,0.012,51.76,50.811,0,none
B101755,M3,Evening,10.3,225.77,49.99,113.23,55.17,122.7,14.61,66.16,3.99,9.9,19.15,0.0065,46.1,49.273,1,burn_mark
B101756,M1,Evening,6.0,250.47,50.38,143.03,32.1,100.1,19.61,69.25,8.86,12.65,26.68,0.146,50.21,51.202,1,burn_mark
B101757,M5,Night,12.5,237.9,67.05,126.93,68.92,114.5,16.19,64.4,6.46,15.73,27.78,0.0844,40.91,49.869,1,flash
B101758,M5,Day,10.0,229.19,48.92,116.26,78.7,81.9,5.29,87.57,3.63,7.85,16.34,0.0486,33.68,49.852,0,none
B101759,M5,Night,5.9,233.74,59.52,140.79,73.66,115.4,16.59,67.06,5.81,13.91,25.22,0.0596,41.19,50.811,0,none
B101760,M2,Evening,6.3,245.86,56.96,143.48,72.19,120.0,12.23,54.98,5.17,14.96,25.93,0.0074,31.05,50.664,0,none
B101761,M1,Evening,8.3,244.34,64.03,127.69,72.59,165.2,16.04,100.95,5.51,17.62,29.3,0.005,36.47,50.613,0,none
B101762,M1,Night,3.7,220.34,63.5,108.37,70.5,153.7,13.4,53.5,3.71,19.06,29.21,0.0111,33.77,49.075,0,none
B101763,M1,Evening,7.0,251.34,54.67,111.75,69.22,94.1,10.56,68.83,5.58,18.01,29.39,0.0082,62.24,49.617,0,none
B101764,M1,Evening,8.2,244.66,38.04,98.3,70.18,125.0,13.71,59.9,4.25,24.96,34.44,0.0933,37.16,49.02,0,none
B101765,M1,Day,0.3,233.48,52.68,119.36,50.16,125.5,12.23,61.58,4.98,21.47,32.87,0.005,49.59,50.427,0,none
B101766,M5,Evening,6.2,223.08,54.8,104.25,57.0,114.2,15.23,57.28,6.08,17.11,29.98,0.1635,61.17,50.016,0,none
B101767,M1,Evening,5.8,245.54,57.86,115.06,61.05,115.8,10.46,63.52,4.79,11.15,21.45,0.1983,58.5,50.493,1,burn_mark
B101768,M1,Day,11.1,239.76,47.62,123.91,54.96,111.2,9.5,81.81,5.06,12.62,22.7,0.0302,47.05,50.572,0,none
B101769,M4,Evening,0.0,220.42,66.41,90.24,36.51,166.8,16.93,47.18,6.73,8.86,21.14,0.2237,47.09,48.732,1,burn_mark
B101770,M3,Evening,5.5,232.68,55.14,101.04,41.47,109.6,18.44,85.13,4.17,16.77,26.75,0.0713,51.8,50.241,0,none
B101771,M4,Day,5.1,265.0,45.8,112.4,63.45,128.5,16.32,83.06,4.53,17.66,29.33,0.0446,71.12,50.484,1,burn_mark
B101772,M3,Day,10.8,235.17,50.42,119.21,73.59,56.8,11.4,76.11,3.62,20.46,30.78,0.0118,54.13,49.466,0,none
B101773,M5,Evening,6.8,227.58,74.29,112.59,60.14,140.6,11.04,71.51,4.27,17.34,27.6,0.035,56.68,50.332,0,none
B101774,M3,Day,14.2,224.92,61.64,115.94,101.47,149.6,11.27,73.32,5.69,21.27,34.86,0.0107,72.66,48.963,1,flash
B101775,M3,Day,9.6,252.72,65.48,109.41,46.2,93.7,17.56,87.08,6.46,21.37,33.8,0.0883,52.78,50.85,1,burn_mark
B101776,M4,Evening,5.4,243.48,44.58,98.26,66.67,107.2,10.7,49.05,4.29,10.86,22.56,0.0422,61.48,49.255,0,none
B101777,M2,Day,8.0,249.07,48.11,111.98,79.37,131.3,17.54,78.73,6.41,13.41,27.05,0.1156,54.78,50.602,0,none
B101778,M2,Day,5.6,237.48,48.19,116.8,75.99,120.5,16.55,61.05,5.66,15.94,28.75,0.006,54.63,49.904,0,none
B101779,M2,Evening,10.4,247.54,56.84,115.34,69.83,131.7,18.95,79.91,3.43,12.47,22.22,0.1302,40.37,49.943,0,none
B101780,M1,Day,1.7,226.52,53.26,121.68,76.05,112.8,18.25,62.64,5.76,14.78,26.66,0.0946,38.71,49.995,0,none
B101781,M4,Night,3.7,236.63,50.11,126.28,60.83,166.6,16.17,78.48,7.29,17.51,30.8,0.0086,44.88,50.247,0,none
B101782,M2,Night,8.8,237.87,51.36,130.23,84.94,103.3,8.13,51.42,2.66,15.38,24.9,0.057,58.82,49.387,1,short_shot
B101783,M1,Evening,11.9,248.82,47.06,110.5,79.25,187.3,16.44,49.69,8.51,16.0,29.72,0.2837,58.34,48.683,1,burn_mark
B101784,M1,Night,0.0,238.19,53.2,96.36,47.22,151.0,14.46,68.64,4.58,11.29,21.61,0.0756,63.33,49.396,0,none
B101785,M4,Night,12.5,228.74,66.13,139.07,64.82,140.8,12.51,87.23,3.03,18.53,29.23,0.0148,49.89,50.184,0,none
B101786,M2,Day,6.4,235.64,39.87,125.78,36.79,94.0,19.45,76.44,5.71,18.17,30.5,0.0959,55.38,51.047,0,none
B101787,M3,Evening,0.0,218.24,58.46,105.68,82.83,142.7,13.39,76.35,6.75,12.19,25.89,0.043,55.42,48.668,1,burn_mark
B101788,M5,Day,0.0,211.79,68.8,124.17,63.36,135.1,11.88,80.32,5.08,9.53,19.39,0.0258,48.93,49.817,1,burn_mark
B101789,M1,Evening,0.9,243.31,53.17,136.02,80.23,67.0,18.5,65.24,5.97,22.15,33.69,0.0211,46.78,50.19,0,none
B101790,M4,Evening,6.9,231.25,49.71,145.94,58.36,84.9,12.38,77.33,8.68,24.74,39.75,0.1718,35.15,50.945,0,none
B101791,M2,Day,6.7,232.39,64.24,123.76,32.16,128.9,11.68,63.04,5.81,17.17,28.94,0.0059,48.47,49.909,0,none
B101792,M1,Day,9.5,243.31,45.16,135.9,99.56,116.7,9.49,66.23,9.97,14.19,28.94,0.005,48.96,50.528,1,flash
B101793,M3,Night,4.8,248.97,54.77,101.86,61.97,107.1,10.72,67.72,7.4,21.23,35.39,0.3333,61.34,49.657,1,burn_mark
B101794,M5,Day,2.6,240.34,44.6,119.46,45.0,147.0,11.06,63.45,5.58,18.35,31.01,0.1882,62.33,50.077,0,none
B101795,M2,Day,5.3,254.28,36.3,114.97,77.19,97.9,16.48,69.21,5.94,14.95,26.6,0.062,51.46,49.723,1,burn_mark
B101796,M3,Day,7.1,240.03,53.48,125.14,90.54,108.6,9.92,66.95,5.02,20.84,32.66,0.0787,70.63,50.055,0,none
B101797,M2,Evening,7.9,238.02,42.37,144.17,56.96,103.8,6.57,61.51,5.87,11.95,25.86,0.029,51.9,51.12,0,none
B101798,M3,Night,3.8,237.4,54.88,123.75,58.51,132.8,15.21,68.31,6.34,12.55,26.41,0.0298,60.33,51.073,0,none
B101799,M3,Night,10.6,222.15,66.15,105.93,63.57,77.0,11.46,71.86,4.89,17.82,28.47,0.2488,49.0,49.057,1,burn_mark
B101800,M3,Evening,4.5,244.56,73.54,101.05,43.34,107.6,13.93,56.8,3.43,16.57,24.9,0.0644,38.6,49.43,1,burn_mark
B101801,M3,Day,3.5,210.55,55.94,144.69,49.64,76.9,19.13,75.01,7.48,19.19,32.9,0.005,45.75,49.91,0,none
B101802,M1,Day,4.8,229.14,65.19,127.71,86.73,112.2,14.29,64.08,6.96,21.97,37.27,0.0167,64.74,49.995,0,none
B101803,M3,Evening,11.3,235.23,58.99,126.72,58.02,138.1,20.04,72.38,3.37,8.24,18.95,0.1336,47.36,49.795,0,none
B101804,M3,Night,6.5,227.1,51.17,114.84,47.44,138.5,13.73,62.02,5.76,16.19,27.95,0.005,45.34,49.789,0,none
B101805,M3,Evening,4.2,230.48,35.75,124.02,53.22,101.8,18.03,82.61,7.04,25.51,40.11,0.0146,49.96,50.805,0,none
B101806,M1,Evening,10.7,253.39,71.26,105.2,76.09,133.3,11.81,81.47,6.89,13.02,27.07,0.005,46.11,49.756,1,burn_mark
B101807,M2,Evening,15.6,246.04,44.51,125.81,30.36,115.4,14.43,57.41,4.46,12.43,20.99,0.0207,61.94,50.058,0,none
B101808,M2,Evening,7.8,228.14,68.83,102.38,63.82,154.0,10.27,76.3,6.97,4.8,18.83,0.005,68.85,49.918,1,warpage
B101809,M1,Evening,11.9,230.3,60.37,114.61,96.93,116.8,10.74,87.36,5.52,16.51,28.15,0.0538,50.06,49.994,0,none
B101810,M1,Evening,11.1,222.23,45.24,110.36,90.47,45.7,13.1,58.62,6.08,18.9,30.12,0.0263,55.4,48.591,1,burn_mark
B101811,M2,Evening,4.6,242.05,58.12,71.14,68.6,142.4,8.69,59.57,4.12,18.89,29.1,0.1063,59.72,48.394,1,short_shot
B101812,M4,Evening,7.1,232.5,76.33,114.8,79.75,108.5,14.64,78.82,1.5,10.81,18.73,0.06,51.09,49.487,0,none
B101813,M1,Night,1.9,215.34,70.36,106.52,79.6,113.1,12.79,54.31,4.33,15.96,25.5,0.0849,41.22,49.162,1,burn_mark
B101814,M4,Evening,6.2,236.01,49.87,116.84,58.11,128.4,14.94,60.67,6.3,17.11,29.29,0.0659,45.91,49.796,0,none
B101815,M3,Day,4.5,239.39,47.88,120.03,73.87,84.4,8.75,57.82,5.19,16.26,27.12,0.0872,54.12,50.219,0,none
B101816,M4,Day,5.4,244.63,56.0,146.52,86.83,121.9,16.81,78.97,6.48,10.53,23.8,0.1536,53.94,50.525,1,burn_mark
B101817,M2,Evening,4.0,234.27,53.34,124.57,41.04,133.4,20.79,61.69,7.16,16.39,29.24,0.1616,32.08,50.229,1,burn_mark
B101818,M2,Evening,5.9,231.27,67.0,125.01,68.65,129.1,19.95,66.58,5.0,11.93,21.23,0.0667,45.63,49.935,0,none
B101819,M3,Evening,9.1,254.86,62.4,127.43,65.42,105.0,21.62,61.02,4.86,6.64,17.05,0.0219,42.63,50.376,0,none
B101820,M5,Evening,6.5,235.07,38.08,133.08,61.55,144.8,14.17,83.78,2.22,19.41,26.68,0.0478,58.82,50.455,0,none
B101821,M2,Day,0.0,242.2,59.59,126.81,60.22,95.1,12.59,59.69,3.18,16.7,24.58,0.1152,43.02,49.316,1,burn_mark
B101822,M3,Evening,4.0,229.6,53.21,124.23,63.48,104.4,15.95,53.11,3.49,18.96,29.63,0.0495,45.39,49.911,0,none
B101823,M3,Evening,0.9,241.9,55.37,130.67,64.73,116.6,13.05,52.64,6.33,13.33,26.47,0.0066,45.04,50.048,0,none
B101824,M4,Evening,8.0,220.44,57.49,83.6,76.78,127.4,7.04,78.32,5.02,19.13,29.18,0.024,57.91,48.397,1,short_shot
B101825,M1,Evening,9.0,230.38,66.99,151.34,67.15,111.9,17.28,79.19,4.7,21.11,30.54,0.03,59.69,50.807,0,none
B101826,M3,Day,8.0,222.92,64.78,143.85,57.33,150.7,13.06,84.98,4.53,24.77,35.19,0.0393,54.94,50.451,1,short_shot
B101827,M2,Evening,3.9,228.95,47.5,123.26,47.4,127.4,8.13,54.87,4.33,20.07,29.08,0.135,61.06,49.18,0,none
B101828,M5,Night,8.0,247.5,54.41,98.8,52.91,121.9,11.97,67.23,6.89,17.92,30.57,0.1751,62.35,49.931,1,burn_mark
B101829,M2,Night,5.1,228.88,50.51,138.16,63.92,126.5,13.15,99.13,5.64,9.1,20.81,0.0228,31.9,51.196,0,none
B101830,M2,Evening,2.4,242.18,38.18,109.59,49.41,138.3,14.05,66.37,6.99,15.47,28.76,0.0339,55.92,49.356,0,none
B101831,M5,Day,10.0,250.17,53.91,128.01,74.19,126.0,14.1,63.24,2.21,8.89,17.44,0.0244,46.3,51.074,1,burn_mark
B101832,M2,Evening,10.3,234.72,73.45,100.76,66.45,74.8,19.48,69.75,6.3,11.91,23.42,0.0483,37.43,48.955,0,none
B101833,M1,Evening,10.8,244.94,37.88,153.4,77.15,147.2,8.85,76.36,4.77,25.78,36.62,0.0564,46.8,51.357,1,short_shot
B101834,M1,Day,4.6,240.31,54.76,98.37,50.42,123.0,13.39,76.16,5.08,10.88,23.24,0.035,57.31,49.651,0,none
B101835,M1,Night,11.7,236.16,54.44,121.03,47.53,137.1,10.48,62.63,7.53,4.29,15.72,0.0239,64.55,49.584,1,warpage
B101836,M1,Day,5.0,242.5,57.88,88.17,77.04,109.9,19.02,62.98,4.92,20.07,31.31,0.0073,36.55,48.969,0,none
B101837,M2,Day,9.6,253.4,45.37,119.38,61.95,74.3,11.75,66.44,6.24,12.63,23.69,0.005,56.18,50.102,0,none
B101838,M4,Day,5.0,228.63,40.75,113.62,56.96,63.0,12.62,61.24,3.97,19.84,31.22,0.0456,69.66,49.345,1,burn_mark
B101839,M4,Day,6.1,225.41,41.21,137.06,70.48,96.4,18.2,55.18,5.55,10.15,22.52,0.0058,68.31,50.428,1,warpage
B101840,M1,Night,0.0,224.82,68.31,113.62,69.92,132.9,19.3,91.7,3.11,13.87,23.77,0.1196,25.0,50.209,1,burn_mark
B101841,M3,Evening,5.8,244.94,45.17,137.08,41.16,152.4,19.89,65.12,5.41,21.98,32.54,0.005,71.79,51.004,0,none
B101842,M1,Day,7.4,246.29,50.0,104.64,80.77,127.5,7.43,65.8,6.08,9.39,21.73,0.0834,59.61,49.341,1,burn_mark
B101843,M5,Evening,5.4,229.63,76.05,115.77,53.84,93.7,15.93,66.17,7.16,15.15,28.69,0.0336,26.93,49.901,0,none
B101844,M1,Day,14.0,213.64,47.66,116.07,85.5,100.4,15.08,69.03,4.27,17.46,25.36,0.1691,42.34,49.278,1,burn_mark
B101845,M3,Day,2.4,228.25,58.42,127.43,40.0,154.0,13.8,75.22,4.71,12.4,23.26,0.1112,62.58,50.601,0,none
B101846,M2,Day,4.7,240.48,65.64,125.53,64.76,87.2,14.27,64.42,4.53,17.21,28.36,0.199,53.6,49.749,1,burn_mark
B101847,M3,Evening,3.4,234.33,65.16,130.83,57.22,172.5,19.14,83.67,5.12,16.08,25.78,0.0602,44.26,49.785,0,none
B101848,M2,Day,4.7,236.8,41.68,124.0,30.37,166.9,18.15,77.17,4.05,18.67,29.33,0.1487,50.66,51.062,0,none
B101849,M4,Night,11.1,229.77,47.87,129.92,69.87,173.4,17.59,67.71,2.26,25.21,33.57,0.005,55.46,50.069,0,none
B101850,M1,Day,12.9,245.14,58.02,106.53,31.14,129.5,14.83,62.01,3.94,29.38,40.69,0.0174,44.21,50.077,0,none
B101851,M5,Evening,4.2,238.43,74.29,125.83,55.62,111.5,23.08,83.02,5.43,18.32,29.33,0.0567,48.73,50.291,0,none
B101852,M3,Night,4.1,240.86,47.38,144.12,76.56,128.9,12.4,68.06,5.28,15.45,26.9,0.0702,58.97,50.529,0,none
B101853,M4,Day,2.4,236.59,50.06,94.8,52.05,142.7,7.54,55.09,6.33,18.2,30.87,0.0752,42.99,49.581,0,none
B101854,M4,Day,12.2,240.24,59.2,127.34,46.44,103.7,12.94,82.25,6.76,14.84,24.79,0.005,36.43,50.807,0,none
B101855,M5,Night,11.5,239.59,61.2,130.15,72.01,92.5,14.23,61.28,4.83,8.06,18.53,0.0134,43.63,50.851,1,warpage
B101856,M1,Evening,6.6,225.72,61.8,141.92,56.26,112.9,19.21,80.42,3.12,15.77,24.97,0.1609,41.11,51.076,1,burn_mark
B101857,M2,Evening,1.4,238.73,46.54,130.89,53.92,100.7,11.96,39.83,6.1,21.41,31.16,0.0337,43.95,49.606,0,none
B101858,M2,Day,1.8,242.92,49.68,121.5,79.12,151.0,15.96,65.58,5.49,8.68,20.84,0.1271,32.73,50.039,1,burn_mark
B101859,M2,Day,7.7,246.55,57.16,126.45,42.49,104.6,8.09,83.92,5.11,11.08,22.28,0.02,52.36,51.409,1,burn_mark
B101860,M3,Evening,9.2,239.16,67.62,108.97,53.11,122.4,18.33,70.06,7.33,13.09,26.5,0.0514,58.68,49.879,0,none
B101861,M5,Night,0.0,225.35,52.62,114.18,73.0,144.6,14.27,77.18,6.18,17.86,30.76,0.05,41.88,49.92,1,burn_mark
B101862,M5,Day,5.7,226.89,54.78,99.96,41.52,152.0,12.88,59.18,5.68,27.88,39.16,0.0748,43.48,49.74,0,none
B101863,M3,Night,13.5,230.65,44.74,142.31,86.63,125.2,22.53,74.17,5.75,11.95,23.74,0.3348,48.13,49.6,1,burn_mark
B101864,M3,Evening,6.1,236.89,73.63,126.75,56.75,129.6,18.28,70.05,6.77,16.46,30.1,0.0054,40.89,50.51,0,none
B101865,M5,Day,13.0,233.78,56.54,106.26,73.12,94.6,9.84,72.92,4.47,16.03,26.55,0.0186,59.84,49.968,0,none
B101866,M5,Day,9.6,223.76,65.78,124.07,73.09,145.6,13.56,94.47,4.18,14.49,22.83,0.0998,41.11,50.043,1,burn_mark
B101867,M1,Day,2.7,223.7,55.3,137.39,57.72,151.6,24.95,85.66,5.15,15.76,26.96,0.0192,44.74,51.054,0,none
B101868,M3,Evening,5.8,214.01,55.85,134.89,52.81,73.2,21.92,79.5,3.73,13.68,23.47,0.005,42.37,50.392,1,burn_mark
B101869,M4,Evening,6.5,203.81,40.0,106.09,59.36,164.1,17.69,79.66,5.43,29.71,42.05,0.0851,60.07,48.722,1,burn_mark
B101870,M2,Evening,3.2,233.68,33.49,72.99,70.69,102.5,6.61,59.09,5.65,19.75,31.05,0.1054,47.69,48.522,0,none
B101871,M2,Day,3.1,258.2,67.52,125.93,45.2,134.9,19.33,64.35,5.4,13.72,24.14,0.005,69.93,50.557,0,none
B101872,M5,Evening,13.0,252.97,55.78,106.7,41.95,121.9,11.46,51.61,4.96,21.92,31.9,0.1434,53.54,49.657,1,burn_mark
B101873,M5,Evening,3.1,225.22,57.06,129.33,82.26,118.5,19.29,54.76,7.98,17.28,32.71,0.0155,61.58,49.832,0,none
B101874,M5,Evening,11.3,236.5,42.51,134.25,48.98,114.8,11.11,59.36,6.91,16.29,29.49,0.0085,46.76,50.015,0,none
B101875,M4,Evening,5.3,220.35,45.97,136.7,65.31,95.2,15.96,69.65,5.35,15.09,27.84,0.0316,40.57,50.491,1,burn_mark
B101876,M2,Day,6.9,221.88,65.62,146.17,56.97,133.1,11.44,55.3,5.64,14.75,27.93,0.0598,49.67,50.005,1,burn_mark
B101877,M2,Evening,9.2,223.03,72.4,138.55,57.63,112.8,12.55,69.53,7.56,9.9,22.72,0.1487,43.21,50.921,1,burn_mark
B101878,M3,Day,4.6,232.75,48.79,146.24,81.46,87.3,16.49,68.15,4.62,7.63,17.43,0.0515,30.01,50.901,0,none
B101879,M3,Day,9.3,233.18,61.71,140.69,58.72,94.1,8.72,56.39,4.05,17.85,27.78,0.1,60.14,50.872,1,short_shot
B101880,M3,Day,0.0,237.53,56.9,141.99,54.65,87.7,23.49,88.31,5.84,15.04,27.49,0.0249,50.33,51.28,0,none
B101881,M3,Evening,8.8,241.63,53.79,119.39,55.95,106.9,9.89,54.11,6.12,20.39,31.11,0.0459,43.0,49.655,0,none
B101882,M2,Evening,0.0,231.63,73.52,100.66,52.45,132.1,9.67,83.41,6.23,11.55,24.24,0.0659,53.76,49.461,1,flash
B101883,M4,Day,6.1,235.36,50.47,157.23,49.95,102.2,16.5,42.95,6.74,10.51,23.66,0.0965,50.47,50.409,1,short_shot
B101884,M2,Night,10.4,224.06,67.41,120.94,52.51,144.4,19.17,68.29,4.4,19.88,29.16,0.1138,64.1,49.845,0,none
B101885,M2,Night,9.5,221.56,58.81,138.43,84.95,117.0,12.71,55.63,3.39,14.52,22.82,0.0189,54.33,49.574,0,none
B101886,M1,Day,1.8,220.01,54.83,111.75,70.67,112.8,9.71,62.15,4.62,20.28,31.35,0.0189,48.43,49.377,0,none
B101887,M1,Evening,2.3,241.49,68.72,134.46,54.82,120.4,10.31,91.72,6.37,16.17,30.61,0.2904,56.93,50.735,1,burn_mark
B101888,M5,Day,4.2,231.62,57.9,83.33,74.72,154.9,9.88,65.84,4.12,25.39,35.21,0.1334,49.64,48.401,0,none
B101889,M2,Night,7.7,216.29,54.04,113.84,36.19,85.7,15.23,56.75,2.6,19.78,28.71,0.1086,51.84,49.374,0,none
B101890,M1,Day,0.0,234.37,68.79,118.52,80.64,161.4,13.72,75.85,5.72,18.05,29.16,0.0238,62.26,49.585,0,none
B101891,M4,Day,6.9,222.51,67.49,126.94,79.43,144.0,15.7,65.73,4.65,20.0,30.89,0.005,38.31,49.621,0,none
B101892,M3,Evening,8.2,251.6,67.02,136.08,93.55,119.5,15.46,71.81,2.91,14.64,22.92,0.0291,41.37,50.637,1,burn_mark
B101893,M1,Day,5.9,229.21,25.0,103.59,75.17,149.6,17.3,59.03,5.61,7.79,19.14,0.035,45.81,48.74,0,none
B101894,M2,Evening,9.1,241.82,59.4,129.9,66.56,111.9,12.36,59.62,4.92,17.8,31.17,0.0368,47.27,49.705,1,burn_mark
B101895,M1,Evening,7.9,245.89,57.12,138.4,79.37,127.1,11.05,60.55,8.01,25.71,39.83,0.005,61.57,50.27,0,none
B101896,M3,Day,4.8,225.45,54.65,155.19,50.61,106.5,14.63,79.58,5.63,4.55,14.62,0.042,35.85,50.799,1,warpage
B101897,M2,Evening,0.0,235.76,61.1,130.6,54.07,144.2,13.78,67.28,6.38,18.35,31.37,0.0618,49.71,50.802,0,none
B101898,M1,Night,7.5,240.53,57.61,113.11,59.04,102.3,15.01,57.42,5.47,8.32,20.93,0.032,44.49,49.39,0,none
B101899,M1,Night,3.2,236.16,61.78,100.92,80.53,118.7,11.15,71.94,4.6,15.88,27.16,0.027,67.0,49.295,0,none
B101900,M3,Evening,4.7,238.61,52.32,147.44,47.16,137.0,16.57,70.95,4.77,16.4,26.99,0.2069,58.84,51.184,0,none
B101901,M1,Day,8.9,221.7,69.98,131.06,45.57,146.2,9.29,76.88,7.12,19.73,31.94,0.0361,52.39,49.973,0,none
B101902,M4,Day,12.7,240.54,62.79,119.67,63.55,99.5,12.24,64.22,6.62,17.05,28.78,0.0478,59.69,49.626,0,none
B101903,M1,Night,6.8,230.14,60.43,95.7,70.76,138.8,18.52,69.07,3.27,22.87,31.94,0.005,36.81,48.851,0,none
B101904,M3,Evening,9.2,238.49,59.94,106.03,49.45,95.5,9.47,75.06,3.63,21.83,31.09,0.0407,70.28,50.114,0,none
B101905,M2,Evening,1.2,244.2,66.57,129.47,70.06,66.2,18.2,57.89,3.71,15.02,24.17,0.0372,41.58,50.72,0,none
B101906,M2,Night,8.0,241.69,65.22,125.31,80.53,101.3,8.36,80.63,7.09,21.47,35.78,0.005,62.57,50.917,0,none
B101907,M1,Day,6.8,238.49,53.87,90.81,78.01,140.9,7.66,70.2,2.9,14.44,24.26,0.1646,55.52,49.446,0,none
B101908,M4,Evening,11.9,241.42,64.9,129.49,65.3,119.7,8.02,56.79,6.68,13.58,27.52,0.034,52.64,49.63,0,none
B101909,M5,Day,4.8,241.88,56.74,96.47,58.64,106.6,14.47,56.7,6.1,9.98,21.29,0.0228,62.15,48.838,1,short_shot
B101910,M1,Day,6.0,249.96,74.17,140.31,86.03,121.4,16.92,68.81,5.72,22.56,33.36,0.115,59.97,51.035,1,burn_mark
B101911,M1,Evening,11.2,234.66,65.98,123.13,60.23,120.6,19.17,63.4,4.79,14.5,25.37,0.0837,51.07,50.488,0,none
B101912,M5,Day,6.6,236.64,48.74,113.05,74.11,135.5,18.85,79.06,7.28,4.0,17.7,0.005,45.78,50.135,0,none
B101913,M3,Night,2.6,244.32,78.31,134.85,89.37,79.7,17.45,66.56,5.67,18.71,30.45,0.1585,51.23,50.505,1,burn_mark
B101914,M1,Day,17.2,230.1,33.98,125.3,72.53,117.4,10.67,73.64,3.33,13.83,23.51,0.0145,48.97,49.883,0,none
B101915,M1,Night,2.7,221.65,61.37,139.87,45.04,123.1,10.64,59.82,3.68,14.51,25.78,0.0212,53.54,50.942,0,none
B101916,M3,Evening,6.7,239.93,48.04,121.21,41.41,85.9,17.15,69.72,3.03,14.83,23.64,0.1859,60.21,50.035,0,none
B101917,M4,Evening,8.4,232.94,73.82,122.08,55.54,85.5,19.69,85.79,7.3,14.32,28.42,0.0054,54.69,49.828,0,none
B101918,M3,Night,8.1,222.92,57.53,115.72,70.64,110.9,9.88,68.22,7.64,29.64,43.79,0.0252,51.85,49.829,0,none
B101919,M5,Evening,6.2,240.01,47.06,123.94,66.67,120.2,19.18,63.36,7.13,24.31,37.54,0.0774,43.46,49.79,0,none
B101920,M2,Day,6.3,249.31,52.34,145.47,93.11,120.3,6.32,59.63,5.29,19.5,31.54,0.0083,53.25,49.986,1,burn_mark
B101921,M2,Day,6.1,218.7,47.86,112.46,66.53,106.1,15.56,69.77,3.36,17.21,25.8,0.0154,33.04,49.767,1,burn_mark
B101922,M2,Day,2.5,245.22,51.94,129.72,55.09,105.1,13.58,86.91,3.92,21.64,30.59,0.0297,42.02,50.192,0,none
B101923,M2,Night,15.6,209.63,51.71,106.79,43.0,110.1,13.18,53.64,4.02,17.22,27.67,0.0208,56.06,49.225,0,none
B101924,M1,Evening,6.1,231.0,47.49,89.0,77.71,127.5,14.13,69.4,5.43,20.08,29.87,0.0603,58.85,48.665,0,none
B101925,M1,Day,9.4,253.41,57.7,123.11,59.91,151.1,10.59,49.43,7.58,18.79,32.88,0.0159,49.79,50.519,0,none
B101926,M2,Day,5.7,231.72,58.91,125.56,37.41,64.5,15.78,65.07,7.58,16.64,29.09,0.0755,52.01,50.405,0,none
B101927,M4,Evening,5.6,235.9,45.04,118.35,60.33,135.6,14.24,73.15,4.77,20.7,32.99,0.1414,53.7,50.4,0,none
B101928,M1,Evening,5.2,242.63,38.42,97.56,45.06,117.2,17.74,51.04,2.15,13.9,21.65,0.0743,56.81,48.832,1,short_shot
B101929,M2,Day,0.8,217.84,58.11,124.56,53.62,133.1,20.36,64.66,3.75,16.29,27.5,0.2558,47.99,49.244,1,burn_mark
B101930,M3,Night,6.4,235.72,60.32,123.99,60.09,149.6,14.51,73.49,7.28,11.1,24.17,0.0069,40.17,50.073,0,none
B101931,M3,Evening,5.4,235.64,62.3,106.67,46.42,101.1,10.73,71.57,5.85,11.68,23.27,0.0337,53.87,49.991,0,none
B101932,M4,Night,11.7,253.62,60.51,99.7,52.69,143.6,9.45,74.07,4.97,4.0,15.83,0.0913,69.58,49.85,0,none
B101933,M4,Day,2.2,222.64,70.73,116.21,48.84,88.6,20.79,58.3,4.86,18.28,29.44,0.0133,40.78,49.982,1,burn_mark
B101934,M4,Evening,4.7,231.18,64.97,129.79,49.24,123.2,20.28,73.48,4.37,19.66,29.96,0.0117,48.73,50.605,0,none
B101935,M1,Day,3.4,225.72,81.8,126.25,44.88,113.9,17.55,62.8,3.69,21.43,30.72,0.005,46.14,49.688,0,none
B101936,M2,Day,12.8,224.66,85.0,106.79,52.76,121.2,14.24,78.57,8.61,10.49,24.7,0.0312,74.13,49.855,1,burn_mark
B101937,M3,Evening,3.5,246.27,37.42,122.05,46.58,95.3,17.26,42.27,8.08,18.2,34.63,0.0856,40.39,49.871,1,burn_mark
B101938,M1,Evening,9.2,235.27,33.03,133.31,68.8,130.9,19.22,66.52,4.27,16.0,24.59,0.0091,48.4,50.69,0,none
B101939,M1,Day,10.9,229.44,54.93,102.41,63.01,159.7,11.53,71.19,2.87,19.69,27.35,0.0507,46.35,49.058,1,short_shot
B101940,M1,Night,6.4,229.82,60.04,120.95,77.92,95.7,14.12,86.19,5.75,12.74,25.67,0.1514,37.46,49.863,0,none
B101941,M2,Day,1.5,229.37,54.24,140.09,88.3,124.7,9.58,71.04,5.28,14.32,26.7,0.0778,36.91,50.395,0,none
B101942,M2,Evening,1.5,230.26,62.04,100.88,70.16,141.4,13.48,72.26,6.44,8.23,19.75,0.1675,55.68,49.794,1,burn_mark
B101943,M1,Night,10.4,222.36,52.3,137.33,66.74,112.6,20.18,74.51,6.78,12.42,23.44,0.005,57.09,50.283,1,burn_mark
B101944,M4,Evening,2.0,232.41,48.06,144.29,71.11,154.0,18.31,85.04,3.74,16.02,27.03,0.1449,44.4,51.088,0,none
B101945,M5,Night,8.6,231.41,49.57,116.67,67.0,109.3,14.54,65.42,7.42,16.87,29.24,0.0443,64.09,49.697,0,none
B101946,M1,Evening,7.5,227.42,53.0,114.85,60.75,117.1,3.23,53.16,4.97,7.57,18.05,0.0174,27.49,49.373,1,warpage
B101947,M5,Night,8.5,236.55,63.44,135.5,59.56,95.2,11.38,50.87,6.41,13.44,25.95,0.0097,37.42,50.513,0,none
B101948,M1,Evening,8.9,237.4,50.13,117.21,44.67,123.2,14.41,77.97,5.11,16.8,26.84,0.0148,41.75,50.303,0,none
B101949,M5,Evening,3.3,229.43,52.11,84.7,72.58,120.1,13.14,72.68,6.88,23.04,36.85,0.0138,49.91,48.63,1,short_shot
B101950,M5,Day,3.1,233.56,60.7,118.52,59.53,135.9,14.13,66.92,1.96,11.77,19.75,0.0055,45.49,49.702,0,none
B101951,M1,Evening,9.9,256.59,53.01,127.06,81.74,104.1,14.97,62.97,6.61,18.45,30.18,0.0501,47.99,50.07,0,none
B101952,M4,Day,4.5,256.2,66.17,131.1,73.73,103.0,11.87,72.17,4.25,13.19,22.65,0.2475,54.85,50.315,1,burn_mark
B101953,M5,Night,0.0,224.46,45.8,106.79,50.61,131.6,13.97,72.52,5.61,13.77,26.68,0.0288,64.57,49.507,0,none
B101954,M5,Day,9.6,225.86,43.64,115.95,78.7,154.9,13.4,75.76,7.37,11.61,24.7,0.0371,58.02,49.69,0,none
B101955,M5,Day,2.9,224.41,58.05,134.65,21.59,135.7,11.19,56.7,4.3,10.78,21.69,0.0103,50.56,50.499,1,burn_mark
B101956,M3,Night,8.9,245.57,59.04,119.1,88.95,166.2,21.39,48.83,4.06,13.63,23.68,0.0479,49.2,49.074,0,none
B101957,M1,Day,12.6,231.01,46.35,97.07,39.92,133.9,12.09,59.04,4.94,21.24,30.43,0.0183,61.01,49.087,1,short_shot
B101958,M4,Day,7.1,237.4,68.44,138.56,67.43,133.0,4.98,53.79,4.85,12.23,23.82,0.0413,68.84,50.064,0,none
B101959,M3,Evening,11.0,254.97,74.25,116.79,66.41,137.0,21.13,53.16,3.92,11.45,22.44,0.0183,56.38,49.535,0,none
B101960,M3,Day,7.6,234.9,48.72,136.37,76.86,157.2,10.61,88.84,5.66,17.05,30.55,0.0797,45.1,50.495,0,none
B101961,M2,Day,13.3,242.06,69.87,99.07,55.07,150.9,17.6,42.8,5.74,16.03,25.86,0.0136,52.59,49.298,1,burn_mark
B101962,M3,Evening,2.8,240.2,31.18,118.19,27.82,92.9,11.28,75.64,6.19,15.66,24.69,0.005,55.8,50.936,1,short_shot
B101963,M1,Day,7.0,229.12,65.76,127.65,55.09,140.0,16.28,80.88,4.27,17.27,28.18,0.0605,44.45,50.298,1,short_shot
B101964,M4,Day,9.7,245.59,46.42,118.69,56.71,126.6,13.81,81.85,4.08,10.95,20.44,0.0095,58.66,50.141,0,none
B101965,M1,Day,6.2,226.5,64.76,102.25,29.26,115.1,18.0,73.33,5.32,11.51,21.4,0.0515,52.64,49.686,0,none
B101966,M4,Day,11.6,248.4,45.39,84.2,60.68,75.7,13.15,85.84,5.13,20.93,32.17,0.0221,61.65,49.466,0,none
B101967,M4,Day,5.3,229.13,54.32,142.85,43.86,81.5,11.38,91.4,5.16,15.27,25.98,0.0433,40.23,51.429,0,none
B101968,M2,Day,15.3,230.22,46.9,123.72,69.74,110.9,15.03,66.37,4.44,18.98,28.15,0.005,32.59,49.731,0,none
B101969,M3,Evening,15.5,224.12,52.86,137.5,56.31,83.4,12.47,75.37,6.0,22.12,34.03,0.005,46.07,50.316,0,none
B101970,M2,Evening,8.1,225.76,73.3,133.93,89.42,111.4,6.28,85.31,4.09,20.23,30.88,0.0058,50.24,51.149,0,none
B101971,M5,Day,9.2,230.73,53.92,128.95,56.16,137.9,11.59,59.66,5.32,9.15,20.64,0.033,31.99,49.583,1,warpage
B101972,M4,Day,11.8,210.69,76.1,115.18,66.46,105.5,25.48,67.06,5.04,15.42,26.64,0.0294,43.92,49.683,1,burn_mark
B101973,M2,Night,2.3,232.67,51.14,127.35,56.8,122.1,6.71,62.49,5.45,21.2,33.1,0.0116,62.84,50.589,0,none
B101974,M1,Evening,1.8,229.92,69.92,141.49,35.65,93.3,14.96,75.53,7.28,18.61,30.2,0.0656,55.33,50.834,1,short_shot
B101975,M1,Evening,12.0,242.9,38.74,121.25,56.93,127.5,13.03,47.22,3.53,16.92,26.4,0.0138,51.38,49.885,0,none
B101976,M2,Evening,8.1,239.23,52.13,148.53,71.3,132.7,21.35,87.24,1.91,7.8,15.96,0.0106,39.44,50.564,1,short_shot
B101977,M5,Day,6.1,227.92,49.64,97.51,69.03,84.4,9.56,76.41,4.61,12.92,23.15,0.0091,62.5,49.266,0,none
B101978,M4,Night,7.0,230.41,70.38,95.9,55.6,101.2,14.41,77.08,3.77,16.35,25.29,0.2592,45.83,49.8,1,burn_mark
B101979,M1,Night,0.0,232.65,56.85,134.82,38.15,88.3,16.74,41.64,1.5,8.87,15.62,0.0404,50.95,50.103,1,short_shot
B101980,M5,Night,6.2,249.86,34.12,107.72,69.67,132.7,13.28,57.52,8.12,19.97,33.79,0.056,54.07,49.522,1,burn_mark
B101981,M2,Day,4.0,226.78,41.9,150.65,66.29,124.1,10.93,87.89,6.34,15.41,28.67,0.0302,51.71,51.698,1,short_shot
B101982,M5,Day,10.7,227.8,44.87,140.06,72.65,118.8,13.91,67.87,6.5,6.1,20.13,0.066,64.92,50.611,1,warpage
B101983,M1,Day,11.0,223.71,64.34,143.81,55.89,116.8,12.76,49.31,5.07,13.17,25.56,0.0241,55.75,50.42,1,burn_mark
B101984,M3,Day,9.3,220.18,63.05,133.27,34.73,128.1,12.75,72.66,6.13,14.57,25.14,0.0233,53.38,50.198,1,burn_mark
B101985,M5,Day,8.6,238.07,52.0,106.18,68.01,128.6,17.72,78.15,4.87,15.35,25.28,0.0904,49.14,48.859,0,none
B101986,M2,Evening,1.0,237.03,49.51,95.11,59.86,107.6,15.61,76.38,6.72,23.1,36.48,0.0597,54.32,49.543,0,none
B101987,M3,Day,9.4,247.83,62.16,142.43,80.88,104.1,16.21,68.2,5.78,18.89,31.98,0.0232,47.9,50.622,0,none
B101988,M5,Night,9.5,245.41,43.7,97.51,60.43,118.5,15.32,83.63,5.45,9.17,19.65,0.0518,51.89,50.017,1,short_shot
B101989,M1,Day,12.0,258.97,59.58,143.77,59.32,115.3,17.84,61.58,5.56,8.55,20.29,0.104,46.58,50.955,1,burn_mark
B101990,M1,Day,15.5,234.26,58.73,130.04,66.26,171.5,19.22,76.48,7.7,14.67,27.23,0.0592,45.01,50.373,0,none
B101991,M3,Night,0.2,232.39,52.25,118.86,51.05,110.4,12.85,71.62,5.75,16.63,28.66,0.0773,40.84,50.059,0,none
B101992,M2,Evening,5.4,222.0,58.98,126.63,50.32,127.2,17.28,68.4,3.96,20.96,30.27,0.0394,47.29,49.68,0,none
B101993,M1,Day,4.0,241.97,56.02,126.98,58.53,131.6,8.82,65.45,6.0,24.65,36.84,0.005,46.63,49.592,0,none
B101994,M2,Evening,7.7,236.19,59.97,116.96,46.19,155.0,4.99,65.88,6.23,24.92,35.94,0.0778,68.29,49.672,0,none
B101995,M4,Day,7.1,241.51,41.66,141.39,56.56,99.7,21.31,70.39,5.28,13.79,23.44,0.02,59.92,50.395,0,none
B101996,M2,Day,6.1,223.61,61.15,140.87,89.09,153.5,12.67,66.49,5.42,20.67,35.19,0.034,48.66,50.078,0,none
B101997,M2,Evening,11.1,238.52,65.27,122.33,75.64,116.3,15.01,78.8,3.9,18.13,28.1,0.0752,45.77,49.571,0,none
B101998,M4,Day,2.6,237.05,58.21,111.0,64.62,182.5,9.1,63.57,5.65,10.55,24.33,0.0079,56.15,49.419,1,short_shot
B101999,M3,Evening,2.8,236.39,61.01,139.59,83.28,129.1,8.91,88.82,3.68,6.56,17.75,0.0129,69.42,51.427,1,warpage
B102000,M4,Day,2.9,228.17,53.9,89.66,47.63,89.3,11.15,63.03,5.12,16.72,26.21,0.005,57.97,48.946,1,short_shot
B102001,M2,Evening,5.6,246.89,63.91,126.66,97.36,115.1,16.57,81.04,4.5,8.52,19.38,0.0515,32.8,50.242,1,flash
B102002,M5,Night,2.1,255.5,55.65,131.09,53.09,153.4,11.93,81.56,6.97,11.74,23.42,0.0366,58.63,50.946,0,none
B102003,M3,Day,6.8,223.9,43.52,107.57,90.06,122.0,12.66,71.99,7.82,12.58,26.1,0.0222,60.4,49.274,0,none
B102004,M1,Day,6.3,242.2,63.2,134.61,89.99,118.5,11.02,70.92,3.78,17.09,24.99,0.0595,71.99,50.081,1,short_shot
B102005,M5,Evening,3.9,206.22,38.66,119.6,33.7,138.0,18.66,61.25,5.49,22.4,32.32,0.0138,47.52,49.587,0,none
B102006,M2,Night,10.5,241.69,57.83,111.81,82.01,111.4,17.47,63.8,5.03,16.06,26.24,0.1145,51.39,49.321,0,none
B102007,M1,Evening,6.8,216.3,51.16,134.45,55.74,114.7,12.06,72.64,6.2,13.31,24.96,0.0088,54.5,49.726,0,none
B102008,M1,Evening,11.3,229.75,50.52,103.71,51.48,96.4,16.74,69.46,5.64,5.66,17.34,0.022,42.36,49.918,0,none
B102009,M3,Evening,6.2,221.87,56.72,133.04,67.87,163.2,13.02,84.2,4.92,18.29,28.17,0.0232,41.45,50.091,0,none
B102010,M1,Day,6.9,232.84,47.91,90.26,44.88,89.4,12.65,64.54,5.64,16.14,27.93,0.0601,53.99,49.678,1,short_shot
B102011,M2,Evening,4.7,243.39,60.12,124.29,67.53,124.2,13.8,65.27,5.18,13.25,25.57,0.005,34.57,49.817,1,burn_mark
B102012,M1,Day,7.0,216.43,55.57,120.66,45.89,132.0,16.57,50.02,7.88,21.83,35.99,0.0256,36.83,49.007,0,none
B102013,M2,Evening,9.8,231.41,48.83,111.9,62.66,119.7,10.43,77.72,4.31,10.05,20.29,0.0548,58.16,50.509,0,none
B102014,M2,Day,5.4,229.87,68.38,125.84,80.03,88.7,16.01,76.64,5.89,12.58,24.8,0.005,54.98,49.513,1,warpage
B102015,M3,Day,9.1,250.81,57.05,118.81,65.8,95.0,23.99,81.72,6.26,14.77,25.6,0.0298,62.5,49.585,0,none
B102016,M2,Evening,3.7,239.32,61.31,135.82,54.6,133.1,14.73,82.4,6.16,13.19,26.3,0.2153,54.63,50.335,0,none
B102017,M1,Evening,10.0,223.23,69.17,128.4,68.12,100.5,14.14,79.47,5.05,18.75,28.61,0.0322,50.1,50.135,0,none
B102018,M3,Evening,4.7,230.29,69.0,126.79,38.9,68.2,13.66,79.97,7.55,18.32,33.42,0.005,62.89,50.075,0,none
B102019,M2,Evening,10.4,250.56,60.8,124.38,47.42,129.7,15.91,77.32,2.37,21.25,30.39,0.104,45.77,50.44,1,burn_mark
B102020,M3,Night,7.2,242.14,51.97,112.92,53.55,98.2,7.56,79.17,3.86,18.51,28.93,0.2392,46.67,49.431,1,burn_mark
B102021,M1,Night,13.1,225.82,40.7,115.47,71.8,135.8,20.8,47.9,6.5,15.42,28.52,0.0123,49.35,49.547,0,none
B102022,M1,Night,2.4,232.33,57.07,123.72,66.09,115.0,17.92,56.8,4.18,14.3,24.48,0.0682,54.5,49.894,0,none
B102023,M1,Evening,1.1,232.65,65.95,117.4,68.03,113.8,11.42,54.84,4.09,18.28,27.58,0.1355,49.33,49.06,0,none
B102024,M2,Evening,4.5,229.62,58.54,136.67,59.59,121.3,14.13,85.24,4.8,15.05,24.91,0.034,35.15,49.918,0,none
B102025,M2,Evening,1.5,217.9,25.0,121.4,48.18,91.5,11.77,60.6,4.32,16.24,28.31,0.0431,47.33,49.4,0,none
B102026,M4,Evening,1.5,228.22,63.7,125.64,82.32,99.4,15.2,62.53,6.46,18.55,31.11,0.005,49.68,49.922,0,none
B102027,M2,Day,9.5,248.89,64.31,98.96,49.53,113.5,14.25,70.08,6.86,16.69,28.43,0.2589,51.15,50.06,1,burn_mark
B102028,M3,Evening,7.0,231.19,51.99,134.15,66.29,91.4,14.91,55.08,5.63,17.54,29.69,0.0657,45.51,49.923,0,none
B102029,M3,Day,5.1,233.97,64.88,111.28,58.32,137.8,9.89,74.57,7.08,12.05,25.47,0.0442,55.06,49.656,0,none
B102030,M1,Day,5.5,236.41,61.28,104.36,68.44,112.3,12.07,44.44,3.42,22.75,31.84,0.01,33.89,48.754,0,none
B102031,M3,Night,4.6,257.18,48.14,144.69,50.92,83.8,18.58,55.87,5.61,10.47,21.18,0.0808,54.16,50.988,0,none
B102032,M2,Day,13.6,235.09,67.71,130.46,75.79,106.0,11.86,72.39,7.52,18.2,32.45,0.0112,67.93,50.514,0,none
B102033,M2,Evening,4.1,245.94,42.33,134.66,80.67,122.5,3.43,55.1,6.97,13.57,27.48,0.0171,43.93,50.049,0,none
B102034,M1,Evening,1.7,229.02,54.43,126.82,74.87,108.8,13.4,85.59,7.65,21.41,35.39,0.0061,50.58,50.147,1,burn_mark
B102035,M4,Day,10.2,232.41,53.43,118.6,62.36,130.0,23.65,70.56,4.61,20.42,31.11,0.021,47.53,50.18,0,none
B102036,M5,Night,6.1,235.13,46.75,115.81,53.47,134.4,17.4,83.58,6.88,15.99,28.08,0.0076,47.7,50.736,0,none
B102037,M1,Day,15.2,227.26,58.04,131.69,102.33,180.0,11.66,74.29,4.86,23.77,35.11,0.0432,39.72,49.797,0,none
B102038,M3,Night,4.9,232.96,68.1,136.99,45.13,148.8,13.8,69.86,6.39,15.06,26.82,0.0852,69.92,50.655,1,short_shot
B102039,M4,Night,10.4,243.88,67.48,118.98,73.22,79.1,16.72,58.04,7.47,20.41,32.6,0.1387,53.86,49.468,1,burn_mark
B102040,M2,Day,11.3,227.0,62.24,151.09,64.99,111.0,6.97,81.15,4.31,12.37,23.8,0.0481,43.29,51.014,0,none
B102041,M4,Day,4.9,235.0,38.04,117.04,59.06,113.3,10.58,75.3,2.72,18.02,25.71,0.0103,42.15,49.702,0,none
B102042,M3,Day,4.0,242.09,41.64,99.09,62.78,134.4,15.59,95.02,8.27,11.34,23.71,0.0313,50.62,50.449,0,none
B102043,M5,Day,10.0,226.76,56.66,94.18,52.35,96.7,20.38,79.94,6.23,16.1,29.64,0.0317,28.32,49.687,0,none
B102044,M5,Day,9.3,245.95,54.66,94.68,66.41,106.7,12.24,65.23,5.34,15.74,25.34,0.0333,60.53,49.853,1,short_shot
B102045,M1,Night,1.4,235.73,50.02,113.79,64.75,88.9,20.27,73.47,5.26,20.39,31.26,0.1657,44.86,49.651,1,burn_mark
B102046,M2,Day,2.5,233.35,74.05,116.52,100.16,104.9,10.98,75.07,2.36,12.65,19.91,0.0253,53.89,50.295,1,flash
B102047,M3,Night,0.0,214.92,56.06,130.24,76.06,105.9,3.0,83.96,5.81,31.37,42.46,0.1011,54.36,50.21,1,burn_mark
B102048,M1,Day,9.4,231.26,60.42,119.57,67.74,112.2,16.98,85.86,4.7,9.09,22.02,0.0434,59.65,50.124,0,none
B102049,M2,Night,6.0,238.72,64.88,132.65,68.63,90.3,16.16,68.06,5.58,17.16,28.64,0.1239,54.93,50.75,1,burn_mark
B102050,M5,Day,6.4,252.45,55.55,120.67,87.59,144.6,16.94,55.41,5.55,17.44,29.34,0.06,57.43,49.357,0,none
B102051,M1,Evening,0.2,240.68,80.91,120.2,45.44,131.8,16.79,47.75,1.5,18.69,26.98,0.1476,60.19,49.804,0,none
B102052,M2,Evening,2.6,246.26,45.6,111.34,57.26,83.8,14.77,56.33,6.23,13.42,25.01,0.0387,46.7,49.608,1,burn_mark
B102053,M4,Day,5.1,222.91,48.94,141.34,31.39,120.6,12.96,62.9,5.78,17.21,30.07,0.0556,71.51,50.749,0,none
B102054,M2,Night,4.3,233.73,45.57,97.03,68.38,80.9,13.12,88.05,5.98,13.18,25.54,0.1629,53.53,49.414,1,burn_mark
B102055,M2,Day,7.5,247.21,70.63,124.52,72.72,153.6,12.16,88.23,5.22,25.37,37.34,0.0098,49.72,50.367,1,burn_mark
B102056,M5,Evening,9.3,226.12,63.02,117.28,45.07,160.4,12.4,81.52,5.57,12.82,23.67,0.0501,41.59,50.032,0,none
B102057,M2,Evening,16.1,244.65,49.56,131.73,81.53,118.6,6.76,84.76,5.76,15.26,27.46,0.0704,47.93,50.475,0,none
B102058,M1,Evening,6.9,242.33,46.36,119.69,49.22,98.7,9.14,61.51,5.91,12.68,24.59,0.0724,54.02,50.066,0,none
B102059,M1,Day,11.5,237.75,68.85,120.13,54.86,103.4,13.35,51.82,6.21,12.0,25.34,0.043,50.95,50.184,1,warpage
B102060,M5,Day,3.7,231.71,58.62,116.0,61.79,108.7,5.04,57.92,5.92,8.99,20.38,0.0911,68.27,48.816,0,none
B102061,M2,Day,0.3,225.14,69.1,140.9,83.91,117.3,5.97,45.58,8.27,19.36,35.67,0.006,46.1,50.02,0,none
B102062,M3,Day,5.6,252.75,54.4,120.04,47.13,154.3,12.66,56.63,4.41,12.64,23.39,0.1052,56.79,49.963,0,none
B102063,M1,Day,0.6,241.32,60.12,149.54,64.37,143.9,13.49,63.93,4.94,12.01,22.83,0.0781,38.74,50.753,0,none
B102064,M2,Night,7.1,238.41,58.0,124.08,71.62,144.3,12.75,72.0,8.04,11.18,24.98,0.0613,71.83,49.717,0,none
B102065,M5,Evening,3.9,230.87,48.76,120.33,68.53,124.3,4.48,71.63,5.27,17.52,28.78,0.0744,38.06,49.911,0,none
B102066,M3,Evening,0.0,235.38,53.56,117.82,69.08,91.2,20.21,61.72,6.9,16.11,28.38,0.0509,70.74,49.547,1,short_shot
B102067,M5,Day,13.9,236.65,43.16,128.46,71.42,100.7,8.26,76.83,5.7,16.13,28.5,0.0066,48.64,50.222,0,none
B102068,M2,Day,4.8,239.0,59.94,111.17,51.68,121.5,10.73,61.95,5.16,12.19,23.34,0.0278,27.65,49.922,0,none
B102069,M3,Evening,0.4,242.34,62.61,122.19,85.32,90.0,8.95,70.12,6.98,18.18,33.1,0.1183,63.52,50.147,0,none
B102070,M5,Day,10.6,227.18,64.9,120.12,58.33,127.6,19.2,56.68,6.28,12.69,24.53,0.0192,50.82,50.134,0,none
B102071,M2,Day,4.1,220.33,61.67,124.88,56.34,140.1,15.69,83.06,3.2,16.35,25.43,0.0473,45.47,50.017,1,burn_mark
B102072,M2,Evening,11.4,235.84,53.72,125.25,80.21,133.6,12.11,70.25,5.76,15.3,26.63,0.005,56.42,50.212,0,none
B102073,M5,Evening,4.1,217.53,70.52,126.03,50.54,132.6,11.83,78.15,4.01,7.56,19.43,0.0861,56.64,50.398,1,burn_mark
B102074,M2,Night,4.8,231.76,63.92,121.42,64.8,73.3,14.72,55.41,7.41,26.14,38.1,0.0349,54.15,49.685,0,none
B102075,M3,Day,8.4,229.91,68.89,143.53,49.16,153.3,9.01,72.09,8.13,18.87,33.1,0.0914,61.35,51.37,0,none
B102076,M5,Evening,9.4,239.92,69.51,126.34,97.79,80.8,15.52,76.87,8.31,16.9,31.52,0.0678,52.53,49.8,0,none
B102077,M1,Day,10.1,254.83,53.74,159.09,94.63,116.2,11.81,45.47,6.04,17.69,28.6,0.0913,56.5,50.686,0,none
B102078,M2,Day,6.6,215.55,58.88,120.75,58.35,135.5,16.08,84.02,4.81,26.26,39.71,0.041,44.78,50.134,1,burn_mark
B102079,M1,Evening,9.1,257.74,62.75,134.38,67.8,129.0,15.94,55.01,5.98,21.68,32.74,0.0495,57.66,49.976,1,burn_mark
B102080,M2,Day,10.0,232.67,43.51,109.11,60.08,88.1,11.63,72.53,4.09,17.74,27.87,0.0094,44.83,50.131,0,none
B102081,M1,Evening,7.8,238.48,43.73,141.01,54.77,92.5,5.79,91.45,9.02,12.46,29.16,0.35,38.75,51.127,1,burn_mark
B102082,M3,Evening,6.4,220.85,42.01,109.44,61.79,127.2,13.01,81.46,7.29,13.25,26.16,0.1406,47.94,49.835,1,burn_mark
B102083,M1,Day,1.2,244.97,53.92,126.84,59.39,132.8,8.2,52.12,5.96,6.98,19.08,0.0459,47.24,50.556,1,warpage
B102084,M3,Night,9.4,235.41,51.67,116.03,37.19,92.3,14.31,67.86,7.0,14.16,26.81,0.0497,59.28,50.148,0,none
B102085,M2,Evening,7.2,234.39,40.64,126.78,63.95,129.8,12.97,84.8,4.76,19.31,30.02,0.0203,35.47,50.465,0,none
B102086,M2,Night,5.3,215.63,56.49,116.48,59.37,82.1,11.65,60.2,3.84,19.17,30.09,0.1286,60.94,49.437,1,burn_mark
B102087,M2,Evening,12.1,235.74,54.04,108.16,64.68,135.6,8.82,65.68,2.18,19.08,26.84,0.018,43.77,49.171,0,none
B102088,M4,Night,1.3,243.46,66.82,115.93,58.84,97.9,18.75,65.35,5.62,13.42,22.39,0.0313,25.35,49.79,0,none
B102089,M2,Day,13.6,232.64,75.13,143.12,54.59,122.0,12.19,76.84,5.19,18.76,29.91,0.0512,37.93,50.796,1,short_shot
B102090,M2,Evening,6.9,246.74,59.56,127.01,73.12,117.8,23.41,51.56,6.28,20.12,32.46,0.0587,46.92,49.921,1,burn_mark
B102091,M5,Night,8.3,246.33,48.03,100.67,68.0,149.0,14.14,77.51,5.52,4.87,16.58,0.005,54.44,50.143,0,none
B102092,M3,Day,5.4,228.59,61.47,136.43,80.94,126.1,15.41,62.53,6.21,17.52,29.55,0.0814,48.67,50.363,1,short_shot
B102093,M1,Day,0.3,250.95,55.09,106.63,67.42,105.0,14.16,69.86,6.72,26.41,38.26,0.013,37.9,49.555,1,burn_mark
B102094,M5,Night,6.4,235.45,52.6,131.15,57.04,129.0,15.37,67.3,3.31,14.54,23.61,0.0843,42.21,50.309,0,none
B102095,M2,Evening,8.3,235.5,46.38,128.3,69.25,173.6,18.37,77.2,6.8,4.0,18.57,0.0773,38.07,50.798,1,warpage
B102096,M1,Evening,9.7,235.99,50.36,129.24,30.29,138.5,18.42,69.75,4.89,11.94,22.78,0.0947,52.59,49.981,0,none
B102097,M2,Evening,6.2,235.69,53.22,147.8,91.56,118.5,6.93,87.29,6.28,6.93,19.86,0.0552,49.09,50.795,0,none
B102098,M1,Night,0.0,208.7,63.04,107.57,64.12,99.2,17.42,81.87,7.03,12.83,24.83,0.0227,56.14,48.972,1,burn_mark
B102099,M1,Night,0.8,233.14,60.11,129.16,92.77,104.6,15.99,60.46,7.04,9.88,22.63,0.0989,32.3,50.584,1,warpage
B102100,M4,Evening,15.2,221.36,73.26,138.89,46.96,137.0,14.14,86.38,5.69,20.65,31.35,0.226,44.66,51.091,1,burn_mark
B102101,M1,Day,2.6,251.26,61.74,110.35,43.24,97.9,20.85,73.83,5.77,19.89,32.95,0.0099,70.29,50.025,1,burn_mark
B102102,M4,Day,12.7,250.86,59.24,108.81,65.49,120.1,21.01,72.04,6.84,17.71,29.0,0.0612,56.41,49.876,0,none
B102103,M5,Evening,3.3,243.52,51.94,115.69,65.44,155.9,17.62,80.18,3.25,22.13,31.75,0.01,47.04,49.86,0,none
B102104,M3,Night,6.3,232.62,44.63,124.87,65.07,123.8,11.83,57.51,4.07,13.17,23.59,0.0608,40.13,50.507,0,none
B102105,M4,Evening,9.5,224.92,49.3,98.84,62.79,93.0,9.23,53.45,5.08,16.37,27.72,0.0512,61.08,48.053,0,none
B102106,M4,Day,3.7,228.42,48.0,128.27,50.58,174.4,17.02,70.3,3.5,26.97,34.13,0.0101,65.33,50.364,0,none
B102107,M5,Day,13.4,254.43,29.39,98.87,37.72,164.1,19.44,62.72,5.09,18.93,28.0,0.0633,38.51,49.71,0,none
B102108,M2,Evening,7.3,228.08,44.91,139.4,64.25,132.5,5.89,94.88,5.01,18.91,30.04,0.0057,39.46,50.573,0,none
B102109,M1,Night,8.8,211.44,71.02,127.71,40.76,151.9,18.35,60.83,5.63,12.16,22.87,0.006,52.79,49.799,0,none
B102110,M3,Day,5.9,245.3,58.69,148.7,39.34,113.3,12.98,70.48,5.41,13.92,24.69,0.0859,53.72,50.664,0,none
B102111,M3,Evening,9.6,250.01,51.23,130.03,54.29,138.1,6.76,72.3,7.1,10.99,23.66,0.0078,54.83,51.179,1,burn_mark
B102112,M1,Night,13.3,251.59,58.98,115.43,66.46,109.4,15.88,84.78,6.36,24.4,35.71,0.0412,68.43,50.352,1,burn_mark
B102113,M3,Night,6.5,245.38,35.47,108.02,89.82,86.1,17.64,58.07,5.39,8.21,18.38,0.0316,40.29,49.58,1,warpage
B102114,M1,Day,13.9,247.02,57.82,123.58,74.69,184.8,12.59,50.66,5.0,20.57,31.57,0.1202,50.4,49.584,0,none
B102115,M5,Night,4.6,235.53,67.77,119.55,81.5,84.8,9.77,86.73,5.43,18.91,28.43,0.0178,57.21,50.585,0,none
B102116,M2,Evening,10.1,214.24,53.79,137.79,69.8,127.4,20.85,70.97,5.46,7.98,18.93,0.0453,57.1,50.156,1,burn_mark
B102117,M1,Night,9.0,235.28,37.28,106.07,65.5,127.1,11.33,79.72,9.28,21.71,36.32,0.005,43.52,50.101,1,short_shot
B102118,M1,Day,2.7,241.22,50.86,150.31,97.59,132.9,18.64,80.28,3.31,14.71,24.0,0.0057,43.92,51.031,0,none
B102119,M1,Evening,7.9,233.65,67.79,139.12,40.16,117.8,7.95,82.36,4.11,9.4,21.89,0.026,45.41,50.987,1,warpage
B102120,M2,Evening,7.0,233.19,57.59,116.95,53.8,118.0,15.66,65.47,3.89,17.82,26.73,0.0543,67.03,50.202,0,none
B102121,M1,Day,3.6,225.36,40.82,146.97,54.97,123.5,15.55,62.21,5.9,11.89,24.2,0.2225,40.22,52.024,1,burn_mark
B102122,M2,Evening,8.4,224.98,78.68,108.25,73.4,132.0,17.49,46.04,5.84,14.98,27.04,0.0534,46.76,48.488,0,none
B102123,M1,Evening,7.6,253.38,42.46,123.08,45.32,120.0,19.97,58.06,4.64,13.47,24.67,0.0525,57.75,50.234,1,burn_mark
B102124,M2,Evening,6.7,253.74,52.57,100.85,71.45,118.3,10.75,70.75,6.84,11.6,24.24,0.005,39.11,49.154,0,none
B102125,M2,Day,6.7,234.97,44.63,147.7,68.69,87.0,16.08,61.58,6.05,10.06,23.55,0.0774,52.58,50.72,0,none
B102126,M2,Evening,6.6,237.82,44.64,95.29,72.2,170.3,8.53,56.31,6.91,19.98,33.58,0.1072,31.0,48.984,0,none
B102127,M2,Day,5.5,225.19,50.48,98.39,71.93,133.4,8.49,70.61,7.31,17.62,31.63,0.1862,51.93,49.777,1,burn_mark
B102128,M1,Night,7.6,241.43,61.36,110.48,83.07,125.2,11.69,86.12,2.3,17.3,24.19,0.0226,50.52,49.813,0,none
B102129,M1,Night,4.4,252.6,67.91,139.83,59.26,104.4,15.64,69.33,6.53,14.18,26.8,0.0378,51.64,51.186,0,none
B102130,M1,Day,17.6,219.71,51.14,134.32,67.95,94.9,20.71,56.41,3.56,16.26,25.31,0.0535,41.31,49.121,0,none
B102131,M4,Day,1.4,239.64,44.9,121.83,48.95,141.5,21.44,85.27,5.87,12.32,23.33,0.0181,52.28,50.593,0,none
B102132,M5,Day,4.7,240.39,59.79,135.28,45.53,116.0,12.58,60.71,5.39,12.23,23.0,0.005,49.61,50.194,1,short_shot
B102133,M5,Evening,5.0,240.28,60.08,118.27,86.47,135.5,15.22,87.75,5.45,24.55,35.95,0.0107,62.99,50.325,0,none
B102134,M3,Night,15.2,251.43,57.4,126.34,47.82,86.2,17.77,66.84,3.69,20.42,30.57,0.0277,56.38,50.898,1,burn_mark
B102135,M3,Evening,1.7,255.36,57.76,144.78,69.62,158.7,17.06,71.24,7.05,13.19,27.22,0.035,35.51,50.767,1,burn_mark
B102136,M2,Day,8.7,232.67,53.87,116.3,67.97,142.5,13.32,88.73,3.56,8.52,19.02,0.005,41.67,50.338,0,none
B102137,M4,Day,8.0,241.73,55.98,108.5,77.62,118.0,14.3,53.78,6.63,7.49,20.41,0.1127,43.84,49.131,1,burn_mark
B102138,M4,Day,8.3,235.84,53.18,127.06,35.13,131.7,13.56,57.4,3.35,12.83,22.24,0.0077,51.8,50.238,0,none
B102139,M4,Night,11.9,228.68,65.7,131.1,73.37,138.5,13.17,66.08,5.47,16.54,27.69,0.01,48.31,50.17,0,none
B102140,M5,Evening,11.9,237.71,77.28,121.66,59.13,86.6,12.63,68.32,8.21,16.59,30.55,0.0514,48.27,49.714,0,none
B102141,M2,Evening,5.2,241.71,56.8,135.05,51.0,161.9,13.52,101.7,9.04,16.74,31.0,0.0382,75.0,50.927,1,short_shot
B102142,M4,Day,7.8,237.17,54.93,116.98,56.24,132.1,12.38,59.34,3.07,17.67,26.31,0.0262,44.87,50.07,0,none
B102143,M4,Night,0.0,226.19,57.56,121.91,75.55,102.4,9.46,54.35,4.44,10.81,21.61,0.005,63.91,49.22,0,none
B102144,M2,Day,7.4,230.36,48.42,125.62,70.97,92.6,17.45,58.77,4.72,23.54,35.8,0.0296,48.53,50.213,0,none
B102145,M5,Night,3.8,230.44,62.65,124.31,58.08,144.7,16.07,72.79,8.88,15.01,29.75,0.0789,28.21,49.515,0,none
B102146,M1,Night,6.3,226.58,59.41,144.2,42.91,125.3,21.51,75.9,5.4,17.47,28.06,0.005,51.91,51.216,0,none
B102147,M5,Evening,0.3,238.14,50.8,125.54,43.97,132.1,15.48,61.51,7.11,12.72,26.8,0.005,61.19,50.207,1,burn_mark
B102148,M4,Night,8.6,239.18,64.02,115.44,71.3,120.7,12.33,70.25,5.95,17.56,27.5,0.0587,56.33,49.785,1,burn_mark
B102149,M1,Day,0.2,244.8,55.19,127.92,40.83,94.9,11.49,93.34,3.7,26.38,37.13,0.023,52.56,51.095,0,none
B102150,M3,Evening,7.6,226.42,45.3,135.13,58.23,132.7,14.19,70.42,2.71,11.05,18.33,0.1917,50.24,49.845,0,none
B102151,M1,Day,2.1,229.23,58.52,131.61,100.22,115.1,16.21,73.85,4.58,10.42,21.66,0.005,45.05,50.329,1,flash
B102152,M4,Evening,3.6,250.55,57.37,130.78,66.89,119.5,13.02,92.67,8.98,11.68,26.18,0.0501,58.96,50.79,1,burn_mark
B102153,M4,Day,11.6,233.36,64.6,97.53,71.13,179.4,8.12,61.62,5.89,14.33,26.54,0.1361,45.66,48.73,0,none
B102154,M3,Day,9.4,235.3,63.32,82.61,44.08,141.7,11.04,60.84,7.08,13.39,28.56,0.0094,43.6,49.616,0,none
B102155,M5,Day,11.6,233.25,53.91,139.13,41.59,143.2,14.07,64.36,3.37,10.8,19.33,0.0236,54.11,50.497,0,none
B102156,M1,Day,13.2,246.33,50.28,126.58,71.94,188.0,16.96,63.67,5.01,15.75,25.76,0.0866,47.0,49.819,0,none
B102157,M2,Evening,3.9,246.72,55.02,119.68,55.76,129.6,8.06,48.15,6.67,23.81,36.55,0.1381,62.81,50.056,0,none
B102158,M2,Evening,13.0,246.13,58.63,130.41,77.6,123.0,15.06,71.66,3.86,15.25,26.64,0.0684,54.67,50.429,0,none
B102159,M1,Day,1.1,235.27,59.84,148.91,62.15,103.0,14.88,72.6,5.4,15.52,27.1,0.0591,42.22,51.255,1,short_shot
B102160,M2,Night,10.0,226.28,58.01,141.2,110.0,108.7,12.19,67.77,4.18,17.71,27.94,0.0799,38.55,49.99,1,flash
B102161,M2,Night,5.0,254.25,54.09,134.43,52.92,68.8,11.65,72.97,6.74,19.24,32.15,0.0611,44.26,51.186,0,none
B102162,M2,Day,3.3,243.56,64.97,106.7,65.84,139.8,11.05,73.1,6.1,22.87,33.96,0.0092,73.38,50.451,0,none
B102163,M2,Evening,9.5,230.43,48.26,108.65,48.09,88.3,14.56,54.21,6.53,17.2,29.9,0.0366,47.62,49.129,0,none
B102164,M5,Evening,10.8,249.24,79.79,84.2,76.98,142.6,18.51,73.46,6.81,15.99,28.4,0.0991,57.58,48.879,1,burn_mark
B102165,M2,Evening,10.7,229.64,62.63,129.5,68.11,118.9,18.79,76.7,5.16,11.04,23.52,0.0548,36.94,49.697,0,none
B102166,M5,Day,7.9,249.11,43.73,136.63,47.08,123.2,9.5,50.83,7.0,19.7,33.5,0.0242,39.17,50.589,0,none
B102167,M2,Evening,7.5,249.78,56.85,137.85,56.74,118.9,13.25,87.56,4.62,11.78,21.07,0.0463,48.12,51.185,0,none
B102168,M2,Day,9.1,225.79,62.73,130.13,82.08,154.7,5.23,55.17,6.44,11.62,23.78,0.1326,67.01,50.09,1,burn_mark
B102169,M3,Day,8.2,240.82,51.51,117.69,80.28,150.2,14.44,56.34,2.54,16.97,26.04,0.0141,37.09,49.532,0,none
B102170,M2,Evening,9.2,242.82,40.05,111.54,40.28,119.3,16.39,72.42,4.38,23.71,33.11,0.0504,43.7,50.08,0,none
B102171,M2,Evening,7.8,261.15,44.61,107.62,54.51,97.5,20.28,76.42,8.97,19.63,33.53,0.205,59.02,50.273,0,none
B102172,M3,Night,10.4,227.58,60.42,117.55,88.82,143.1,6.85,79.33,6.42,15.81,27.77,0.0697,65.93,49.632,0,none
B102173,M1,Day,0.5,249.33,37.45,105.33,58.99,95.6,9.65,76.73,6.42,11.09,23.85,0.037,54.37,50.048,1,burn_mark
B102174,M2,Day,6.5,235.17,40.51,146.34,64.25,81.1,14.58,63.76,4.26,23.61,34.91,0.0247,56.76,50.705,0,none
B102175,M3,Day,1.5,222.59,60.37,100.46,76.9,132.5,7.53,71.3,3.86,15.72,25.81,0.005,41.03,49.273,1,burn_mark
B102176,M2,Day,8.1,233.8,52.77,117.04,41.52,150.5,14.69,66.2,5.1,14.55,28.11,0.0681,36.77,49.922,0,none
B102177,M4,Day,13.6,235.02,48.04,90.96,47.4,109.9,16.49,72.09,5.4,18.78,29.5,0.0946,38.54,49.489,0,none
B102178,M2,Evening,5.1,224.41,50.05,124.45,56.64,130.1,8.87,70.82,8.37,13.76,28.87,0.0755,41.27,50.241,0,none
B102179,M5,Evening,7.5,238.12,40.29,119.96,79.57,109.6,14.53,63.94,7.03,12.23,24.15,0.008,52.26,49.615,0,none
B102180,M4,Evening,10.0,244.58,59.84,114.65,76.8,138.0,9.15,65.83,5.66,12.71,25.99,0.0313,37.8,49.703,0,none
B102181,M5,Day,0.0,237.38,46.93,106.01,72.3,147.4,19.5,47.77,5.6,12.7,25.66,0.053,52.5,48.987,0,none
B102182,M4,Day,4.9,229.58,49.64,120.04,59.41,113.4,14.83,79.96,6.64,10.36,23.71,0.0665,46.85,49.695,0,none
B102183,M1,Evening,8.5,233.52,58.47,111.83,78.44,94.3,11.44,73.57,3.52,9.81,17.59,0.056,44.37,49.45,0,none
B102184,M3,Day,0.0,234.95,52.43,117.95,59.21,83.6,9.05,42.32,2.62,20.86,30.18,0.0314,58.85,49.658,0,none
B102185,M1,Night,3.1,237.17,47.95,149.36,70.17,143.1,15.56,79.52,6.62,19.34,31.14,0.0091,40.41,51.298,0,none
B102186,M4,Day,11.4,246.1,35.11,122.58,75.18,91.6,19.43,69.36,5.61,11.89,23.95,0.044,64.36,50.198,0,none
B102187,M3,Evening,11.0,237.72,58.67,127.99,86.95,129.3,10.91,58.76,3.53,20.44,28.52,0.0367,58.31,49.432,0,none
B102188,M2,Night,8.5,220.97,55.79,113.03,60.66,139.4,12.24,57.69,2.36,17.55,26.17,0.0783,40.1,49.67,1,burn_mark
B102189,M5,Evening,10.5,229.38,49.83,108.23,56.06,107.5,10.99,61.74,6.84,14.38,26.87,0.1471,62.02,50.085,0,none
B102190,M1,Evening,7.9,236.66,44.63,119.66,80.93,115.8,20.22,58.82,4.72,9.87,19.81,0.0762,38.92,49.789,0,none
B102191,M3,Evening,9.2,246.24,55.13,157.56,82.08,145.0,6.37,60.43,6.1,17.71,30.4,0.0111,62.93,50.882,1,short_shot
B102192,M4,Day,5.7,247.98,59.8,115.69,53.35,99.8,19.14,90.41,5.1,25.33,36.38,0.005,53.33,50.238,0,none
B102193,M1,Evening,7.5,252.75,55.98,125.42,44.92,97.3,12.49,74.45,5.45,16.07,27.32,0.085,34.21,50.664,0,none
B102194,M3,Night,4.5,236.31,71.38,107.57,79.79,114.1,13.71,94.43,4.61,20.99,32.34,0.0274,37.05,49.764,0,none
B102195,M4,Night,12.1,242.63,62.05,78.67,36.87,151.9,12.64,72.71,5.39,14.94,28.23,0.013,45.95,49.09,0,none
B102196,M1,Evening,13.1,220.46,53.93,108.15,36.11,160.3,14.96,76.95,6.37,20.61,33.25,0.0665,58.68,50.256,0,none
B102197,M3,Day,12.5,239.3,62.38,155.71,57.48,117.5,11.08,59.43,5.09,15.25,24.53,0.0057,48.29,51.259,0,none
B102198,M2,Night,5.4,224.25,55.49,128.93,61.54,102.2,18.23,67.98,5.0,4.0,13.44,0.005,48.04,49.931,1,warpage
B102199,M3,Evening,3.2,234.37,55.45,144.61,44.1,146.6,18.4,69.02,6.41,12.39,24.87,0.2234,50.4,50.899,0,none
B102200,M1,Day,12.1,265.0,67.96,114.78,63.33,78.3,10.07,77.44,6.51,16.66,30.2,0.0699,30.05,50.407,1,burn_mark
B102201,M5,Day,9.2,238.04,46.02,84.65,64.0,126.2,16.67,69.41,3.79,21.41,31.34,0.045,58.24,48.781,0,none
B102202,M5,Day,8.3,226.36,55.23,103.37,52.79,118.9,12.57,74.22,5.46,15.23,27.2,0.005,63.4,49.058,0,none
B102203,M1,Evening,4.5,239.08,66.9,125.96,90.5,152.3,14.21,73.79,4.71,16.15,26.8,0.1389,57.89,50.3,1,burn_mark
B102204,M2,Day,8.7,229.83,58.09,123.56,66.45,154.9,20.1,66.37,5.52,13.06,25.55,0.0402,45.77,50.306,0,none
B102205,M3,Day,2.7,225.39,51.31,119.84,76.93,96.4,11.3,65.13,7.65,23.8,38.07,0.0369,41.15,49.372,1,burn_mark
B102206,M4,Day,9.5,256.03,37.94,112.05,38.16,124.2,17.71,61.97,6.04,23.5,34.52,0.0211,39.18,49.906,1,burn_mark
B102207,M2,Night,12.5,245.67,32.3,134.1,38.03,105.7,15.83,82.99,8.75,12.62,27.81,0.1161,38.67,51.38,1,burn_mark
B102208,M1,Day,13.5,238.46,75.76,112.48,66.9,112.7,13.22,66.37,5.83,8.42,18.7,0.011,72.65,49.452,0,none
B102209,M1,Day,9.8,231.08,58.09,124.62,87.82,135.4,15.47,73.95,5.25,6.96,18.66,0.005,49.21,49.395,0,none
B102210,M5,Evening,1.5,231.89,49.16,122.93,44.85,111.6,14.99,68.12,5.47,19.02,30.21,0.0099,59.05,50.0,0,none
B102211,M2,Day,7.8,250.42,58.49,114.47,62.15,124.8,9.37,82.75,5.71,16.68,28.55,0.0511,58.5,50.774,0,none
B102212,M5,Night,15.6,238.07,45.52,106.78,41.47,143.9,11.57,46.14,5.98,12.09,24.4,0.0228,51.43,49.174,0,none
B102213,M2,Night,3.5,204.17,51.69,113.59,49.22,157.9,9.82,73.64,4.01,17.36,27.65,0.0611,40.68,49.299,0,none
B102214,M5,Evening,6.8,259.21,45.59,148.1,62.9,127.2,12.89,54.94,5.15,9.85,22.42,0.0964,55.19,50.711,1,burn_mark
B102215,M1,Evening,12.7,236.83,40.87,136.69,52.61,122.9,19.38,74.69,4.41,19.97,30.42,0.0731,39.17,50.293,0,none
B102216,M1,Day,9.5,238.43,33.95,135.31,40.42,92.3,16.32,68.24,7.04,14.09,27.32,0.1093,56.02,50.21,1,burn_mark
B102217,M5,Day,16.9,245.87,39.02,108.2,40.08,159.6,8.27,52.26,2.61,10.59,20.53,0.0645,39.63,49.562,0,none
B102218,M5,Day,4.1,239.65,65.21,98.43,31.71,132.4,12.91,74.05,5.74,14.16,27.8,0.0965,45.64,49.296,0,none
B102219,M2,Day,3.0,242.47,45.13,136.45,67.15,123.4,14.93,72.69,3.22,13.99,23.2,0.1949,45.62,50.448,1,burn_mark
B102220,M2,Day,11.9,230.76,60.35,133.57,68.96,122.1,16.98,67.23,6.15,17.83,29.46,0.0444,63.99,50.291,1,short_shot
B102221,M2,Evening,2.2,222.7,64.57,122.06,68.89,129.0,11.4,68.75,4.9,21.83,32.27,0.1942,25.66,49.895,0,none
B102222,M2,Day,6.2,237.8,55.17,114.44,46.36,139.3,9.05,71.94,2.77,21.57,30.8,0.0736,73.31,50.001,0,none
B102223,M1,Day,6.7,249.32,52.01,98.04,75.09,142.4,13.77,84.14,6.91,16.8,29.51,0.005,41.94,49.268,0,none
B102224,M5,Evening,11.1,228.52,56.33,133.01,70.6,160.3,16.28,66.23,1.73,15.06,21.04,0.0155,48.77,49.968,0,none
B102225,M2,Evening,9.5,227.72,50.83,137.79,60.11,126.1,14.94,82.16,5.45,13.16,25.73,0.0812,54.13,50.787,0,none
B102226,M4,Day,8.8,247.21,67.04,109.81,57.65,163.9,10.46,69.55,6.54,7.16,20.51,0.131,53.28,50.109,1,burn_mark
B102227,M1,Day,5.4,230.43,73.77,108.56,50.26,146.4,21.02,85.55,7.57,15.9,30.62,0.032,58.44,49.901,0,none
B102228,M1,Day,11.9,230.89,69.5,138.62,62.88,118.5,13.6,67.18,3.08,11.74,22.17,0.1352,56.1,50.165,1,burn_mark
B102229,M3,Day,23.1,231.27,33.48,110.37,84.26,78.3,14.77,62.0,4.73,22.09,33.01,0.0654,70.37,49.282,0,none
B102230,M2,Night,9.8,234.35,50.63,146.69,77.07,122.1,11.35,56.83,7.13,15.0,28.38,0.1319,57.32,50.233,0,none
B102231,M3,Night,7.4,219.26,55.04,118.36,56.16,159.0,18.43,69.59,7.23,19.74,33.97,0.0644,48.83,49.389,0,none
B102232,M1,Evening,1.8,229.61,59.63,114.2,68.08,100.6,16.29,60.48,7.42,13.59,25.79,0.007,44.47,49.581,0,none
B102233,M5,Evening,4.5,237.3,37.73,120.68,43.48,122.1,15.26,86.85,9.34,12.62,27.61,0.0274,44.21,50.564,0,none
B102234,M4,Evening,6.1,237.23,37.57,114.2,70.95,124.1,9.39,59.55,4.74,19.02,29.7,0.0157,62.93,49.153,0,none
B102235,M5,Evening,4.9,246.58,68.07,136.89,47.54,143.6,18.38,61.72,6.06,17.39,30.37,0.0594,67.55,50.419,1,burn_mark
B102236,M1,Day,6.9,253.39,49.41,133.29,70.35,110.3,17.03,76.97,4.98,17.61,28.05,0.1159,60.04,50.644,0,none
B102237,M2,Day,14.1,250.12,40.13,136.32,104.54,98.3,18.06,84.23,2.54,15.53,23.36,0.0078,25.0,50.022,1,flash
B102238,M2,Evening,12.0,244.15,43.96,122.77,51.45,134.3,14.15,78.77,5.36,19.95,30.88,0.1013,27.53,50.227,0,none
B102239,M3,Evening,6.4,233.51,58.9,113.15,103.84,101.4,13.7,82.7,2.51,19.22,28.2,0.1182,49.92,49.809,1,flash
B102240,M2,Day,2.2,228.77,46.77,119.86,67.36,74.1,13.27,69.04,4.72,5.12,15.77,0.0362,48.33,49.638,0,none
B102241,M1,Day,12.3,235.18,57.42,113.61,48.76,166.0,23.12,69.21,3.3,14.71,22.56,0.0127,50.2,49.628,0,none
B102242,M2,Day,6.8,240.86,45.21,142.0,48.07,143.2,11.83,94.14,6.16,21.07,31.98,0.005,62.52,51.729,0,none
B102243,M2,Day,0.1,243.22,37.56,135.03,95.47,167.1,9.26,90.28,4.33,10.9,21.37,0.0169,62.02,50.748,1,burn_mark
B102244,M2,Evening,9.8,241.23,69.24,118.63,67.39,141.9,12.51,78.57,2.82,7.54,16.53,0.0073,51.75,50.393,0,none
B102245,M1,Evening,11.1,233.79,58.98,106.1,51.51,137.0,11.87,83.28,6.8,15.31,28.13,0.0233,34.76,49.641,0,none
B102246,M2,Evening,0.0,242.87,51.66,143.11,56.95,129.2,19.04,80.3,4.59,18.6,28.73,0.0411,37.71,50.948,0,none
B102247,M3,Day,3.7,247.61,49.79,122.05,66.46,115.3,8.58,55.53,4.85,13.7,25.34,0.0513,50.67,49.893,0,none
B102248,M2,Day,6.6,243.8,69.65,118.05,59.87,132.8,11.75,69.52,4.03,22.46,32.87,0.1104,54.17,50.145,0,none
B102249,M2,Night,9.9,234.68,60.92,143.24,65.19,106.2,14.76,87.96,7.22,25.22,38.78,0.1119,37.83,51.8,0,none
B102250,M3,Evening,4.9,226.66,66.47,112.35,86.6,93.3,19.07,78.64,5.91,6.37,18.65,0.087,56.61,49.582,1,warpage
B102251,M4,Day,3.7,226.42,49.16,115.22,43.08,111.7,16.85,69.24,4.58,14.08,26.26,0.048,32.48,50.261,0,none
B102252,M2,Day,9.9,228.19,55.51,116.54,69.67,152.3,20.48,88.11,2.63,4.59,12.2,0.0096,25.0,50.86,0,none
B102253,M3,Night,5.1,237.57,59.02,100.25,58.91,89.2,15.38,74.43,9.27,19.31,34.15,0.009,41.25,50.146,1,short_shot
B102254,M5,Night,9.2,240.2,49.5,124.74,52.51,89.6,13.19,79.07,8.47,12.6,26.73,0.0334,63.73,50.531,1,burn_mark
B102255,M3,Night,2.6,220.85,54.04,108.56,76.08,134.8,17.42,74.49,7.66,13.62,28.54,0.0648,65.22,49.775,0,none
B102256,M5,Evening,1.6,229.96,49.16,111.44,38.08,109.6,8.53,76.49,4.45,21.74,31.81,0.0196,34.05,50.061,0,none
B102257,M4,Evening,10.0,237.43,58.99,109.43,24.5,132.1,7.16,77.35,4.75,9.36,19.31,0.0912,34.82,50.208,0,none
B102258,M1,Evening,8.0,226.0,41.79,111.19,63.37,144.7,17.91,85.6,6.1,8.1,20.1,0.0726,57.61,50.173,1,warpage
B102259,M2,Day,10.7,239.34,60.72,107.42,57.93,131.5,14.84,87.16,4.16,4.61,14.88,0.041,45.59,50.361,0,none
B102260,M3,Evening,4.9,231.93,58.11,123.71,39.71,104.2,17.86,64.59,4.02,22.35,33.56,0.0103,63.66,50.337,0,none
B102261,M5,Evening,3.8,227.77,52.97,117.67,34.34,152.1,10.59,74.27,7.69,21.19,34.5,0.0174,57.45,50.105,0,none
B102262,M2,Day,12.4,235.53,59.5,120.72,88.96,138.6,19.14,85.25,5.42,14.53,25.26,0.0086,59.16,49.876,0,none
B102263,M1,Night,0.9,238.92,51.35,155.31,66.95,120.7,16.68,68.42,3.82,9.62,18.53,0.0794,41.78,50.595,1,short_shot
B102264,M3,Day,12.0,226.51,48.3,117.67,60.29,119.5,13.88,54.29,6.93,20.17,32.76,0.2349,54.44,49.542,0,none
B102265,M1,Day,12.3,232.57,60.44,129.07,92.93,129.3,14.83,59.1,4.64,29.77,42.98,0.0277,70.16,49.771,0,none
B102266,M4,Day,10.4,239.68,60.87,130.78,75.33,112.2,15.39,59.93,2.53,14.82,23.73,0.005,51.42,50.329,0,none
B102267,M3,Night,4.2,227.38,49.93,119.06,86.54,79.2,10.57,64.5,3.8,9.99,20.38,0.0945,49.55,48.971,0,none
B102268,M4,Night,3.7,218.42,49.07,124.11,42.3,138.8,12.46,61.05,4.73,22.21,32.93,0.005,45.64,49.909,0,none
B102269,M5,Evening,6.2,219.63,53.17,120.31,41.74,137.3,15.32,82.35,5.83,10.34,22.3,0.0346,33.98,50.138,0,none
B102270,M3,Night,1.8,230.82,49.48,123.04,69.26,62.5,12.3,66.68,5.76,14.17,26.71,0.005,39.01,49.849,0,none
B102271,M3,Night,3.2,221.82,70.25,111.2,66.22,132.8,8.12,85.13,7.34,4.0,17.9,0.1415,41.08,50.215,1,burn_mark
B102272,M4,Night,9.6,231.52,58.16,112.59,78.74,163.9,15.18,56.44,5.14,14.48,25.98,0.0232,33.56,49.715,0,none
B102273,M4,Night,9.6,251.65,55.15,120.25,35.54,91.8,17.34,65.76,4.8,9.61,20.43,0.0327,34.57,50.773,0,none
B102274,M5,Day,2.8,221.21,45.67,90.42,70.55,118.2,18.27,71.25,7.37,22.29,35.31,0.1116,25.52,48.858,1,burn_mark
B102275,M1,Night,9.7,232.17,62.39,142.44,74.84,115.5,16.13,79.73,6.97,11.12,24.51,0.054,42.17,50.611,0,none
B102276,M3,Evening,8.8,256.32,48.88,152.41,74.04,161.5,17.27,83.72,5.18,19.9,31.16,0.005,56.75,51.848,0,none
B102277,M1,Evening,13.0,239.08,48.47,122.56,53.9,148.0,17.95,63.54,5.94,15.48,29.55,0.005,46.83,50.668,0,none
B102278,M5,Day,9.3,231.32,62.73,129.98,67.78,98.0,14.32,81.92,4.79,16.63,28.46,0.005,46.88,50.965,0,none
B102279,M3,Evening,11.2,233.43,58.87,136.22,48.37,128.6,5.52,49.82,3.76,18.61,27.69,0.051,57.67,50.347,0,none
B102280,M2,Night,8.9,239.29,29.97,100.13,55.61,177.6,18.64,80.46,8.8,15.73,29.36,0.0138,66.89,49.735,1,short_shot
B102281,M1,Day,10.9,251.96,53.42,133.92,44.36,104.4,10.43,53.91,4.69,12.76,23.05,0.0838,72.73,50.749,0,none
B102282,M2,Night,1.9,229.69,56.26,113.6,48.62,119.7,9.48,75.36,5.94,11.94,22.8,0.0663,51.45,50.214,0,none
B102283,M4,Day,6.5,227.42,51.6,154.36,56.39,132.8,9.59,83.55,3.23,18.54,27.31,0.2071,47.18,51.084,1,burn_mark
B102284,M1,Day,6.8,221.21,56.6,117.18,52.64,104.7,23.94,80.65,6.6,6.49,18.13,0.0576,45.87,49.928,1,burn_mark
B102285,M1,Day,6.0,236.03,36.9,133.62,48.62,164.1,15.76,50.33,3.69,24.39,33.76,0.1213,55.91,51.211,1,burn_mark
B102286,M5,Night,8.8,220.94,26.69,117.32,40.51,108.2,9.83,64.63,8.02,16.66,30.36,0.1744,48.44,49.656,0,none
B102287,M4,Evening,9.5,230.36,45.25,152.95,89.42,85.3,11.27,78.6,8.2,14.31,28.66,0.0529,48.47,51.095,0,none
B102288,M1,Day,8.6,225.91,57.82,112.31,52.49,106.9,14.0,78.26,6.35,17.33,29.47,0.1171,49.14,49.693,0,none
B102289,M2,Evening,6.3,245.74,25.0,137.48,64.95,136.3,16.17,73.31,5.67,13.03,23.8,0.1184,40.58,50.659,1,burn_mark
B102290,M5,Day,4.1,229.92,46.56,129.4,33.62,100.0,15.12,43.58,5.22,15.11,27.54,0.0127,26.68,49.619,0,none
B102291,M4,Evening,11.4,238.97,35.77,126.06,80.36,127.6,10.29,84.38,5.43,10.34,22.17,0.0765,43.31,50.004,1,warpage
B102292,M3,Night,8.4,218.96,52.57,123.44,62.51,134.1,15.27,86.52,6.11,17.88,29.44,0.0193,64.57,50.384,0,none
B102293,M2,Evening,2.9,236.32,74.58,109.99,53.34,89.8,11.56,71.96,5.63,15.61,26.36,0.1031,64.1,50.0,0,none
B102294,M2,Night,6.2,222.97,52.83,81.21,53.47,105.9,18.19,72.74,6.97,16.94,28.44,0.0114,59.4,49.42,0,none
B102295,M1,Evening,0.0,230.74,53.92,136.12,73.04,128.7,14.23,76.04,4.12,23.42,32.0,0.0068,45.06,50.419,1,short_shot
B102296,M4,Night,7.1,257.11,63.39,112.67,15.7,137.6,10.96,87.53,7.79,11.98,26.82,0.051,42.09,50.96,0,none
B102297,M1,Day,6.2,244.32,55.21,137.54,47.64,106.5,16.76,73.01,4.87,15.36,27.16,0.1339,66.25,50.835,0,none
B102298,M1,Day,4.7,233.72,52.85,125.28,58.21,123.8,15.53,67.71,4.38,7.74,17.54,0.005,39.17,49.771,0,none
B102299,M4,Day,13.3,265.0,64.27,138.0,58.04,112.9,12.1,74.58,6.04,18.75,32.16,0.0419,50.39,51.308,1,burn_mark
B102300,M5,Evening,2.4,225.85,59.72,132.03,97.58,138.2,16.92,69.87,6.14,15.91,28.67,0.1337,66.89,49.786,1,burn_mark
B102301,M4,Evening,9.8,246.65,57.89,83.03,54.94,133.0,16.52,70.0,2.89,16.09,25.18,0.0248,51.24,48.614,0,none
B102302,M2,Evening,15.7,219.67,53.61,129.22,74.85,110.7,18.81,48.81,4.78,15.21,26.85,0.0313,47.07,49.862,0,none
B102303,M2,Day,11.3,232.56,51.54,114.84,87.17,132.0,16.84,76.27,2.24,13.11,21.97,0.0633,61.6,49.461,0,none
B102304,M2,Day,6.9,221.52,64.17,137.48,70.06,109.7,13.14,84.06,4.49,28.48,39.12,0.0093,50.72,50.618,1,burn_mark
B102305,M2,Evening,2.5,237.57,51.64,128.87,49.89,131.4,7.24,82.24,4.55,16.19,26.5,0.0252,51.96,50.779,0,none
B102306,M3,Night,1.6,235.56,67.31,129.04,40.73,131.8,14.75,81.41,5.95,17.48,29.32,0.0145,65.15,50.774,0,none
B102307,M2,Day,5.4,231.92,44.53,115.92,71.18,179.3,15.37,69.36,4.32,10.3,19.01,0.1338,25.0,49.355,1,burn_mark
B102308,M3,Day,4.3,245.92,69.34,106.31,84.68,111.6,14.2,71.75,4.67,20.43,30.3,0.0504,53.59,50.03,1,burn_mark
B102309,M5,Day,4.1,229.33,59.72,113.51,68.19,116.5,3.0,84.3,7.46,15.38,30.64,0.1496,42.34,49.669,0,none
B102310,M5,Evening,5.7,238.27,45.31,93.0,78.5,103.8,16.72,80.41,8.6,18.23,32.0,0.0837,47.93,48.403,0,none
B102311,M1,Day,6.6,243.21,60.09,111.14,98.88,94.2,10.35,87.84,4.12,20.51,28.78,0.19,51.13,50.122,1,burn_mark
B102312,M2,Day,8.9,220.17,48.5,98.04,72.56,108.6,16.74,61.93,7.03,15.48,29.41,0.0734,43.25,49.117,0,none
B102313,M1,Evening,2.0,227.52,55.33,98.43,43.49,136.6,20.8,61.85,6.08,12.62,24.95,0.0854,52.29,48.825,1,short_shot
B102314,M2,Day,4.3,235.54,50.13,121.75,60.77,138.4,12.99,66.01,2.89,4.36,13.56,0.0652,53.85,49.971,0,none
B102315,M2,Day,6.4,241.3,53.67,128.01,80.55,127.4,15.75,58.68,4.31,14.06,24.22,0.0289,52.03,50.281,0,none
B102316,M1,Day,6.2,249.21,64.41,119.52,56.27,112.6,14.13,54.14,1.5,12.59,21.0,0.0239,51.11,50.413,1,burn_mark
B102317,M4,Night,14.3,232.84,60.19,112.52,82.59,107.7,16.1,75.62,5.99,10.28,23.8,0.0697,48.82,49.844,1,warpage
B102318,M2,Evening,7.9,231.84,43.75,105.79,59.0,97.1,14.41,74.81,3.88,23.27,32.63,0.0148,49.02,49.922,1,short_shot
B102319,M5,Day,0.5,226.27,44.32,115.24,65.02,106.1,11.93,72.95,5.7,20.91,33.25,0.005,50.79,49.986,0,none
B102320,M1,Day,8.7,238.3,57.71,107.67,54.74,87.6,10.38,74.24,9.36,6.85,23.33,0.005,40.58,49.769,0,none
B102321,M1,Evening,9.2,232.03,58.43,119.06,62.39,153.9,20.36,52.44,7.89,16.77,30.08,0.0103,62.7,49.171,0,none
B102322,M2,Night,6.5,232.26,48.26,97.18,63.19,165.9,15.75,64.24,4.35,11.91,23.77,0.005,49.09,49.036,0,none
B102323,M1,Day,2.1,234.06,70.91,130.52,35.87,71.6,17.32,66.48,3.99,17.83,28.94,0.0218,45.97,50.866,0,none
B102324,M2,Day,14.0,240.52,63.13,111.49,53.38,127.2,15.6,70.58,7.44,12.0,24.2,0.081,53.96,50.296,0,none
B102325,M5,Day,2.7,229.36,48.74,125.64,41.5,126.8,17.9,52.48,3.99,13.31,24.89,0.1434,48.85,49.991,0,none
B102326,M1,Evening,9.6,227.28,47.78,133.31,53.89,125.2,10.42,58.87,6.99,20.82,32.61,0.005,62.43,50.005,0,none
B102327,M1,Night,7.8,239.32,52.72,124.92,48.07,105.2,14.33,64.76,9.6,20.1,35.01,0.0397,58.95,50.834,0,none
B102328,M3,Evening,9.4,204.74,51.68,131.99,75.18,145.6,16.02,82.7,6.51,23.55,36.74,0.0101,50.93,50.051,1,burn_mark
B102329,M2,Day,13.8,228.96,67.56,89.0,75.35,130.3,19.17,73.14,7.28,14.91,29.23,0.0142,59.39,49.112,0,none
B102330,M3,Night,9.2,223.49,64.85,112.61,68.4,145.9,24.69,82.26,7.1,8.72,21.92,0.1473,52.35,49.344,1,burn_mark
B102331,M2,Evening,4.8,247.03,55.35,136.55,40.99,101.6,15.63,68.53,4.66,20.61,30.64,0.0184,38.46,50.818,0,none
B102332,M4,Day,11.4,230.59,61.78,127.64,58.53,85.4,11.36,70.01,5.94,20.64,32.31,0.0059,58.9,50.558,0,none
B102333,M1,Day,4.5,229.39,63.23,147.73,39.79,130.9,9.22,75.99,4.07,19.14,28.83,0.0174,31.0,50.59,0,none
B102334,M2,Day,7.7,234.51,55.58,145.57,57.79,95.9,10.38,67.87,7.43,12.28,26.56,0.0725,25.0,50.726,0,none
B102335,M3,Night,1.8,229.05,59.03,124.49,69.71,146.4,10.9,62.5,3.87,10.65,20.11,0.1066,56.98,49.942,0,none
B102336,M5,Evening,2.9,230.97,60.94,116.22,74.88,66.8,3.0,52.12,6.55,18.68,30.58,0.0141,54.44,49.82,0,none
B102337,M2,Evening,7.2,235.97,59.88,105.62,67.09,108.3,11.3,62.82,7.2,11.57,23.29,0.1327,53.77,49.71,0,none
B102338,M3,Night,8.5,230.78,47.21,112.86,78.88,104.6,16.87,80.03,4.76,14.46,24.63,0.0512,63.9,50.327,0,none
B102339,M1,Day,0.2,230.71,48.22,113.88,63.9,111.7,14.3,85.13,4.42,30.53,40.83,0.0301,49.75,50.307,1,burn_mark
B102340,M1,Day,9.0,224.9,52.11,111.1,56.5,126.5,12.97,60.72,5.25,26.64,36.76,0.0357,46.22,49.742,0,none
B102341,M1,Day,3.7,223.46,47.93,106.22,73.1,129.9,7.51,49.2,4.16,19.96,28.38,0.082,57.97,48.532,1,burn_mark
B102342,M4,Night,12.1,235.61,40.27,126.02,73.6,136.0,18.2,81.12,5.73,12.69,25.4,0.0098,42.86,49.932,1,short_shot
B102343,M2,Evening,5.6,238.07,61.76,145.45,52.14,138.9,16.05,70.83,4.12,12.39,21.51,0.0068,47.62,51.493,0,none
B102344,M4,Day,2.5,220.72,58.46,134.0,65.68,115.7,13.95,53.84,4.23,19.58,28.5,0.005,52.53,49.667,0,none
B102345,M1,Day,7.3,242.6,41.61,115.16,55.59,172.7,5.19,35.0,6.32,23.48,37.37,0.0229,53.33,49.123,0,none
B102346,M5,Evening,3.3,242.64,52.59,135.21,29.87,154.7,12.04,58.44,6.43,13.44,26.72,0.0318,46.67,49.833,0,none
B102347,M4,Evening,12.1,244.75,53.16,125.2,66.6,112.2,15.73,64.44,5.06,13.72,25.8,0.005,45.1,50.496,1,burn_mark
B102348,M1,Evening,7.0,238.0,56.82,119.39,40.58,116.6,13.89,56.18,3.03,16.44,25.97,0.0297,38.8,49.553,0,none
B102349,M1,Day,6.4,241.37,44.18,118.45,64.92,111.7,14.77,78.3,7.26,9.06,23.62,0.0694,42.13,49.879,1,warpage
B102350,M1,Night,9.4,256.85,41.46,117.0,36.97,129.1,16.74,60.25,4.83,9.21,20.92,0.1617,68.19,50.656,1,burn_mark
B102351,M5,Night,3.0,231.98,60.2,129.77,49.2,95.7,14.62,70.15,8.59,10.12,24.37,0.0062,47.34,49.586,0,none
B102352,M1,Evening,1.8,224.54,39.66,122.1,53.5,100.3,16.6,98.48,5.3,18.73,28.97,0.0371,51.89,51.016,1,burn_mark
B102353,M3,Evening,8.6,219.66,52.67,109.07,78.03,65.8,10.63,71.41,5.7,17.36,27.78,0.032,35.09,49.0,0,none
B102354,M2,Night,2.6,252.56,51.74,108.35,52.0,110.0,9.11,68.61,4.85,21.68,32.4,0.0747,75.0,49.915,1,burn_mark
B102355,M4,Night,2.6,252.69,53.77,124.59,43.88,146.6,15.91,68.88,5.87,7.31,18.08,0.0071,41.39,50.27,1,burn_mark
B102356,M2,Evening,10.3,225.75,57.53,126.43,65.47,116.2,16.73,78.03,10.71,8.42,24.33,0.0203,38.25,49.695,0,none
B102357,M3,Evening,9.1,227.73,70.99,115.3,56.75,117.6,16.08,76.54,4.98,18.28,29.1,0.0937,49.39,49.648,0,none
B102358,M5,Day,2.0,231.76,39.01,103.02,71.86,127.0,14.53,57.96,7.41,11.64,26.45,0.0356,41.08,48.793,0,none
B102359,M1,Night,4.5,247.24,63.77,138.76,44.82,94.9,12.7,65.07,5.64,12.0,22.13,0.0148,53.65,50.369,0,none
B102360,M4,Evening,3.4,222.13,29.88,135.58,63.16,120.6,14.84,61.99,7.26,21.06,34.35,0.0253,34.88,50.622,1,burn_mark
B102361,M1,Day,14.1,215.33,68.94,90.19,97.04,142.3,15.52,66.61,2.6,13.24,20.59,0.0852,61.37,48.033,1,burn_mark
B102362,M2,Day,10.6,256.68,34.57,140.09,56.41,127.7,15.76,91.92,8.42,13.82,27.68,0.0652,59.4,50.742,0,none
B102363,M5,Night,5.3,238.12,79.36,116.87,62.8,144.5,24.43,77.41,6.01,14.75,27.69,0.077,48.81,49.35,0,none
B102364,M3,Night,9.3,239.54,51.1,122.85,35.08,151.6,10.32,69.04,5.1,15.05,25.3,0.0802,33.44,50.536,0,none
B102365,M3,Night,1.6,232.95,67.9,137.07,47.21,136.6,26.9,84.93,6.85,19.42,32.02,0.2393,41.88,50.301,1,burn_mark
B102366,M2,Evening,4.3,239.66,65.84,144.79,66.9,102.2,8.97,72.26,5.72,9.95,21.81,0.0299,50.63,50.727,1,short_shot
B102367,M2,Night,7.4,219.86,50.64,135.04,55.05,111.4,15.54,50.34,3.78,15.06,25.54,0.0387,37.89,50.57,1,burn_mark
B102368,M2,Night,8.8,226.59,51.4,123.62,69.22,168.3,9.22,89.97,1.87,21.81,29.13,0.0433,39.52,50.353,1,burn_mark
B102369,M3,Day,6.6,236.05,46.63,99.37,66.37,127.9,15.22,68.12,8.24,26.66,42.16,0.0166,60.49,49.409,0,none
B102370,M2,Day,8.0,212.29,62.87,89.61,40.23,124.5,17.93,42.93,5.17,9.22,19.94,0.0719,51.55,48.218,1,burn_mark
B102371,M2,Night,7.3,231.97,50.77,133.17,75.23,98.5,14.13,50.8,4.58,17.66,28.72,0.0348,51.23,49.809,0,none
B102372,M2,Day,6.3,231.36,46.81,140.13,41.36,117.7,17.89,83.53,4.7,15.05,25.56,0.0649,55.27,50.931,0,none
B102373,M2,Evening,5.8,231.97,60.37,107.78,48.53,137.9,12.31,51.0,7.7,15.51,29.94,0.0449,48.36,49.431,0,none
B102374,M2,Evening,5.3,229.49,46.03,115.95,63.44,120.4,5.8,86.19,4.76,12.05,24.84,0.0362,49.4,50.665,0,none
B102375,M1,Evening,7.9,225.04,51.71,111.64,83.51,107.0,16.51,70.97,6.47,19.78,31.97,0.0599,54.56,49.235,0,none
B102376,M5,Day,8.6,216.78,56.07,111.24,44.94,112.8,14.12,78.57,5.0,19.52,30.5,0.2216,58.09,49.51,1,burn_mark
B102377,M3,Evening,7.8,236.45,48.58,136.12,62.22,149.8,12.08,66.92,3.62,28.61,37.8,0.0368,54.98,50.395,0,none
B102378,M1,Day,2.3,232.0,50.08,123.28,62.34,136.7,12.36,76.28,6.85,9.39,21.66,0.0316,64.6,50.492,1,warpage
B102379,M3,Night,3.0,221.25,70.35,116.56,69.86,133.4,15.63,73.8,7.15,7.26,19.72,0.0201,50.25,49.55,0,none
B102380,M4,Day,8.6,235.63,52.96,159.86,77.76,131.0,10.74,69.54,4.48,26.27,36.74,0.0474,36.53,51.112,0,none
B102381,M1,Evening,12.9,232.05,51.4,98.48,53.94,90.4,15.5,57.21,5.44,15.74,26.41,0.0117,60.88,49.294,0,none
B102382,M1,Night,7.6,230.39,53.25,128.22,75.18,126.8,18.75,74.3,5.65,13.72,24.61,0.0745,47.55,50.865,0,none
B102383,M1,Day,5.4,213.43,59.54,104.27,79.95,146.7,22.24,48.2,6.17,16.94,25.94,0.0208,42.31,48.892,1,burn_mark
B102384,M1,Day,7.9,241.83,44.66,117.64,86.76,113.5,19.62,81.18,8.46,9.03,24.87,0.0443,57.12,49.682,0,none
B102385,M4,Night,2.5,222.67,59.27,122.23,67.53,144.4,14.65,72.36,5.01,17.88,30.54,0.0405,53.71,49.087,1,burn_mark
B102386,M5,Day,12.2,235.63,57.56,132.67,62.36,133.6,15.03,75.57,5.0,15.6,27.25,0.2266,37.21,50.53,0,none
B102387,M1,Day,7.7,226.92,37.11,116.08,52.88,140.7,12.4,38.6,5.24,21.37,31.73,0.005,56.71,48.958,0,none
B102388,M4,Evening,4.3,231.11,72.94,114.5,38.12,121.3,12.14,56.49,4.09,20.29,29.11,0.0443,68.74,49.555,1,flash
B102389,M1,Night,6.3,246.52,69.61,115.81,55.83,142.2,17.49,63.93,2.92,20.7,28.05,0.0141,53.24,49.619,0,none
B102390,M3,Evening,4.9,240.32,46.99,103.8,61.69,83.4,12.77,78.08,5.7,16.95,29.29,0.005,47.44,49.562,0,none
B102391,M4,Day,12.2,246.3,43.78,129.48,58.36,120.8,15.46,58.69,6.29,24.02,37.58,0.0194,33.31,50.06,0,none
B102392,M2,Night,6.2,238.3,57.28,124.22,68.97,137.8,10.15,100.58,5.5,18.88,30.55,0.0055,70.51,50.658,0,none
B102393,M1,Evening,7.6,238.96,40.74,126.53,38.19,127.4,19.48,66.84,5.41,13.33,25.6,0.0114,44.83,50.175,0,none
B102394,M3,Evening,9.3,217.19,68.64,118.96,57.27,147.4,12.71,57.81,4.15,11.95,22.55,0.156,35.92,49.234,1,burn_mark
B102395,M5,Evening,4.0,231.82,50.32,117.11,89.92,116.1,18.35,67.76,5.88,12.52,23.63,0.3154,51.11,49.707,1,burn_mark
B102396,M2,Day,7.8,232.75,71.22,137.63,74.93,106.3,11.18,58.59,5.75,18.94,31.71,0.0789,60.08,50.117,0,none
B102397,M1,Day,8.1,247.24,46.76,135.33,69.24,79.0,10.97,55.79,6.21,9.34,22.5,0.0193,62.36,50.268,1,burn_mark
B102398,M1,Evening,0.8,229.94,53.88,141.22,65.86,113.2,19.31,82.13,5.99,16.78,27.77,0.021,43.28,50.727,1,short_shot
B102399,M3,Day,8.0,237.65,67.67,125.59,54.52,132.9,11.5,76.16,6.09,11.84,24.73,0.1392,49.01,50.072,0,none
B102400,M3,Evening,6.8,237.26,51.77,140.29,33.69,139.0,7.73,76.19,7.48,9.73,23.06,0.1227,50.0,51.532,1,short_shot
B102401,M4,Day,7.5,246.58,57.72,113.76,66.86,85.0,9.84,85.32,6.36,10.54,22.64,0.0982,59.77,50.936,1,burn_mark
B102402,M4,Day,7.1,233.66,65.93,116.99,23.27,149.4,17.43,75.84,6.22,15.88,28.49,0.1221,55.93,50.807,0,none
B102403,M5,Day,8.0,243.28,49.44,137.93,55.12,95.6,17.04,57.19,2.89,19.82,29.06,0.0288,52.71,49.837,1,burn_mark
B102404,M4,Evening,12.3,217.95,42.38,132.65,59.95,117.0,10.95,78.5,7.08,12.62,26.59,0.0769,59.15,50.063,1,burn_mark
B102405,M1,Evening,2.3,218.86,40.41,115.64,53.29,105.8,11.47,56.48,5.05,5.62,15.82,0.0385,36.38,49.672,1,burn_mark
B102406,M3,Day,5.6,212.17,60.83,104.31,92.57,130.4,16.69,64.26,5.62,31.77,43.96,0.0105,54.21,48.484,1,burn_mark
B102407,M2,Day,9.7,242.86,58.89,116.94,87.37,122.4,19.26,69.45,3.59,21.59,30.02,0.005,52.22,49.496,0,none
B102408,M2,Day,8.9,241.74,65.62,109.73,75.49,136.9,13.72,68.23,8.63,20.66,35.12,0.118,49.5,49.123,0,none
B102409,M5,Night,8.8,243.97,52.26,145.87,46.12,166.1,16.22,48.51,1.79,24.14,31.82,0.0153,47.5,50.493,0,none
B102410,M3,Day,18.0,228.23,40.69,131.4,88.82,129.9,17.49,58.39,7.73,16.46,31.16,0.0168,51.34,49.432,1,burn_mark
B102411,M5,Night,9.5,229.36,31.47,108.51,69.28,105.6,22.61,69.73,6.14,15.32,27.47,0.0063,44.3,48.636,0,none
B102412,M2,Day,11.5,233.79,83.68,104.33,45.87,131.5,9.38,62.67,2.64,22.78,31.16,0.0454,75.0,49.909,1,short_shot
B102413,M3,Day,5.8,249.44,60.27,108.33,60.49,168.6,11.33,83.52,8.55,22.75,38.73,0.0568,63.59,50.278,1,burn_mark
B102414,M2,Evening,3.0,251.94,56.37,111.62,74.38,136.4,11.97,85.57,6.27,19.08,30.92,0.0785,60.93,49.703,0,none
B102415,M1,Evening,5.7,242.94,57.79,117.5,51.02,143.6,17.31,56.56,1.96,20.41,27.9,0.0396,44.7,50.169,0,none
B102416,M1,Day,9.8,238.31,40.69,136.72,62.11,80.2,12.99,70.72,4.87,9.81,18.8,0.1071,40.43,50.589,1,short_shot
B102417,M3,Night,8.6,248.35,47.05,105.5,64.75,129.7,15.25,88.99,6.3,14.71,26.8,0.0372,47.88,50.503,1,burn_mark
B102418,M1,Day,8.6,232.44,72.43,154.34,43.49,113.3,14.49,68.39,8.07,24.52,37.65,0.0159,51.14,51.382,0,none
B102419,M5,Day,6.1,231.09,61.58,105.85,55.95,103.0,14.01,65.12,4.89,20.02,30.66,0.0152,35.52,49.188,0,none
B102420,M1,Day,5.5,233.71,47.36,98.86,44.62,119.4,14.43,80.32,1.53,8.69,16.46,0.0598,54.8,49.941,1,warpage
B102421,M1,Evening,6.3,225.21,42.73,145.32,73.03,122.7,18.12,66.71,7.69,13.34,25.95,0.0981,60.82,50.666,0,none
B102422,M4,Night,9.9,233.25,49.84,139.82,46.38,104.4,10.12,85.25,6.25,23.7,35.13,0.2469,27.64,51.379,1,burn_mark
B102423,M1,Day,10.4,223.83,51.85,117.26,64.38,124.7,13.41,62.86,2.15,18.28,24.83,0.1127,41.0,49.913,0,none
B102424,M5,Night,3.0,245.25,75.49,125.72,39.15,115.7,9.14,64.3,6.01,16.91,28.41,0.35,62.28,51.147,1,burn_mark
B102425,M4,Evening,10.0,240.44,53.12,126.1,43.0,137.6,14.91,79.48,6.17,17.06,28.29,0.0621,53.74,50.958,0,none
B102426,M1,Night,4.4,249.3,43.1,122.05,42.27,125.7,13.22,71.21,5.01,15.58,28.74,0.0852,41.34,50.203,0,none
B102427,M3,Night,8.9,218.71,54.41,100.55,55.66,129.4,18.28,71.3,4.26,13.38,25.14,0.0559,57.35,49.304,0,none
B102428,M3,Night,6.2,254.02,57.64,82.77,62.71,144.5,13.98,47.09,4.59,11.83,23.76,0.005,44.06,48.316,1,short_shot
B102429,M4,Evening,13.3,219.28,42.19,107.33,65.47,133.9,12.22,65.76,5.01,21.05,30.77,0.1066,47.64,49.668,1,burn_mark
B102430,M4,Day,5.3,223.02,59.02,147.24,33.42,119.8,13.01,80.37,6.03,17.19,29.04,0.0408,38.61,50.811,0,none
B102431,M4,Evening,7.7,228.79,67.09,147.83,57.47,67.8,20.89,60.6,6.68,19.54,31.01,0.1728,50.17,51.36,1,burn_mark
B102432,M3,Evening,9.4,248.08,56.39,116.07,48.74,132.8,7.72,78.41,2.28,18.73,28.85,0.005,60.18,50.257,0,none
B102433,M2,Evening,3.5,237.26,47.03,105.63,68.01,97.2,11.49,73.22,5.88,23.04,35.76,0.1359,45.22,49.572,1,burn_mark
B102434,M3,Evening,6.7,232.56,49.71,124.17,55.99,117.8,14.14,67.6,6.23,18.27,29.45,0.0361,56.45,49.918,0,none
B102435,M5,Day,5.9,227.07,38.41,126.58,58.79,129.3,11.45,86.29,5.75,20.12,32.24,0.0312,49.5,50.166,0,none
B102436,M3,Night,4.9,221.24,53.66,129.01,48.83,153.3,15.96,65.92,4.89,16.84,26.25,0.0164,60.79,49.908,0,none
B102437,M3,Day,5.2,246.33,58.11,82.09,85.87,166.1,13.77,66.76,7.63,11.26,24.76,0.148,45.37,48.79,1,burn_mark
B102438,M2,Night,11.4,242.99,46.03,167.37,40.75,97.0,15.02,67.47,7.52,14.87,28.21,0.0152,65.55,51.689,1,short_shot
B102439,M4,Day,4.6,248.52,74.4,136.99,54.0,87.1,14.47,70.97,4.95,18.95,30.64,0.2024,56.82,50.642,1,burn_mark
B102440,M5,Day,9.3,238.97,62.92,117.03,61.61,128.1,13.59,79.2,5.38,19.39,31.75,0.0183,52.44,50.246,0,none
B102441,M1,Night,8.3,208.58,37.07,109.22,56.23,126.1,8.84,52.33,6.66,23.26,35.93,0.0692,52.81,48.775,1,burn_mark
B102442,M1,Night,1.4,222.55,37.28,134.81,48.54,90.0,14.7,80.42,7.42,13.7,26.9,0.0406,45.35,50.579,1,burn_mark
B102443,M3,Evening,9.1,239.65,45.16,127.43,32.82,119.6,6.95,70.82,4.28,17.13,24.17,0.0485,44.71,51.199,0,none
B102444,M2,Night,1.3,231.3,70.73,121.38,49.63,134.9,11.31,76.65,3.93,15.35,26.85,0.0087,52.62,50.022,0,none
B102445,M3,Day,9.5,229.41,63.91,126.88,45.61,89.2,15.96,98.7,5.91,24.12,35.38,0.0434,38.01,50.734,0,none
B102446,M1,Night,5.0,223.97,71.24,118.31,85.19,95.1,18.76,63.86,3.81,17.88,27.8,0.109,43.98,49.005,1,burn_mark
B102447,M2,Day,7.0,244.48,55.1,126.03,93.97,103.9,23.4,55.3,2.58,17.98,28.82,0.0077,40.63,49.571,1,flash
B102448,M3,Evening,1.8,239.56,52.91,130.9,59.24,114.7,12.29,72.33,4.27,15.82,24.9,0.0422,55.72,50.581,1,burn_mark
B102449,M3,Evening,7.5,240.01,42.52,125.15,38.93,137.3,10.54,74.23,6.13,14.87,27.02,0.0463,55.87,50.34,1,burn_mark
B102450,M3,Day,10.7,228.66,58.5,124.36,71.07,111.8,16.09,80.46,7.83,8.76,23.08,0.1228,62.68,49.737,0,none
B102451,M4,Evening,3.8,236.76,53.04,140.89,45.28,121.4,21.48,63.54,4.44,9.69,21.22,0.0361,46.65,50.798,0,none
B102452,M3,Evening,4.6,221.62,52.65,96.04,51.76,176.2,20.13,60.04,5.31,16.89,28.21,0.1048,41.92,49.127,0,none
B102453,M4,Day,8.8,233.7,71.18,108.03,50.57,96.1,9.86,51.6,5.73,16.27,29.18,0.005,35.31,49.563,0,none
B102454,M3,Night,8.9,209.72,53.74,120.4,52.49,103.7,13.44,53.59,4.53,16.92,27.03,0.0731,52.71,48.946,0,none
B102455,M3,Evening,0.0,219.32,68.31,109.05,54.68,137.0,17.4,65.01,4.41,20.71,31.66,0.0292,63.97,49.869,0,none
B102456,M3,Day,15.1,231.78,39.12,114.06,40.3,144.7,17.68,68.6,6.0,16.46,28.88,0.0695,49.25,49.772,0,none
B102457,M1,Evening,9.1,258.75,81.88,139.32,49.47,130.4,16.37,94.78,3.7,14.26,23.87,0.0345,50.27,51.184,0,none
B102458,M2,Day,9.8,216.99,51.27,117.77,75.3,165.2,12.21,49.69,4.35,14.95,25.62,0.0757,49.94,49.462,0,none
B102459,M3,Day,6.4,222.56,62.07,92.56,59.5,127.9,16.33,74.02,5.2,17.22,27.54,0.0304,52.54,49.543,1,short_shot
B102460,M5,Evening,0.0,237.17,63.66,113.65,61.88,70.6,17.72,61.29,5.98,14.1,25.79,0.0116,59.97,49.539,0,none
B102461,M3,Day,9.7,252.69,50.03,120.87,26.52,122.4,10.27,72.67,3.23,21.32,29.26,0.0573,69.19,50.388,0,none
B102462,M1,Day,4.7,237.02,63.19,120.6,74.22,105.7,19.32,63.36,5.3,15.94,26.81,0.019,54.98,49.928,0,none
B102463,M3,Evening,9.2,242.02,63.71,128.34,49.72,154.6,17.97,82.42,3.56,17.26,27.96,0.0066,55.64,50.24,0,none
B102464,M1,Day,6.1,231.62,47.87,127.12,76.86,144.1,11.03,82.35,4.47,11.92,22.81,0.0262,47.61,51.134,0,none
B102465,M4,Night,8.0,229.89,47.99,117.92,62.31,80.3,17.7,68.64,6.68,21.32,34.32,0.0182,48.92,49.449,0,none
B102466,M4,Night,3.9,235.82,55.45,102.1,51.57,153.8,17.25,87.27,5.39,23.19,32.99,0.0267,48.79,50.03,0,none
B102467,M3,Day,10.5,228.42,53.85,113.38,34.83,143.5,17.4,79.12,8.0,9.18,23.51,0.018,46.34,50.081,0,none
B102468,M3,Evening,2.2,242.24,68.93,110.66,92.62,111.9,20.3,86.71,5.39,18.0,29.33,0.0123,51.28,49.514,0,none
B102469,M2,Day,16.0,218.94,62.03,115.72,72.05,118.0,13.96,69.48,6.95,15.46,28.95,0.0476,56.25,49.172,0,none
B102470,M2,Evening,16.0,243.9,54.3,130.37,72.95,154.8,15.33,81.42,6.69,17.42,31.5,0.0246,50.64,50.938,0,none
B102471,M5,Day,13.5,235.39,61.06,126.06,87.28,70.7,3.45,60.78,5.48,18.26,29.33,0.0473,47.19,49.859,0,none
B102472,M4,Night,12.1,232.85,34.53,132.36,63.36,131.1,18.46,59.56,3.53,4.83,14.04,0.0295,51.26,49.853,1,warpage
B102473,M3,Day,6.7,218.57,48.85,114.24,80.29,147.3,18.08,96.16,5.34,19.8,32.06,0.0652,40.4,49.705,0,none
B102474,M2,Evening,11.7,225.2,57.88,142.63,52.82,117.8,19.42,56.97,4.7,21.56,31.66,0.0273,58.03,50.058,0,none
B102475,M1,Day,6.6,246.99,66.15,130.09,71.06,136.2,10.25,64.77,4.64,22.12,32.85,0.025,45.87,50.576,1,burn_mark
B102476,M1,Day,0.8,232.91,57.0,121.68,50.55,122.6,17.85,47.22,5.73,11.28,21.01,0.1499,38.45,49.981,1,burn_mark
B102477,M1,Evening,13.0,237.78,69.58,129.05,52.44,100.4,18.07,59.85,3.33,15.85,24.86,0.1838,54.62,50.37,0,none
B102478,M2,Evening,11.5,226.2,63.68,109.86,61.46,99.8,11.4,58.07,4.19,13.31,24.8,0.005,55.11,49.4,0,none
B102479,M5,Night,6.9,234.71,50.12,88.37,40.99,137.8,18.22,61.96,3.98,6.42,16.74,0.0166,41.4,49.295,1,short_shot
B102480,M3,Day,2.1,221.28,53.6,110.9,64.94,104.1,15.85,73.6,5.12,12.9,24.92,0.1011,56.24,48.967,0,none
B102481,M1,Day,4.7,236.0,59.08,131.21,55.32,81.9,7.21,76.49,4.35,10.58,21.88,0.2739,56.34,50.624,0,none
B102482,M1,Day,0.0,238.71,50.51,121.2,30.19,123.1,16.34,57.92,4.45,17.67,29.47,0.1015,69.75,50.522,0,none
B102483,M2,Day,10.8,238.21,70.31,117.95,53.14,107.2,10.93,60.52,5.7,7.84,19.2,0.0568,47.65,49.946,1,warpage
B102484,M4,Night,0.6,225.96,43.91,107.28,54.82,90.0,7.3,83.0,4.83,11.1,22.88,0.0211,49.46,49.813,1,burn_mark
B102485,M2,Night,8.1,231.58,58.16,90.66,72.79,121.8,15.47,90.46,5.51,13.4,27.16,0.0714,43.93,49.127,0,none
B102486,M4,Night,3.6,240.37,62.35,141.37,64.28,139.2,13.74,85.07,3.83,19.85,29.65,0.0925,54.94,50.781,1,short_shot
B102487,M4,Day,1.3,232.89,51.87,116.88,81.71,120.5,19.62,50.24,4.26,29.89,38.83,0.0694,49.95,49.079,0,none
B102488,M1,Evening,8.0,232.13,49.61,113.56,67.8,93.3,14.73,84.27,8.56,17.52,31.48,0.1205,59.88,50.049,1,burn_mark
B102489,M3,Evening,5.7,254.03,54.24,109.93,51.69,132.0,17.11,92.24,4.45,10.84,21.76,0.0753,45.66,50.341,0,none
B102490,M5,Day,10.4,225.49,63.12,138.82,59.12,145.9,16.04,49.65,2.34,12.6,19.28,0.1571,54.72,49.385,1,burn_mark
B102491,M2,Evening,1.9,245.8,50.0,133.22,54.78,175.3,18.08,82.99,6.01,19.29,30.54,0.2139,47.62,51.15,0,none
B102492,M1,Day,4.0,223.45,44.31,105.49,67.32,156.0,10.45,72.7,4.44,9.27,19.38,0.005,31.58,49.555,0,none
B102493,M5,Day,0.0,241.55,66.51,137.47,60.9,94.9,14.79,66.07,5.87,21.48,33.46,0.0204,56.28,50.659,0,none
B102494,M5,Night,0.0,242.08,58.99,117.82,50.57,141.5,13.44,71.27,5.37,17.37,30.53,0.0779,32.52,49.833,0,none
B102495,M3,Day,14.2,229.9,65.08,110.84,60.13,126.4,16.61,75.32,6.32,15.37,28.39,0.005,48.41,49.581,0,none
B102496,M3,Night,15.3,222.83,62.59,115.6,66.92,91.2,15.02,83.89,5.35,7.58,17.81,0.024,48.56,50.076,0,none
B102497,M1,Day,7.4,215.3,76.8,108.25,44.9,127.1,11.54,83.27,5.16,20.6,35.63,0.0186,49.92,49.778,0,none
B102498,M4,Day,3.7,228.85,66.15,100.19,64.76,168.0,12.65,51.92,7.22,12.19,25.4,0.005,50.47,48.66,0,none
B102499,M2,Day,5.8,240.26,47.76,131.64,36.32,149.9,20.59,62.22,2.17,16.77,23.26,0.1038,50.37,50.964,1,short_shot
B102500,M1,Day,10.5,224.22,59.7,116.69,76.58,94.7,7.22,71.12,3.51,15.21,23.69,0.0299,53.63,49.299,0,none
B102501,M3,Evening,4.9,235.97,49.43,129.26,67.91,120.3,16.84,88.87,4.26,8.08,17.31,0.0102,48.91,49.546,0,none
B102502,M5,Day,8.0,220.24,50.46,124.31,84.44,132.3,18.97,37.27,2.96,14.85,22.46,0.1166,75.0,49.039,1,burn_mark
B102503,M4,Evening,6.9,232.66,40.87,128.23,43.25,76.8,16.32,62.67,4.78,9.95,21.24,0.0096,46.58,50.278,0,none
B102504,M2,Night,4.7,223.53,52.14,89.31,77.0,77.6,21.88,51.67,4.63,12.74,20.71,0.0649,37.77,48.391,0,none
B102505,M1,Day,4.9,234.22,60.45,107.0,74.04,123.9,17.75,53.57,6.96,18.16,32.11,0.0082,35.9,49.27,0,none
B102506,M5,Day,8.2,229.99,54.34,128.54,57.27,124.2,15.54,81.83,5.37,19.51,31.69,0.005,56.58,50.25,0,none
B102507,M5,Evening,3.1,223.1,44.01,100.88,54.35,74.0,12.13,63.62,5.18,15.91,26.63,0.0212,34.08,49.536,0,none
B102508,M3,Night,8.8,228.41,39.77,125.6,43.72,129.7,15.61,42.0,4.93,11.58,23.43,0.1201,37.9,49.194,1,burn_mark
B102509,M3,Evening,5.1,225.66,76.12,99.14,39.81,147.2,16.73,68.1,3.92,12.76,21.59,0.0728,36.46,49.39,1,burn_mark
B102510,M2,Day,7.5,221.86,58.25,120.25,48.73,114.5,14.01,94.43,6.84,12.68,24.67,0.0369,54.57,50.193,0,none
B102511,M2,Evening,12.5,245.83,46.76,144.15,41.16,121.5,11.03,48.32,7.32,5.31,19.18,0.196,63.31,50.994,1,burn_mark
B102512,M1,Evening,6.3,231.4,59.62,131.62,83.94,134.3,9.18,76.4,3.68,16.37,25.84,0.102,40.56,49.905,0,none
B102513,M1,Day,10.7,212.98,76.89,92.24,37.47,131.0,14.74,88.81,7.93,7.67,20.97,0.0265,54.22,49.463,1,burn_mark
B102514,M1,Day,0.0,228.77,61.2,132.73,62.23,78.3,8.08,69.41,4.49,16.38,26.76,0.005,25.0,50.284,0,none
B102515,M4,Night,5.1,244.15,27.13,147.33,66.54,97.4,12.11,93.14,4.37,8.7,20.39,0.005,42.55,51.423,1,short_shot
B102516,M1,Day,7.1,227.39,81.52,161.96,65.36,110.1,4.27,62.08,6.21,9.97,23.46,0.1192,56.02,50.677,1,short_shot
B102517,M1,Day,14.7,249.98,36.51,127.13,66.68,98.5,17.33,87.35,6.34,19.34,32.11,0.1463,46.88,50.847,0,none
B102518,M3,Day,0.0,226.43,52.94,99.53,74.2,156.7,18.62,84.52,5.39,16.12,27.16,0.0405,59.94,49.416,1,short_shot
B102519,M1,Evening,6.6,240.03,43.67,126.52,53.31,135.9,14.32,69.61,4.98,6.58,18.08,0.0574,27.67,50.45,1,warpage
B102520,M1,Evening,12.8,245.37,47.6,143.94,61.31,92.3,21.33,52.15,7.26,13.21,25.6,0.005,42.65,51.055,0,none
B102521,M3,Day,3.9,239.5,57.84,117.19,55.6,114.6,19.39,57.98,4.57,17.31,29.04,0.0702,54.53,49.828,0,none
B102522,M2,Evening,6.1,221.26,34.29,135.65,79.54,148.3,15.92,41.87,5.4,12.9,25.25,0.0675,54.4,49.157,0,none
B102523,M3,Evening,8.3,225.58,54.1,107.41,91.5,103.8,13.55,77.13,8.04,14.28,30.26,0.0475,55.17,49.995,1,burn_mark
B102524,M5,Day,7.7,246.7,66.47,125.59,42.09,141.3,12.6,75.69,3.49,17.22,25.91,0.1102,52.08,50.979,1,burn_mark
B102525,M1,Night,13.3,226.95,46.57,82.66,29.53,154.6,16.25,70.95,4.81,16.22,26.11,0.1366,38.56,49.312,0,none
B102526,M5,Day,8.8,244.76,41.1,105.74,68.54,150.4,13.44,68.53,7.04,11.04,24.63,0.1026,42.21,49.54,1,burn_mark
B102527,M5,Day,12.3,230.7,53.61,119.91,76.06,124.5,16.19,86.29,6.29,16.11,28.13,0.0875,73.16,50.357,0,none
B102528,M4,Night,5.6,236.41,51.62,114.55,89.35,151.3,16.49,73.57,6.84,14.56,28.4,0.0131,37.41,48.916,0,none
B102529,M3,Night,4.0,221.14,49.05,100.49,71.07,106.9,13.08,63.34,3.52,24.62,35.45,0.1268,35.84,49.504,0,none
B102530,M3,Day,6.1,228.92,43.12,112.51,80.94,182.1,18.38,71.77,5.98,15.48,29.17,0.0077,56.8,49.824,0,none
B102531,M3,Night,2.4,226.25,60.19,124.94,84.9,126.0,13.09,94.57,5.07,16.67,27.81,0.005,39.41,50.197,0,none
B102532,M3,Evening,8.9,237.26,60.95,118.71,81.97,148.7,14.09,77.47,8.91,17.3,33.09,0.0343,67.92,50.229,0,none
B102533,M1,Day,5.5,235.93,44.34,120.91,73.22,110.9,10.09,65.32,6.71,14.39,26.59,0.1303,75.0,50.032,0,none
B102534,M5,Night,4.3,239.63,45.73,130.98,40.77,132.5,12.92,69.47,5.47,12.4,24.08,0.0417,47.59,50.227,0,none
B102535,M3,Night,9.0,230.09,56.36,114.85,59.87,133.6,22.63,75.56,5.93,18.3,30.17,0.0193,53.09,49.947,0,none
B102536,M4,Day,2.4,225.7,45.35,140.39,64.5,96.8,10.4,64.95,5.58,18.34,29.81,0.0406,31.75,50.457,0,none
B102537,M2,Evening,10.1,236.83,56.79,105.16,58.5,96.0,15.75,63.89,6.55,26.41,40.79,0.005,60.32,49.428,0,none
B102538,M1,Day,5.1,224.7,69.68,148.92,59.43,114.9,12.18,69.86,4.22,19.71,28.59,0.0525,27.61,50.639,1,burn_mark
B102539,M3,Day,11.6,245.78,54.4,136.7,83.51,147.6,5.14,88.23,7.55,19.8,33.34,0.0359,36.6,51.108,0,none
B102540,M3,Night,5.4,233.85,42.86,114.66,48.65,74.2,16.24,79.49,3.51,19.59,29.16,0.0535,51.19,50.188,0,none
B102541,M2,Evening,9.5,231.74,58.92,115.66,71.99,110.9,11.78,65.09,5.81,12.55,25.0,0.005,55.48,50.26,1,flash
B102542,M2,Evening,7.7,239.62,53.22,123.1,64.75,152.7,15.28,80.43,4.26,9.71,18.88,0.1752,35.16,50.095,0,none
B102543,M1,Evening,10.0,234.24,53.5,128.98,47.14,89.2,17.96,70.1,5.56,10.98,22.25,0.0321,44.57,50.532,0,none
B102544,M3,Evening,7.4,218.42,59.75,136.42,43.85,151.3,14.94,74.14,6.98,19.44,31.83,0.0255,33.38,50.166,0,none
B102545,M2,Day,0.3,224.39,61.91,99.89,34.48,91.8,15.31,73.04,2.93,23.11,29.79,0.0093,46.83,49.791,0,none
B102546,M5,Night,11.0,245.58,55.36,126.56,67.28,97.1,10.53,44.68,5.25,19.67,32.08,0.0272,41.99,49.386,0,none
B102547,M1,Evening,6.6,235.84,54.39,88.25,59.05,116.3,16.83,35.0,3.34,15.17,23.04,0.1158,43.64,48.471,1,short_shot
B102548,M2,Evening,10.2,218.18,75.64,117.34,47.61,166.8,13.24,72.72,5.08,24.38,33.86,0.1289,56.51,50.259,1,burn_mark
B102549,M2,Evening,9.8,238.52,67.01,141.81,31.86,104.0,6.01,59.77,3.34,13.78,24.07,0.0533,52.82,50.802,0,none
B102550,M3,Day,3.9,229.41,63.34,98.74,66.49,76.7,17.31,50.33,5.74,10.26,21.67,0.0176,55.61,48.473,0,none
B102551,M2,Day,3.3,226.26,56.31,96.01,57.39,85.0,18.53,60.14,4.86,17.26,27.83,0.0821,48.71,49.309,0,none
B102552,M3,Day,9.6,223.55,44.94,123.31,49.29,143.3,19.92,81.1,6.62,22.46,34.8,0.0142,57.17,50.383,0,none
B102553,M5,Day,5.8,245.0,66.27,140.81,45.54,86.1,22.68,74.29,7.34,11.78,26.2,0.0409,49.65,50.975,1,burn_mark
B102554,M2,Evening,10.7,215.35,56.44,124.88,56.42,149.7,17.09,79.26,5.52,7.48,18.44,0.1,45.09,49.734,1,burn_mark
B102555,M3,Night,6.3,226.62,49.23,91.43,67.05,121.7,16.06,75.44,6.84,16.19,29.62,0.0726,55.71,48.492,1,short_shot
B102556,M1,Day,11.1,236.2,52.57,94.75,55.05,119.2,18.37,58.97,7.57,19.86,32.29,0.0267,45.77,49.878,0,none
B102557,M2,Day,8.7,250.78,45.34,121.47,42.17,127.4,10.45,79.32,4.12,4.0,14.45,0.0516,46.71,50.445,1,warpage
B102558,M2,Evening,8.2,240.54,65.57,102.31,59.13,100.0,7.31,77.03,7.65,20.89,35.44,0.2081,60.68,49.354,1,burn_mark
B102559,M1,Day,5.5,226.54,61.83,122.05,75.68,123.4,12.09,68.59,5.44,9.17,22.02,0.1039,59.74,49.86,0,none
B102560,M3,Night,7.9,250.29,56.82,122.94,60.6,90.2,19.11,70.71,4.03,19.62,28.11,0.0211,47.03,49.969,0,none
B102561,M3,Day,11.8,221.45,54.57,112.65,61.03,153.7,11.36,79.51,5.95,6.02,17.67,0.0417,58.73,49.931,1,burn_mark
B102562,M4,Day,6.8,237.65,48.19,147.22,55.11,94.3,15.86,61.01,5.39,8.63,21.62,0.0417,37.22,51.198,1,short_shot
B102563,M3,Day,9.1,239.88,33.7,128.86,46.66,131.0,16.29,83.05,3.39,19.09,29.4,0.005,47.09,50.363,0,none
B102564,M3,Night,7.2,226.19,40.87,138.17,46.16,94.1,14.98,76.78,3.85,22.08,31.73,0.023,42.48,50.583,0,none
B102565,M2,Day,7.5,241.98,47.57,133.81,35.07,106.7,8.89,70.03,7.96,15.95,29.91,0.0155,49.98,50.92,0,none
B102566,M1,Evening,13.9,229.86,46.07,117.75,77.72,110.7,15.37,88.37,5.92,27.98,40.19,0.0299,57.35,49.619,0,none
B102567,M1,Day,11.8,241.95,57.89,117.08,66.94,194.5,12.31,54.47,7.72,10.89,24.24,0.0343,55.56,49.318,0,none
B102568,M3,Day,7.3,216.6,63.11,115.54,61.24,119.6,20.81,64.48,4.88,10.82,22.25,0.0169,54.2,49.426,1,burn_mark
B102569,M5,Night,7.9,238.35,53.72,130.22,64.43,99.5,18.55,61.81,4.3,14.49,25.28,0.0639,51.37,50.835,0,none
B102570,M1,Day,4.2,230.88,69.09,110.24,65.09,108.9,12.45,74.3,2.98,14.25,22.11,0.0123,48.41,49.382,1,short_shot
B102571,M3,Day,6.3,246.5,47.17,145.88,48.98,82.4,21.06,84.19,6.95,17.42,29.88,0.0713,62.01,51.244,1,burn_mark
B102572,M4,Evening,8.2,234.56,53.64,108.81,55.12,115.9,15.37,58.2,6.12,12.29,23.95,0.0318,34.53,50.338,0,none
B102573,M4,Night,10.4,247.49,54.49,123.22,52.89,166.3,7.31,105.0,4.89,18.84,29.47,0.0178,43.33,51.333,0,none
B102574,M3,Day,10.0,240.08,65.92,116.56,97.67,128.4,13.69,62.05,4.31,18.72,29.3,0.0317,54.11,48.844,1,flash
B102575,M3,Day,2.6,233.72,56.06,113.24,75.3,142.6,20.54,74.33,7.19,24.07,37.44,0.0507,65.28,49.63,0,none
B102576,M3,Night,10.9,242.88,56.34,152.59,62.52,97.3,10.72,70.03,5.23,13.55,24.06,0.0088,46.54,51.276,0,none
B102577,M5,Evening,6.6,242.94,38.45,113.41,80.49,114.9,13.73,70.55,5.25,17.68,30.28,0.0144,47.39,50.234,0,none
B102578,M1,Night,3.1,239.72,46.0,115.43,78.6,125.1,8.56,60.49,4.6,19.03,29.63,0.0461,37.1,50.045,0,none
B102579,M5,Night,12.3,212.08,65.96,110.04,39.29,101.9,9.2,82.81,4.89,15.96,28.32,0.0246,44.58,50.017,0,none
B102580,M1,Evening,12.9,225.17,34.25,120.62,56.66,130.0,10.66,59.75,6.33,14.94,28.71,0.052,57.08,49.95,1,burn_mark
B102581,M4,Day,8.1,248.84,68.43,118.48,59.76,135.4,9.09,48.77,3.38,5.68,14.0,0.0998,65.79,49.285,1,burn_mark
B102582,M1,Day,9.8,222.44,60.0,103.21,69.17,133.6,11.53,56.54,5.62,16.42,27.55,0.005,47.07,48.705,0,none
B102583,M1,Evening,10.1,243.82,47.52,113.63,56.64,116.2,20.95,87.34,6.93,18.98,31.49,0.0464,42.01,49.868,0,none
B102584,M1,Evening,12.6,242.06,46.68,129.15,58.52,147.3,13.86,85.01,5.37,15.71,27.4,0.1181,50.7,51.056,0,none
B102585,M2,Night,9.9,227.74,73.96,135.4,53.08,113.6,17.14,45.91,7.08,12.09,25.9,0.0189,33.85,50.073,1,burn_mark
B102586,M2,Evening,1.7,215.05,69.11,120.36,75.73,111.3,18.37,79.76,7.51,7.6,21.26,0.0681,62.36,49.787,1,burn_mark
B102587,M1,Day,15.0,229.31,53.81,120.88,38.35,156.0,9.57,46.22,6.86,18.27,30.57,0.0343,37.69,50.222,0,none
B102588,M2,Evening,11.3,255.78,56.35,114.59,53.59,92.3,10.67,69.67,4.69,16.17,28.51,0.0125,53.14,50.395,0,none
B102589,M2,Evening,5.0,226.37,48.54,112.46,32.34,77.4,17.06,55.51,5.45,22.95,33.96,0.0636,52.99,50.029,0,none
B102590,M4,Evening,2.9,227.06,56.35,106.21,44.56,98.3,11.46,80.69,6.02,8.75,21.51,0.1143,56.28,50.1,1,warpage
B102591,M5,Night,9.0,225.02,48.26,96.65,64.76,129.7,16.8,76.66,4.8,13.65,24.41,0.0161,52.56,49.534,0,none
B102592,M3,Evening,5.9,247.15,54.21,109.46,65.04,152.1,20.71,81.75,4.75,9.39,20.07,0.005,50.03,49.686,0,none
B102593,M1,Day,8.3,232.57,73.1,133.56,55.3,103.5,8.18,66.46,4.66,21.13,32.46,0.0125,54.29,50.687,0,none
B102594,M2,Evening,10.0,228.74,54.04,113.63,76.86,165.4,12.57,67.7,9.32,22.2,39.05,0.1102,58.35,49.666,0,none
B102595,M5,Evening,4.7,249.13,44.52,114.81,80.31,120.7,13.21,52.01,5.09,25.61,37.01,0.0259,67.96,49.35,0,none
B102596,M1,Night,2.5,240.79,41.34,114.52,58.96,117.1,11.89,57.63,7.1,18.61,31.22,0.0371,38.97,49.925,1,burn_mark
B102597,M2,Evening,8.5,225.81,56.27,138.67,63.76,98.8,11.57,81.38,4.2,19.95,31.62,0.0289,31.61,51.062,0,none
B102598,M5,Evening,4.9,222.76,47.39,106.07,53.21,168.8,12.03,74.41,8.05,18.18,32.73,0.1324,34.53,49.52,1,burn_mark
B102599,M5,Evening,7.6,246.58,57.47,124.16,69.4,116.2,13.94,71.25,4.93,18.87,29.97,0.0728,31.87,49.967,0,none
B102600,M2,Evening,1.6,235.17,38.8,118.97,42.09,86.7,14.66,85.15,5.58,16.25,28.85,0.0159,38.0,50.208,1,burn_mark
B102601,M3,Day,6.0,219.51,61.9,121.02,86.94,181.4,17.81,54.4,2.75,19.09,28.17,0.0771,36.73,48.728,0,none
B102602,M2,Night,9.9,217.17,44.4,123.67,77.1,129.8,13.9,78.64,7.17,26.7,42.33,0.0051,45.84,49.785,1,burn_mark
B102603,M4,Night,9.4,223.84,55.46,120.86,42.02,140.0,18.47,55.85,7.5,17.09,30.6,0.0551,58.55,49.962,0,none
B102604,M1,Evening,3.8,222.61,51.62,131.9,48.16,162.0,11.63,87.73,3.72,16.12,26.99,0.0191,56.26,51.251,1,burn_mark
B102605,M1,Evening,2.3,214.54,72.18,119.56,66.32,135.4,9.19,76.53,7.26,16.99,30.69,0.0267,43.78,49.465,1,burn_mark
B102606,M3,Day,7.1,224.0,56.71,146.17,54.93,144.4,12.78,81.57,3.49,15.25,25.19,0.0137,44.64,51.028,0,none
B102607,M1,Evening,9.2,225.81,74.45,120.67,68.17,121.4,15.85,61.58,6.45,17.23,29.32,0.0349,70.11,49.64,1,burn_mark
B102608,M3,Evening,8.6,230.37,60.61,94.45,54.61,138.3,17.44,96.19,5.07,15.09,25.8,0.0132,55.95,49.739,0,none
B102609,M2,Evening,5.0,251.93,69.25,129.57,82.87,119.1,19.84,93.98,7.5,21.72,35.72,0.005,51.73,50.257,1,burn_mark
B102610,M5,Day,8.2,232.33,52.91,125.88,60.12,119.5,15.16,75.16,5.87,21.22,32.23,0.1296,51.22,49.885,1,burn_mark
B102611,M4,Evening,13.0,233.32,58.46,120.49,96.31,123.0,17.01,84.1,6.9,26.83,39.15,0.0949,47.11,50.544,0,none
B102612,M2,Day,7.8,240.09,67.19,116.11,69.04,110.1,19.48,66.38,7.36,15.88,29.25,0.0372,70.03,50.15,0,none
B102613,M4,Evening,0.5,232.63,64.05,88.28,39.76,132.6,10.88,54.78,5.06,17.44,29.75,0.0095,48.1,49.01,1,short_shot
B102614,M2,Evening,7.8,239.0,60.31,90.8,91.3,132.5,13.16,79.55,5.46,17.23,28.77,0.0237,51.49,49.224,1,short_shot
B102615,M2,Day,15.2,237.81,51.72,144.71,76.48,140.5,25.08,58.97,3.83,17.0,26.9,0.0857,33.51,50.658,0,none
B102616,M1,Evening,1.9,236.23,53.41,111.22,65.7,136.0,17.43,85.72,5.05,21.65,31.64,0.0297,43.64,49.855,0,none
B102617,M5,Night,7.1,262.66,66.38,134.48,69.7,170.0,16.04,82.57,8.39,7.88,23.96,0.094,44.49,50.862,1,burn_mark
B102618,M4,Evening,6.1,244.11,68.46,95.95,42.16,146.3,17.57,72.82,6.63,18.3,32.04,0.0249,54.86,49.435,1,short_shot
B102619,M5,Day,7.4,224.18,49.07,104.3,32.93,114.8,8.66,72.15,3.93,25.98,37.13,0.0416,42.25,49.739,1,burn_mark
B102620,M5,Evening,7.8,238.7,47.56,130.18,59.37,131.3,11.41,81.87,7.95,22.81,35.31,0.0921,50.48,50.202,0,none
B102621,M5,Day,11.6,227.08,45.96,118.46,80.68,155.3,9.95,73.29,6.08,22.24,34.68,0.0369,43.94,49.462,0,none
B102622,M1,Evening,7.3,239.46,63.3,128.07,65.94,96.3,15.67,65.15,6.75,20.21,32.02,0.0256,38.99,50.33,0,none
B102623,M5,Evening,12.1,221.25,45.71,119.8,85.64,170.4,12.52,51.83,6.24,13.02,26.03,0.039,38.59,49.044,1,burn_mark
B102624,M3,Day,6.5,223.92,63.18,116.88,79.82,100.6,14.38,81.51,6.13,12.25,24.7,0.1396,48.27,49.16,1,burn_mark
B102625,M2,Evening,5.6,238.44,60.46,109.8,60.31,142.5,12.76,74.4,2.5,12.29,21.31,0.1254,51.03,49.698,0,none
B102626,M3,Evening,4.3,244.98,49.55,102.09,77.76,120.2,7.49,103.07,7.16,10.31,22.75,0.0106,48.06,50.287,0,none
B102627,M2,Night,0.0,240.03,70.64,141.04,82.84,118.7,17.54,68.85,2.12,20.73,27.81,0.0337,41.67,50.496,0,none
B102628,M2,Day,8.1,243.54,40.38,143.51,58.8,87.4,6.95,73.62,7.02,23.34,35.73,0.081,48.62,50.327,1,short_shot
B102629,M1,Day,15.2,238.74,71.6,104.42,56.79,142.7,11.09,73.91,5.65,18.17,30.13,0.005,46.77,50.06,0,none
B102630,M1,Evening,8.8,236.72,58.19,103.44,62.11,87.8,8.74,77.81,6.75,20.02,32.53,0.0196,39.58,49.578,0,none
B102631,M2,Day,9.7,229.96,34.27,114.78,23.82,83.9,10.48,58.4,5.74,17.47,29.46,0.005,50.83,50.016,0,none
B102632,M5,Evening,5.3,243.13,70.92,125.11,64.21,149.0,14.81,69.07,7.07,18.84,30.89,0.1584,68.1,50.58,1,burn_mark
B102633,M3,Day,6.0,245.25,64.72,117.27,70.81,164.7,18.94,79.93,5.52,5.41,16.93,0.1051,48.5,50.119,1,warpage
B102634,M3,Day,10.9,234.37,50.72,127.49,62.17,103.3,7.76,66.01,5.92,17.57,30.89,0.0063,35.39,49.446,0,none
B102635,M2,Evening,15.0,233.83,45.35,119.26,65.17,145.1,11.77,79.48,6.11,13.87,26.31,0.0263,64.69,50.713,0,none
B102636,M2,Day,13.0,250.91,39.31,118.28,59.35,139.9,7.0,71.16,8.32,15.8,30.51,0.0718,62.57,49.444,0,none
B102637,M1,Evening,10.2,234.8,79.15,156.2,30.04,117.7,11.58,74.82,6.4,17.13,29.93,0.0179,64.33,51.362,0,none
B102638,M4,Day,7.1,235.76,45.77,112.12,84.94,153.4,14.29,83.81,3.52,12.42,21.43,0.0637,49.58,50.255,0,none
B102639,M1,Evening,7.8,239.84,42.36,144.6,54.48,115.9,17.07,67.27,4.65,10.62,22.91,0.0214,42.16,50.567,0,none
B102640,M4,Day,4.0,234.02,57.68,141.7,50.73,132.9,5.53,52.58,6.4,12.27,25.02,0.0955,41.07,50.157,0,none
B102641,M4,Night,1.2,226.8,38.62,127.56,80.37,88.7,16.2,66.8,7.39,8.76,22.33,0.0116,61.41,49.76,1,warpage
B102642,M3,Night,2.5,238.78,45.18,91.11,74.68,89.7,10.11,60.09,4.42,10.22,21.33,0.0535,66.06,48.782,1,short_shot
B102643,M5,Day,7.2,234.61,64.95,120.47,64.1,149.2,9.14,44.49,8.86,10.91,26.71,0.0445,40.8,49.156,0,none
B102644,M2,Evening,5.8,253.42,59.64,112.28,71.54,133.8,14.27,68.72,5.76,8.82,19.34,0.0115,25.0,49.681,0,none
B102645,M5,Day,1.1,242.88,51.14,120.3,42.68,116.4,16.51,72.39,6.13,18.64,30.83,0.0749,49.82,50.724,0,none
B102646,M4,Evening,6.9,229.05,55.18,104.06,58.79,167.7,13.6,82.25,3.62,11.5,23.35,0.0179,40.96,49.504,0,none
B102647,M4,Day,5.7,242.29,50.58,131.34,79.42,167.4,9.63,56.33,7.17,6.68,21.51,0.0099,42.93,50.158,1,warpage
B102648,M3,Evening,2.3,238.08,54.38,134.77,49.84,131.0,13.6,71.06,4.83,13.99,24.72,0.0994,47.62,50.293,1,short_shot
B102649,M4,Day,5.5,248.09,47.38,137.55,45.03,83.6,11.1,83.54,4.38,10.43,21.54,0.0152,54.1,51.628,0,none
B102650,M5,Night,5.7,229.76,49.2,114.27,61.18,117.2,16.42,63.1,5.02,23.3,33.99,0.1834,42.19,49.928,0,none
B102651,M2,Evening,4.5,236.89,48.89,104.11,61.53,99.2,18.3,76.43,7.57,16.66,30.59,0.0624,51.36,49.634,0,none
B102652,M4,Evening,10.7,234.01,47.74,125.28,69.71,122.2,18.05,89.17,6.2,8.65,20.39,0.2601,48.74,50.654,1,burn_mark
B102653,M4,Day,0.0,235.58,65.44,146.34,39.33,96.6,13.92,47.65,4.17,18.84,28.53,0.0728,26.95,51.091,1,short_shot
B102654,M2,Day,0.0,226.15,62.7,121.04,21.76,90.1,18.49,73.27,4.7,16.42,26.54,0.005,55.45,49.996,0,none
B102655,M5,Day,7.0,240.76,45.68,126.78,73.82,63.4,9.92,83.95,7.61,14.81,30.1,0.1075,45.49,50.061,1,burn_mark
B102656,M2,Night,7.4,239.18,43.06,116.48,43.76,124.2,21.13,65.79,5.15,23.87,34.54,0.2454,37.36,50.166,1,burn_mark
B102657,M3,Night,8.6,247.85,53.43,112.45,50.85,62.5,9.89,86.64,6.34,11.12,24.6,0.0398,42.74,49.938,0,none
B102658,M1,Day,4.8,234.9,76.55,129.87,27.25,112.0,5.88,77.61,6.71,21.18,33.45,0.0836,52.03,50.231,0,none
B102659,M1,Evening,3.3,230.88,44.72,118.41,75.34,137.4,19.46,91.23,1.5,13.95,20.91,0.0537,50.46,49.601,0,none
B102660,M4,Evening,7.0,242.89,53.39,126.05,65.26,101.9,11.16,76.99,7.4,15.91,29.69,0.0081,56.44,50.439,1,burn_mark
B102661,M2,Day,5.2,227.06,55.89,127.61,64.65,92.9,14.47,92.23,4.22,12.25,21.17,0.0121,54.37,49.795,0,none
B102662,M2,Evening,13.2,245.85,53.91,125.21,64.55,118.3,9.88,73.6,4.96,12.57,24.19,0.005,38.28,50.204,0,none
B102663,M1,Day,5.7,245.83,50.42,128.37,29.1,99.3,23.45,53.59,7.81,13.82,27.49,0.0916,25.0,49.194,0,none
B102664,M2,Day,6.8,247.57,66.55,107.2,45.22,124.6,21.29,62.43,7.67,6.5,19.62,0.0617,51.21,49.954,1,burn_mark
B102665,M4,Evening,16.9,238.77,59.54,106.29,53.22,94.2,20.19,82.22,6.24,17.73,29.21,0.005,56.31,50.134,0,none
B102666,M5,Day,6.2,230.14,63.46,119.36,48.77,117.4,14.35,81.98,6.59,16.57,31.14,0.0778,47.98,50.185,0,none
B102667,M1,Night,9.2,236.09,60.89,119.72,55.93,111.3,17.92,66.27,6.97,8.51,21.44,0.0074,56.61,50.388,0,none
B102668,M3,Evening,9.6,238.8,63.94,112.17,63.69,119.7,13.79,91.65,7.65,19.3,32.87,0.1317,39.98,50.496,0,none
B102669,M2,Night,9.9,229.4,70.84,123.62,75.1,160.9,18.49,65.75,7.84,23.29,37.99,0.1779,46.54,49.512,1,burn_mark
B102670,M3,Evening,8.2,248.33,68.31,133.62,37.8,125.0,12.36,75.54,5.66,12.68,23.5,0.005,40.79,50.634,1,burn_mark
B102671,M2,Night,7.8,240.8,78.25,137.81,59.87,132.6,20.34,75.21,4.39,12.08,23.6,0.0495,56.97,51.036,1,short_shot
B102672,M2,Day,7.4,226.08,67.17,141.18,70.67,104.4,12.16,54.03,5.12,21.57,32.65,0.0445,40.9,50.315,1,short_shot
B102673,M2,Evening,4.7,253.83,48.31,100.28,46.14,125.6,12.61,68.67,5.69,18.02,28.32,0.0214,70.6,49.709,0,none
B102674,M3,Evening,8.3,235.97,63.47,102.56,57.11,113.1,12.13,98.56,5.42,15.32,26.21,0.2249,44.98,49.476,0,none
B102675,M3,Night,15.1,224.06,62.1,115.66,67.0,120.7,14.77,58.93,3.98,20.07,28.96,0.0321,57.98,49.739,0,none
B102676,M2,Day,11.8,226.7,74.2,121.2,60.17,136.2,12.45,77.5,6.16,17.37,29.61,0.0058,45.11,50.083,0,none
B102677,M4,Evening,8.2,249.88,45.33,116.42,70.11,107.5,15.95,56.15,3.15,23.14,31.5,0.0996,63.38,49.717,0,none
B102678,M4,Night,10.4,253.25,60.58,111.71,61.42,110.0,12.08,58.81,5.63,15.92,26.64,0.0438,63.0,48.793,0,none
B102679,M2,Day,3.5,245.09,48.19,115.43,55.32,107.8,17.16,53.03,5.72,18.13,30.15,0.0547,46.76,49.908,0,none
B102680,M4,Night,6.0,248.19,60.13,127.25,42.41,107.4,20.07,81.29,5.67,21.49,33.21,0.0316,52.75,50.796,0,none
B102681,M5,Day,10.8,247.17,52.85,100.06,63.71,124.3,14.31,59.54,6.78,4.0,17.99,0.0426,62.74,49.149,1,warpage
B102682,M1,Day,12.9,240.57,59.79,155.15,61.5,110.9,22.87,85.21,6.58,21.67,35.41,0.0331,53.04,51.134,1,short_shot
B102683,M3,Evening,3.9,238.29,40.9,120.31,45.11,157.4,18.51,63.62,8.83,13.47,28.37,0.0378,40.79,50.119,0,none
B102684,M2,Evening,5.1,240.4,62.93,135.76,68.73,187.0,22.55,71.54,4.72,18.5,29.72,0.0066,50.7,50.661,0,none
B102685,M4,Day,15.7,242.36,57.06,111.3,79.02,105.8,13.76,74.94,5.92,24.32,34.83,0.0469,42.52,49.624,0,none
B102686,M1,Day,7.4,227.58,56.52,128.62,50.1,127.4,7.35,50.6,5.82,14.47,26.99,0.027,51.51,50.054,0,none
B102687,M3,Day,14.3,242.32,74.5,121.5,49.09,146.0,11.18,72.44,5.75,13.72,25.89,0.005,42.13,49.91,0,none
B102688,M2,Night,7.8,249.59,51.18,132.85,48.54,113.4,11.58,74.2,3.6,15.73,26.28,0.0407,53.73,50.575,0,none
B102689,M3,Night,8.0,232.94,58.42,117.02,34.82,95.1,10.19,83.68,3.72,8.74,18.16,0.0191,32.11,50.645,0,none
B102690,M5,Evening,5.8,231.87,56.0,143.27,90.07,163.5,5.22,58.49,5.51,27.0,38.21,0.125,38.78,49.979,0,none
B102691,M2,Day,10.8,239.77,56.98,97.62,53.27,137.2,18.1,60.2,3.14,15.79,24.63,0.0138,42.07,49.872,0,none
B102692,M5,Evening,12.4,228.5,77.22,134.24,47.12,128.0,6.56,77.91,5.0,24.23,36.66,0.0754,48.4,50.714,0,none
B102693,M5,Night,2.9,221.83,55.64,121.78,43.1,156.3,17.72,86.95,4.53,14.33,25.15,0.0283,34.88,49.955,0,none
B102694,M5,Evening,5.6,246.48,49.33,104.73,54.18,139.3,22.74,62.89,5.05,16.17,25.73,0.005,41.17,49.081,1,burn_mark
B102695,M1,Day,10.7,230.49,73.71,149.28,49.57,118.8,10.89,55.18,7.2,20.72,34.56,0.0379,57.78,50.893,1,short_shot
B102696,M4,Day,6.5,235.18,51.92,147.73,81.57,95.6,15.55,66.2,3.88,10.49,19.91,0.0426,58.97,50.33,0,none
B102697,M1,Night,5.0,228.9,38.95,88.89,41.27,107.7,12.41,57.84,6.8,15.49,29.38,0.0487,25.0,49.24,1,short_shot
B102698,M2,Night,11.0,247.77,47.59,122.65,36.92,150.1,17.31,74.77,4.64,20.53,31.72,0.0965,44.13,50.408,0,none
B102699,M5,Day,11.4,243.53,42.53,130.58,68.28,137.1,9.22,57.04,4.83,14.93,27.01,0.0577,62.75,50.188,0,none
B102700,M3,Night,5.2,232.59,37.0,126.63,58.39,115.3,13.47,81.67,6.2,13.58,26.82,0.0084,53.86,50.295,1,short_shot
B102701,M3,Day,7.8,223.2,51.37,142.73,56.66,164.2,18.48,72.55,5.09,21.58,33.6,0.09,54.07,50.679,1,short_shot
B102702,M2,Day,2.2,231.53,54.3,139.61,68.39,116.1,13.8,82.05,4.16,23.01,34.3,0.1092,55.64,50.949,0,none
B102703,M4,Night,3.4,240.7,66.81,123.98,62.05,144.7,7.49,40.92,4.94,23.8,35.56,0.0701,40.41,49.609,1,burn_mark
B102704,M4,Evening,7.5,236.89,61.29,154.16,59.3,125.5,18.97,48.9,2.84,12.63,20.77,0.2793,52.14,50.869,1,burn_mark
B102705,M2,Evening,7.1,236.09,60.84,134.05,38.92,168.3,8.82,85.51,6.07,13.1,24.03,0.1729,54.72,50.365,0,none
B102706,M5,Night,3.1,237.12,46.07,114.73,34.98,138.8,14.31,61.37,1.5,13.64,20.31,0.1303,51.07,50.097,0,none
B102707,M1,Night,4.1,242.59,63.85,111.71,49.49,121.2,16.33,52.4,6.83,19.59,33.16,0.1375,46.06,49.626,0,none
B102708,M1,Day,2.7,234.58,68.91,138.65,43.73,115.5,14.48,67.57,6.42,10.02,20.22,0.0775,49.52,50.575,0,none
B102709,M3,Evening,8.8,239.5,58.95,108.11,64.04,119.6,24.15,72.91,7.9,10.3,24.19,0.0991,38.6,48.892,0,none
B102710,M5,Night,0.0,225.13,59.23,113.85,33.02,101.9,16.94,68.1,8.77,12.43,26.94,0.0169,56.14,49.315,0,none
B102711,M1,Evening,3.0,260.54,42.35,116.41,53.29,85.8,13.19,75.62,6.9,11.31,25.44,0.0294,35.65,50.534,1,burn_mark
B102712,M1,Night,0.0,232.16,65.54,125.33,57.4,127.7,16.41,73.99,4.56,20.42,30.86,0.008,41.84,50.347,1,flash
B102713,M1,Evening,8.7,237.04,72.81,117.1,59.41,106.7,14.84,73.36,8.76,20.08,34.48,0.0077,56.82,50.16,0,none
B102714,M5,Day,0.0,240.66,58.23,100.25,65.98,106.6,14.18,86.18,3.71,13.59,24.62,0.0182,52.9,49.754,0,none
B102715,M1,Day,7.1,230.89,49.06,137.43,55.1,117.8,14.98,69.83,2.65,15.03,23.58,0.0342,45.16,50.087,0,none
B102716,M3,Night,13.6,235.08,53.38,113.93,49.99,121.3,12.26,69.48,8.28,4.0,18.03,0.0091,32.88,49.549,0,none
B102717,M5,Night,13.7,234.96,50.8,150.3,78.67,120.2,14.85,79.63,6.4,13.71,25.63,0.005,49.54,50.176,0,none
B102718,M1,Day,0.0,225.86,51.4,124.56,55.2,163.5,11.98,76.63,2.69,22.22,31.19,0.0703,43.7,50.224,0,none
B102719,M3,Day,8.2,239.39,61.48,139.01,81.29,136.6,6.42,59.17,3.47,13.44,22.58,0.0254,54.8,50.873,0,none
B102720,M3,Night,3.0,218.51,57.79,129.46,55.12,172.7,18.56,68.89,6.33,10.54,22.54,0.1017,44.83,50.031,1,burn_mark
B102721,M4,Day,2.2,252.53,65.04,139.73,59.76,109.0,11.74,75.26,4.2,22.88,34.53,0.0434,32.49,50.696,0,none
B102722,M2,Day,6.5,242.93,58.71,128.56,57.92,139.6,14.57,62.96,4.41,10.43,20.89,0.0415,36.16,50.265,1,burn_mark
B102723,M2,Night,11.9,241.39,46.36,123.53,63.47,110.4,10.96,63.53,8.45,23.73,37.73,0.0059,45.73,49.99,1,burn_mark
B102724,M1,Night,9.4,217.63,49.99,136.4,53.7,106.0,11.08,53.3,8.72,30.44,44.17,0.0113,51.09,49.353,0,none
B102725,M4,Night,4.1,227.07,49.37,157.29,61.44,173.6,9.84,35.41,5.72,15.45,27.37,0.02,38.36,50.382,0,none
B102726,M4,Evening,9.8,248.89,53.14,115.95,82.96,100.8,17.79,65.51,5.27,22.22,32.93,0.0347,42.42,49.73,0,none
B102727,M1,Day,0.0,265.0,72.95,131.92,75.73,64.2,18.76,71.53,6.85,7.66,20.14,0.0584,57.92,50.621,1,burn_mark
B102728,M2,Night,4.0,246.95,74.55,119.92,75.84,102.3,14.1,56.86,4.66,7.44,17.24,0.1172,61.1,50.451,1,burn_mark
B102729,M5,Day,3.7,245.37,63.37,127.59,39.87,69.8,11.85,86.53,2.15,12.02,20.37,0.0221,52.77,50.88,1,burn_mark
B102730,M1,Day,7.3,240.25,56.19,120.63,42.3,96.2,7.23,57.44,1.5,20.11,26.31,0.0247,47.15,50.661,0,none
B102731,M2,Night,6.2,226.53,41.38,87.63,63.27,98.5,17.18,80.95,5.39,16.01,27.81,0.0268,43.79,48.799,0,none
B102732,M3,Evening,6.4,244.95,57.2,117.0,71.56,120.9,11.29,75.02,6.82,15.07,27.34,0.1139,55.39,49.516,0,none
B102733,M2,Night,6.3,223.99,47.1,134.99,52.21,68.8,9.53,96.12,5.52,9.55,21.79,0.1523,46.84,50.601,1,burn_mark
B102734,M2,Day,7.1,222.89,71.31,108.52,49.54,149.9,14.12,76.48,6.71,15.36,28.56,0.1767,59.2,50.119,1,burn_mark
B102735,M2,Night,9.2,222.26,38.94,133.81,80.91,73.1,12.66,52.64,6.86,12.78,25.75,0.0405,59.73,49.402,1,burn_mark
B102736,M1,Evening,7.6,244.76,58.84,122.75,70.29,116.8,7.93,82.65,7.58,11.39,25.81,0.0134,54.1,49.88,1,burn_mark
B102737,M3,Evening,5.9,234.43,46.26,117.13,75.87,111.9,8.48,90.37,5.78,10.96,24.3,0.0353,45.02,50.273,0,none
B102738,M4,Night,8.6,236.01,54.9,133.59,53.38,140.6,15.35,48.73,5.91,16.96,30.14,0.0337,45.8,49.929,0,none
B102739,M3,Day,10.3,234.85,61.66,130.22,52.2,128.8,11.38,77.67,5.44,12.4,22.53,0.0082,33.56,50.737,0,none
B102740,M1,Evening,4.8,223.74,65.22,126.31,74.23,149.7,16.04,80.32,5.11,15.97,26.47,0.065,49.47,49.849,0,none
B102741,M4,Evening,6.8,228.29,54.39,135.24,56.06,111.0,14.59,67.45,3.14,7.15,15.81,0.0678,49.16,50.022,0,none
B102742,M1,Night,11.6,228.8,62.61,123.05,50.84,108.4,18.19,40.94,7.26,18.52,32.41,0.0325,36.22,50.089,0,none
B102743,M4,Night,2.6,220.95,48.38,95.33,46.3,130.3,10.67,66.45,4.92,17.2,27.61,0.0442,73.64,48.824,1,burn_mark
B102744,M2,Evening,14.2,229.96,57.46,114.33,52.33,145.7,14.93,63.03,4.84,14.84,25.12,0.0231,55.56,49.399,0,none
B102745,M4,Day,1.6,224.19,65.02,92.93,73.13,140.6,16.55,88.36,4.69,16.81,26.76,0.0619,41.6,49.423,1,short_shot
B102746,M1,Day,5.6,240.78,58.32,129.86,37.36,128.0,11.5,68.94,3.49,20.67,30.46,0.0053,70.54,49.612,0,none
B102747,M1,Night,3.2,241.61,49.71,133.44,69.44,125.8,18.51,65.05,5.37,8.76,20.76,0.0473,45.04,50.566,0,none
B102748,M2,Night,15.8,222.06,52.21,134.13,49.38,119.1,7.33,62.96,6.27,16.33,27.4,0.0064,58.3,50.821,0,none
B102749,M1,Night,5.0,232.03,65.16,127.34,56.85,130.2,10.67,73.91,4.44,9.47,19.4,0.005,50.88,50.588,1,warpage
B102750,M1,Day,5.0,253.56,44.08,134.52,57.81,170.9,7.19,70.68,7.06,16.44,27.6,0.034,45.38,50.385,0,none
B102751,M4,Day,5.5,225.19,45.56,96.35,56.69,113.9,11.06,60.52,4.95,14.71,23.26,0.1249,46.63,48.734,0,none
B102752,M4,Night,7.4,239.27,61.02,118.39,55.69,110.9,13.38,73.17,3.2,15.88,25.56,0.0321,64.37,50.145,0,none
B102753,M1,Night,5.7,236.06,50.61,98.78,53.33,109.0,17.33,63.31,7.56,20.24,34.12,0.081,58.76,49.44,0,none
B102754,M5,Day,6.5,245.93,40.47,114.63,51.43,129.7,13.38,38.89,5.8,20.09,32.06,0.0166,48.78,50.031,0,none
B102755,M4,Evening,0.0,237.95,68.51,144.24,79.8,67.0,11.62,78.02,6.79,21.43,35.82,0.1504,29.5,51.283,1,burn_mark
B102756,M5,Day,7.2,230.69,44.0,136.4,60.38,116.6,7.8,76.88,6.83,14.02,25.17,0.0179,53.04,50.486,1,short_shot
B102757,M3,Evening,7.1,235.67,53.01,129.93,58.11,142.0,9.14,72.4,4.08,19.52,27.52,0.089,37.54,50.189,1,short_shot
B102758,M3,Day,11.2,235.81,48.8,117.28,50.33,106.8,15.24,64.69,4.72,18.53,28.13,0.0104,55.39,49.647,0,none
B102759,M3,Day,12.2,234.08,52.02,105.1,53.88,124.7,17.53,69.14,7.05,14.14,25.08,0.318,42.86,49.809,0,none
B102760,M3,Day,6.2,221.81,46.15,122.81,50.38,172.7,12.32,79.83,8.25,16.59,30.23,0.0908,43.91,50.557,1,burn_mark
B102761,M5,Night,10.3,247.43,62.14,136.66,71.48,128.3,18.84,62.42,5.59,15.34,27.52,0.2284,43.62,50.444,1,burn_mark
B102762,M1,Evening,2.6,245.66,56.11,126.15,48.7,64.0,10.2,80.32,4.56,22.97,33.83,0.1152,60.21,50.663,0,none
B102763,M2,Night,10.1,224.56,64.84,96.21,26.31,84.8,12.44,52.3,8.02,20.05,35.1,0.0407,32.34,49.852,0,none
B102764,M1,Evening,4.7,231.99,48.91,121.57,60.87,113.7,12.78,72.02,4.56,14.32,25.25,0.0923,57.38,50.272,0,none
B102765,M5,Evening,2.3,232.75,76.33,91.3,55.81,99.9,20.12,70.31,5.99,13.97,25.56,0.0398,53.42,48.435,0,none
B102766,M2,Day,6.3,223.43,35.95,132.06,51.21,122.6,14.53,82.03,4.86,20.79,31.12,0.0576,49.27,50.505,0,none
B102767,M3,Evening,12.6,216.33,39.15,109.6,73.67,112.6,6.81,58.97,5.9,22.7,35.04,0.009,45.52,49.121,1,burn_mark
B102768,M4,Day,7.7,228.29,72.53,101.65,19.0,149.2,17.81,60.28,4.08,17.58,26.13,0.196,54.86,49.47,1,burn_mark
B102769,M5,Evening,13.0,231.44,59.74,132.27,83.64,92.7,21.38,53.27,4.94,19.29,27.05,0.0799,45.6,50.185,0,none
B102770,M1,Night,4.0,220.59,58.41,128.39,75.82,114.8,13.0,63.2,4.56,22.52,33.46,0.005,45.51,49.626,0,none
B102771,M4,Night,11.2,236.77,59.31,123.49,50.58,125.4,10.41,73.07,6.49,15.13,27.85,0.0941,50.64,49.942,0,none
B102772,M5,Day,4.4,246.63,60.71,152.88,53.24,128.5,17.46,48.43,5.74,16.42,29.73,0.0489,67.2,50.548,0,none
B102773,M1,Evening,7.9,243.42,58.0,129.52,67.57,123.7,21.86,64.69,6.82,18.43,31.95,0.0589,34.87,50.466,1,burn_mark
B102774,M4,Day,7.9,233.73,45.34,110.33,67.97,59.7,17.39,77.33,4.26,13.86,24.43,0.0701,55.01,49.283,0,none
B102775,M2,Day,9.6,216.6,63.18,127.79,50.49,122.1,7.51,68.77,5.19,24.5,35.37,0.0128,48.57,49.855,1,burn_mark
B102776,M3,Evening,8.0,242.16,61.61,115.71,35.75,116.2,17.02,70.9,6.44,13.81,25.44,0.067,47.79,50.536,0,none
B102777,M3,Evening,4.0,236.46,69.28,139.0,91.71,141.6,15.62,51.93,6.79,16.31,28.81,0.116,34.73,49.437,1,burn_mark
B102778,M2,Evening,10.5,239.24,72.64,124.21,74.34,138.1,10.18,68.8,3.33,25.58,35.87,0.0592,32.44,49.66,0,none
B102779,M1,Day,13.9,254.36,58.3,125.7,62.35,126.0,19.16,70.34,5.98,6.69,19.13,0.0169,53.4,49.851,1,burn_mark
B102780,M1,Night,4.7,226.75,42.72,98.36,62.64,127.8,15.75,68.04,4.28,17.08,28.29,0.0945,37.31,48.848,1,burn_mark
B102781,M1,Night,0.0,206.25,72.73,120.92,69.32,153.8,19.26,71.83,6.86,12.7,25.67,0.1287,60.16,49.357,1,burn_mark
B102782,M3,Evening,9.0,224.47,44.82,119.16,71.12,148.8,9.75,66.29,8.29,16.0,29.39,0.183,39.84,49.548,1,burn_mark
B102783,M2,Night,5.7,239.86,58.38,104.64,28.7,126.9,15.6,64.53,1.58,9.97,18.71,0.2551,55.51,49.495,1,burn_mark
B102784,M1,Day,6.5,235.27,52.43,116.68,54.74,173.6,10.42,57.52,4.52,14.15,25.73,0.2015,44.24,49.574,1,burn_mark
B102785,M3,Evening,9.2,222.84,50.69,126.54,53.18,104.3,14.99,81.69,5.9,16.12,28.21,0.0793,43.76,50.659,0,none
B102786,M3,Night,5.2,220.8,62.64,119.93,57.58,90.4,19.91,55.28,5.49,17.19,29.24,0.0161,40.86,49.632,1,burn_mark
B102787,M3,Night,5.9,231.45,57.44,98.82,71.56,119.7,8.29,71.9,6.91,20.48,33.89,0.0856,54.37,49.981,0,none
B102788,M5,Night,6.6,222.54,60.13,115.9,33.15,110.7,8.52,91.76,5.62,4.38,15.53,0.005,57.16,50.158,0,none
B102789,M2,Evening,12.9,240.21,46.84,112.98,39.76,58.4,17.82,83.22,4.71,15.37,25.82,0.1096,46.84,50.177,1,burn_mark
B102790,M4,Night,7.1,230.89,53.26,122.9,49.77,103.7,13.94,76.11,3.97,15.13,24.19,0.1638,55.91,50.304,1,burn_mark
B102791,M1,Evening,2.1,228.73,47.3,121.28,62.32,128.6,18.69,73.0,3.72,15.68,25.13,0.005,50.13,49.801,0,none
B102792,M4,Day,2.2,227.42,53.01,113.83,72.48,118.5,10.77,68.47,4.39,16.16,27.58,0.1687,36.66,49.536,1,burn_mark
B102793,M5,Day,7.6,237.63,53.81,113.24,84.47,100.6,14.2,59.18,4.65,11.85,23.34,0.0283,53.79,48.704,0,none
B102794,M4,Night,2.5,235.43,73.44,121.01,55.7,121.1,16.75,66.95,6.08,8.27,20.9,0.049,46.99,49.889,0,none
B102795,M3,Evening,0.8,237.02,52.41,134.44,72.46,123.1,14.84,76.9,5.26,17.09,29.31,0.005,25.0,50.784,0,none
B102796,M3,Evening,9.5,236.8,33.74,124.18,70.65,137.9,6.85,74.68,4.52,11.03,21.19,0.0664,46.09,50.806,0,none
B102797,M2,Night,9.7,234.28,68.95,141.35,68.13,104.0,25.29,79.46,3.99,18.01,26.83,0.0063,33.06,51.245,0,none
B102798,M3,Evening,5.5,224.67,59.49,137.0,59.64,141.8,14.85,84.64,4.45,11.31,21.6,0.0162,37.68,50.695,1,burn_mark
B102799,M4,Day,8.2,227.7,53.69,142.45,54.01,92.7,8.64,68.1,4.65,19.46,30.04,0.1245,47.51,50.754,0,none
B102800,M5,Evening,7.8,231.05,50.63,140.53,44.02,107.4,15.26,72.3,4.38,15.73,26.78,0.1113,49.25,50.878,0,none
B102801,M2,Evening,9.4,255.65,45.53,143.44,43.03,162.5,15.72,47.21,6.51,16.07,29.1,0.0795,41.65,50.533,1,burn_mark
B102802,M1,Night,9.4,221.51,74.38,102.7,65.21,94.4,17.98,97.07,7.55,14.77,29.33,0.0349,55.27,49.432,1,burn_mark
B102803,M3,Evening,0.0,230.81,55.52,129.71,59.18,103.5,17.71,65.03,3.74,13.97,21.69,0.0935,48.85,50.224,0,none
B102804,M1,Evening,6.0,235.98,37.62,138.27,53.77,88.7,13.14,77.82,7.18,14.84,27.22,0.0159,45.76,50.743,0,none
B102805,M1,Evening,9.1,231.97,58.28,140.99,69.97,99.3,7.11,65.03,6.54,21.91,34.36,0.0693,50.43,50.679,0,none
B102806,M2,Evening,5.4,245.74,67.06,108.44,56.99,123.5,15.85,64.75,5.77,8.33,20.58,0.005,62.05,48.906,1,burn_mark
B102807,M4,Night,7.1,231.92,56.56,129.86,46.3,137.7,7.43,67.16,7.79,12.76,28.64,0.0578,28.5,50.269,0,none
B102808,M1,Day,10.0,232.65,45.98,121.13,56.0,119.5,18.86,55.06,5.24,21.28,31.55,0.0439,63.0,50.163,0,none
B102809,M1,Night,7.3,243.15,45.09,147.71,72.31,111.9,11.07,40.24,6.1,20.1,31.49,0.0063,43.83,50.437,1,short_shot
B102810,M1,Evening,13.0,253.11,45.83,99.19,44.65,88.9,16.54,83.92,5.69,22.72,33.98,0.021,42.21,49.735,0,none
B102811,M5,Day,11.5,249.07,70.22,108.46,63.14,101.8,11.38,76.55,5.57,15.7,26.53,0.0837,45.98,49.506,0,none
B102812,M3,Evening,6.5,233.63,54.28,92.84,59.17,81.3,12.03,59.01,6.19,9.41,20.71,0.0078,41.13,48.937,0,none
B102813,M1,Evening,6.2,234.5,38.21,122.17,48.59,138.4,10.8,75.42,5.57,10.46,22.08,0.0874,39.6,50.555,0,none
B102814,M1,Evening,0.0,235.47,58.84,153.96,55.6,140.2,16.86,79.89,6.2,14.51,27.69,0.0199,58.47,51.448,0,none
B102815,M3,Night,5.7,236.47,56.41,119.33,36.42,119.0,11.51,61.68,4.5,19.8,30.42,0.0144,51.6,50.112,0,none
B102816,M2,Day,1.6,226.53,50.51,121.52,61.64,131.0,17.07,74.94,4.54,14.73,24.41,0.1494,30.82,50.225,0,none
B102817,M3,Day,7.9,244.37,44.8,128.25,39.53,141.9,11.62,82.08,4.49,14.34,24.63,0.0235,56.74,50.925,0,none
B102818,M2,Day,7.6,237.07,44.36,118.26,76.09,122.5,13.07,52.74,4.95,17.98,27.9,0.0767,55.28,49.682,0,none
B102819,M5,Evening,9.8,234.55,65.87,125.49,58.62,154.8,14.14,76.4,7.02,16.14,30.14,0.0227,35.15,50.628,0,none
B102820,M2,Evening,12.6,222.29,57.48,125.88,51.42,94.4,14.62,74.37,4.81,13.8,26.07,0.0634,51.8,50.003,0,none
B102821,M3,Night,6.9,235.62,59.79,107.32,77.41,111.3,10.3,92.57,6.48,10.99,21.88,0.0859,56.2,49.596,0,none
B102822,M1,Evening,16.1,216.07,57.45,118.59,44.52,108.3,16.82,76.68,5.9,20.73,32.86,0.0104,33.96,50.217,0,none
B102823,M5,Day,7.9,229.18,58.28,131.13,48.78,136.2,12.91,65.07,4.84,21.24,31.3,0.011,52.85,50.081,0,none
B102824,M5,Day,1.8,229.37,50.32,133.93,32.56,84.1,16.18,66.46,7.46,10.71,24.24,0.023,43.25,49.856,0,none
B102825,M4,Day,4.8,237.87,52.94,139.48,79.64,156.2,13.94,94.28,6.6,13.99,26.51,0.0327,55.42,51.416,0,none
B102826,M2,Evening,5.5,253.8,66.65,125.03,88.09,134.0,16.35,65.74,5.5,19.33,29.5,0.005,40.66,50.156,0,none
B102827,M1,Day,9.4,240.72,69.15,125.34,34.9,163.8,12.35,77.03,5.38,10.31,22.9,0.0389,60.42,50.711,0,none
B102828,M4,Evening,3.2,249.48,42.78,131.25,47.76,119.0,10.84,67.14,5.64,17.83,29.31,0.0223,47.56,50.555,0,none
B102829,M4,Night,5.8,241.45,52.92,111.08,61.05,106.2,15.71,82.98,3.21,14.37,23.1,0.0287,43.85,50.371,0,none
B102830,M1,Evening,6.4,246.25,63.39,110.46,52.26,136.4,12.03,83.57,4.26,9.92,20.3,0.0809,42.77,49.782,0,none
B102831,M2,Day,5.2,253.57,73.82,118.13,59.53,145.8,19.84,69.73,6.19,24.89,36.21,0.3136,58.74,50.223,1,burn_mark
B102832,M2,Day,10.2,227.68,72.82,100.87,58.24,102.1,14.27,65.12,3.13,14.29,23.23,0.0686,42.77,49.335,0,none
B102833,M4,Evening,9.6,227.03,47.04,126.1,66.11,70.1,8.51,64.83,4.38,18.62,27.16,0.0591,60.6,50.092,0,none
B102834,M3,Evening,11.7,241.69,67.75,135.74,45.59,74.3,11.66,49.27,4.91,10.39,18.95,0.0825,52.13,49.704,0,none
B102835,M3,Day,5.7,234.96,55.59,109.35,62.89,126.5,10.0,71.21,9.86,23.76,38.65,0.115,36.14,49.883,0,none
B102836,M3,Night,11.8,237.2,65.44,126.53,43.26,158.5,18.29,70.96,6.51,25.74,37.72,0.0562,50.26,50.269,0,none
B102837,M2,Evening,1.5,232.51,62.88,110.56,53.82,87.5,17.09,60.21,7.15,8.49,19.88,0.0722,50.47,49.317,1,warpage
B102838,M2,Evening,1.4,229.04,42.36,104.75,33.95,113.2,13.76,47.98,4.29,15.18,24.97,0.0442,35.82,48.727,0,none
B102839,M1,Day,2.1,251.21,60.5,150.83,53.93,111.3,15.16,72.48,6.04,22.64,34.15,0.0397,50.08,52.06,1,burn_mark
B102840,M4,Day,7.0,224.0,65.06,104.97,51.41,168.0,13.65,73.99,2.86,13.66,22.46,0.0188,55.42,49.505,0,none
B102841,M2,Day,11.8,241.86,54.8,100.81,74.15,176.5,17.44,74.74,5.0,18.05,29.66,0.03,61.28,49.566,0,none
B102842,M2,Day,4.6,240.24,52.54,123.22,59.11,130.6,16.08,58.12,6.26,7.6,21.57,0.1192,60.84,49.578,0,none
B102843,M1,Evening,5.1,219.21,39.28,124.03,61.84,142.5,16.8,74.76,3.37,12.06,21.86,0.0497,73.89,49.426,0,none
B102844,M1,Evening,6.1,226.69,61.84,130.01,59.66,141.8,13.23,67.86,6.09,17.53,28.63,0.0088,50.01,50.421,0,none
B102845,M3,Night,9.3,228.37,57.09,150.02,28.06,88.0,11.47,80.37,6.21,13.05,25.93,0.0384,55.54,50.856,0,none
B102846,M1,Night,5.1,240.65,45.78,108.34,30.05,137.5,16.66,58.3,4.6,14.2,26.19,0.1345,43.94,50.257,1,burn_mark
B102847,M1,Day,4.9,231.33,51.74,111.32,55.22,94.5,20.21,83.8,4.25,8.42,17.55,0.0163,68.84,50.639,0,none
B102848,M4,Day,1.6,234.14,56.55,144.13,64.18,115.7,18.42,88.12,4.43,19.27,28.63,0.08,41.09,50.76,0,none
B102849,M2,Night,4.7,220.42,49.41,134.09,56.48,148.5,20.33,71.39,4.98,9.3,18.86,0.2097,68.39,50.106,1,burn_mark
B102850,M2,Night,11.7,258.26,55.03,132.0,47.04,122.0,14.65,74.84,5.02,23.7,34.16,0.0273,67.11,50.045,0,none
B102851,M2,Night,7.4,235.71,37.5,111.15,56.4,147.6,10.12,79.41,6.26,12.59,25.22,0.0389,42.15,49.359,1,short_shot
B102852,M4,Day,4.0,239.99,68.49,136.89,55.09,152.5,10.48,57.69,4.7,20.0,32.19,0.0934,60.36,50.606,1,short_shot
B102853,M2,Day,11.9,229.59,55.16,132.05,71.69,76.1,19.52,64.16,7.9,19.51,34.31,0.0143,54.57,50.486,0,none
B102854,M4,Day,4.7,228.47,44.01,122.84,70.85,65.6,6.55,72.21,7.89,11.07,25.35,0.1027,45.88,49.65,0,none
B102855,M5,Night,12.7,254.13,30.4,111.23,51.7,149.1,20.02,94.32,5.85,13.12,25.02,0.0251,48.64,50.372,0,none
B102856,M3,Evening,12.6,215.83,65.29,121.6,59.25,150.1,10.85,55.65,4.98,13.71,25.09,0.005,52.65,48.928,1,burn_mark
B102857,M2,Evening,7.2,237.79,60.58,144.73,64.14,126.4,21.69,89.65,4.7,14.05,25.2,0.2217,53.61,50.74,1,burn_mark
B102858,M4,Evening,1.0,222.88,57.11,103.59,66.37,129.8,13.72,67.68,5.98,9.51,22.79,0.034,64.94,49.681,0,none
B102859,M2,Day,16.2,230.95,63.64,108.0,84.79,142.3,16.89,69.59,6.24,18.67,30.89,0.0436,55.71,49.432,0,none
B102860,M2,Evening,8.5,228.62,63.61,110.58,59.58,141.9,23.54,84.62,5.2,12.56,24.02,0.0167,42.3,49.29,0,none
B102861,M3,Day,5.7,225.14,56.94,113.84,77.53,112.4,12.68,94.26,4.91,15.43,25.93,0.024,57.44,50.175,0,none
B102862,M2,Evening,10.8,235.35,52.46,119.76,42.6,143.9,12.61,75.07,6.03,21.03,33.17,0.0471,32.52,51.104,0,none
B102863,M1,Evening,9.8,209.32,50.83,134.38,50.43,111.3,11.22,83.98,5.6,18.86,30.21,0.1752,46.13,50.283,1,burn_mark
B102864,M2,Evening,12.2,231.85,59.21,126.92,27.96,126.1,9.99,58.96,4.64,12.89,22.35,0.0514,47.1,50.027,0,none
B102865,M1,Day,4.4,234.1,68.97,120.91,62.27,125.0,12.68,63.65,5.67,21.2,33.75,0.0087,56.58,50.068,0,none
B102866,M2,Night,8.3,221.41,53.97,124.15,69.71,98.5,11.78,53.77,4.59,19.33,31.41,0.0748,67.71,49.851,0,none
B102867,M3,Evening,2.3,250.13,69.76,129.36,21.67,101.4,9.0,63.81,4.37,12.47,22.81,0.1052,52.18,51.055,1,burn_mark
B102868,M5,Day,9.7,229.06,58.73,94.77,62.82,175.9,13.16,76.78,5.49,13.43,25.25,0.1183,46.39,49.15,1,short_shot
B102869,M1,Day,6.9,232.63,58.81,136.07,69.06,97.7,15.8,72.55,4.64,21.0,32.5,0.0788,43.02,50.26,0,none
B102870,M3,Evening,8.1,229.08,79.05,107.6,68.21,129.2,10.42,90.73,4.4,19.89,30.15,0.032,58.35,49.268,0,none
B102871,M2,Day,6.4,234.18,71.53,113.35,42.06,134.5,13.35,94.66,7.07,8.49,21.75,0.0358,48.05,50.03,0,none
B102872,M1,Day,6.0,248.08,71.79,125.11,71.6,118.6,19.63,68.36,4.91,10.97,21.67,0.0154,44.97,50.327,0,none
B102873,M1,Day,3.5,259.73,47.02,118.87,60.14,136.8,8.32,61.84,8.27,19.48,33.19,0.0225,59.51,49.985,1,burn_mark
B102874,M1,Day,10.2,242.46,76.92,127.3,68.87,128.2,21.73,83.92,6.44,10.13,23.09,0.0921,61.69,50.607,1,burn_mark
B102875,M1,Evening,13.0,245.88,54.18,122.13,58.11,98.2,11.3,85.17,4.27,20.02,30.81,0.0831,40.41,50.466,0,none
B102876,M2,Evening,4.8,252.16,52.73,115.66,65.72,133.4,14.8,75.29,7.24,25.68,39.84,0.0942,35.03,50.198,1,burn_mark
B102877,M2,Day,9.2,237.49,33.41,142.93,76.64,106.4,19.12,78.47,4.43,17.87,28.29,0.0773,49.02,50.735,1,short_shot
B102878,M3,Evening,8.7,250.7,58.26,130.62,56.94,163.5,20.34,76.59,8.46,11.39,24.65,0.0352,38.6,50.978,0,none
B102879,M1,Day,7.0,242.92,44.17,124.53,64.26,130.7,15.88,58.13,5.84,16.88,29.83,0.0133,37.23,50.272,0,none
B102880,M1,Day,0.9,236.44,59.08,130.39,78.75,102.5,11.22,55.38,6.31,21.17,32.75,0.0194,39.59,49.847,0,none
B102881,M1,Day,1.8,238.5,43.38,109.42,58.0,128.6,10.87,69.39,5.55,16.49,27.29,0.0062,60.47,49.671,0,none
B102882,M3,Night,3.9,216.79,72.98,152.62,43.12,96.9,11.7,67.59,5.9,18.42,29.79,0.0247,56.5,50.813,1,burn_mark
B102883,M2,Night,0.0,237.92,60.52,103.69,70.14,126.4,21.56,73.32,5.16,12.0,21.42,0.1258,74.57,49.245,1,burn_mark
B102884,M3,Evening,12.6,219.56,77.8,121.7,81.52,114.4,12.47,68.43,4.11,12.38,22.28,0.0506,43.58,49.953,1,burn_mark
B102885,M1,Day,8.5,218.75,44.77,115.7,79.33,99.3,15.29,49.56,6.01,20.53,33.16,0.0053,63.3,48.828,1,burn_mark
B102886,M1,Day,6.9,236.93,70.49,115.13,70.72,99.0,9.82,44.65,7.04,12.44,25.04,0.0159,54.94,49.213,0,none
B102887,M5,Day,0.0,223.86,36.97,113.19,24.84,180.9,9.37,78.85,3.71,4.0,15.05,0.0173,44.44,50.219,1,warpage
B102888,M1,Night,0.0,234.93,57.08,108.42,50.46,122.3,14.11,62.05,7.81,14.47,29.56,0.0586,48.53,49.696,0,none
B102889,M1,Day,7.0,236.38,48.68,137.83,51.23,109.2,12.7,67.21,6.4,17.57,30.86,0.0623,44.39,50.682,0,none
B102890,M1,Night,14.9,236.83,50.52,101.93,60.67,104.9,12.99,63.3,4.84,21.29,30.2,0.0432,52.59,49.297,0,none
B102891,M5,Evening,4.2,225.96,49.84,134.75,85.32,131.8,8.08,59.04,4.82,24.23,36.48,0.1963,59.87,50.41,0,none
B102892,M3,Evening,10.5,243.99,45.85,129.73,43.79,104.0,13.71,58.72,8.3,16.42,30.48,0.0323,46.31,50.39,0,none
B102893,M3,Night,5.1,234.11,42.4,114.29,93.63,92.6,20.2,82.24,6.91,19.29,33.88,0.0843,58.48,49.636,0,none
B102894,M5,Day,7.2,239.41,50.58,127.99,54.27,119.2,10.59,67.13,7.21,16.6,29.21,0.0436,62.71,50.935,0,none
B102895,M1,Night,11.9,223.04,56.16,117.63,48.5,119.0,17.59,77.62,5.12,17.77,28.75,0.0308,64.94,49.745,0,none
B102896,M5,Day,5.6,233.22,66.64,103.48,72.68,109.6,3.0,79.23,6.33,15.07,27.49,0.0579,38.27,50.164,0,none
B102897,M1,Night,4.2,245.97,57.95,103.64,73.86,97.7,10.79,73.8,6.02,17.93,29.02,0.0168,49.51,48.913,0,none
B102898,M3,Evening,12.7,244.7,66.67,129.83,69.75,110.2,6.36,79.62,5.24,12.35,21.97,0.0227,57.09,50.395,0,none
B102899,M2,Day,7.2,227.03,40.22,129.05,48.46,108.3,18.94,70.17,5.66,25.9,35.17,0.0955,39.13,49.686,0,none
B102900,M2,Night,11.4,229.54,50.67,123.63,67.53,104.8,17.52,86.37,7.17,4.04,20.16,0.1702,36.9,49.802,1,burn_mark
B102901,M5,Day,4.3,225.11,62.11,114.13,44.5,126.9,9.86,79.88,7.9,18.85,31.09,0.0892,49.74,50.187,0,none
B102902,M1,Day,12.6,228.44,58.43,117.14,48.04,175.7,15.16,81.48,5.12,17.6,27.07,0.056,45.87,50.265,0,none
B102903,M5,Night,8.1,221.01,46.39,115.12,58.58,153.3,18.81,58.74,3.53,17.86,27.96,0.0288,48.28,49.22,0,none
B102904,M2,Evening,8.7,233.62,64.34,93.8,47.7,168.5,19.43,73.16,7.97,10.09,22.63,0.0125,45.29,49.951,0,none
B102905,M3,Night,7.5,241.33,49.69,120.92,75.79,105.8,12.38,47.98,7.98,7.61,19.98,0.0199,71.6,49.921,1,warpage
B102906,M5,Evening,5.0,227.15,47.23,127.84,51.33,161.9,5.16,86.81,6.1,19.03,28.26,0.0349,45.38,50.522,0,none
B102907,M1,Evening,7.0,234.09,59.87,121.01,56.69,125.7,10.41,62.52,8.19,22.71,37.19,0.1225,55.86,49.267,0,none
B102908,M5,Day,5.2,232.8,55.06,146.54,46.8,144.7,17.06,64.18,5.99,17.1,28.02,0.005,55.19,51.114,1,short_shot
B102909,M3,Day,10.8,245.55,49.77,104.93,75.56,131.4,22.4,53.59,4.14,20.03,30.81,0.0422,33.11,49.053,0,none
B102910,M4,Night,6.2,228.88,49.43,110.08,50.01,111.4,13.78,69.56,3.53,13.71,23.17,0.1256,64.66,49.804,1,burn_mark
B102911,M1,Day,1.0,229.25,44.3,122.0,77.13,138.0,11.57,66.78,3.52,17.66,27.26,0.1599,56.26,50.017,0,none
B102912,M3,Evening,0.3,226.54,51.04,123.66,76.03,132.1,23.6,91.87,5.51,22.13,33.18,0.1628,51.57,50.12,1,burn_mark
B102913,M3,Day,0.1,223.62,66.0,91.48,53.31,75.8,15.62,80.31,4.8,14.43,24.96,0.013,60.57,49.695,1,short_shot
B102914,M2,Day,9.5,240.29,57.45,129.04,60.45,116.9,9.09,63.82,4.63,21.93,31.67,0.0241,49.52,50.09,0,none
B102915,M1,Evening,2.4,233.65,64.59,123.72,52.89,141.8,13.52,50.01,5.34,7.83,18.37,0.1312,58.82,49.951,1,warpage
B102916,M1,Night,8.2,235.55,60.16,88.21,68.19,126.9,18.0,42.6,6.79,12.93,24.63,0.0635,31.24,48.689,0,none
B102917,M5,Night,7.5,247.75,48.88,118.25,57.08,131.7,13.72,57.68,4.68,18.73,30.92,0.0144,58.18,50.241,0,none
B102918,M1,Night,6.7,248.32,38.51,107.87,53.74,101.2,17.18,54.03,4.43,25.51,35.54,0.0719,51.84,50.19,1,burn_mark
B102919,M4,Day,8.8,218.54,45.73,113.2,60.69,126.4,7.58,74.18,4.78,16.07,24.59,0.0391,51.99,49.338,0,none
B102920,M5,Evening,7.6,241.48,48.29,99.93,36.27,117.6,8.26,68.26,6.88,10.83,23.97,0.0742,41.58,49.301,0,none
B102921,M1,Day,0.0,237.26,47.51,126.24,58.86,114.9,11.06,70.21,5.39,25.4,35.99,0.0694,47.81,50.124,0,none
B102922,M1,Evening,5.7,230.38,64.81,146.43,69.74,103.0,12.87,58.61,5.92,15.37,27.24,0.0482,47.52,51.464,1,short_shot
B102923,M3,Day,8.7,238.28,64.71,123.98,62.07,142.9,15.34,71.82,7.83,19.32,32.88,0.0153,38.61,50.657,0,none
B102924,M1,Evening,13.6,217.74,77.12,87.61,74.27,128.6,16.55,52.96,9.76,14.33,31.58,0.0448,53.58,48.093,0,none
B102925,M3,Day,13.7,249.63,47.36,124.28,54.34,126.1,23.86,68.94,6.46,16.71,28.79,0.0434,65.73,50.262,1,burn_mark
B102926,M3,Night,1.5,240.15,70.97,117.08,53.11,171.3,11.05,79.96,6.31,13.19,26.32,0.1563,35.79,50.253,1,burn_mark
B102927,M3,Night,5.6,226.35,70.91,103.48,43.24,131.8,12.74,65.61,3.72,27.29,37.72,0.0208,54.9,49.55,0,none
B102928,M2,Night,0.7,229.15,52.68,125.3,53.91,150.0,11.16,75.32,6.05,21.96,32.64,0.0594,45.8,50.463,0,none
B102929,M3,Day,13.1,217.97,59.74,133.2,89.49,126.8,18.32,46.28,5.59,24.84,36.62,0.0559,44.64,49.61,0,none
B102930,M3,Night,11.1,231.86,67.41,109.97,64.13,111.2,18.54,45.31,6.84,12.06,24.14,0.1724,50.75,49.536,0,none
B102931,M1,Day,8.4,230.17,54.41,95.34,51.22,93.5,12.21,73.93,4.91,6.87,16.58,0.0102,50.9,50.055,0,none
B102932,M3,Day,7.7,221.75,53.64,89.82,44.91,126.0,22.26,82.56,5.8,14.54,25.13,0.0063,51.85,49.251,1,burn_mark
B102933,M5,Day,12.5,242.77,48.73,110.01,36.02,53.4,11.16,67.14,6.41,28.58,41.81,0.0879,38.69,49.925,0,none
B102934,M3,Day,11.8,247.77,31.4,117.67,47.54,126.8,18.12,95.74,8.35,14.39,31.38,0.0293,60.9,50.633,0,none
B102935,M2,Evening,11.6,234.73,55.7,112.26,71.39,127.9,19.82,52.68,7.85,21.26,34.3,0.005,50.81,49.207,1,flash
B102936,M2,Day,8.8,231.94,47.9,109.75,53.59,114.6,8.55,61.84,7.4,10.88,24.49,0.1352,55.94,49.677,0,none
B102937,M1,Day,5.6,239.35,44.25,128.52,45.63,117.7,16.31,71.68,6.59,11.85,24.76,0.2049,62.15,50.721,1,burn_mark
B102938,M1,Evening,10.1,234.8,59.22,126.94,47.28,88.7,3.1,75.57,4.85,15.6,25.92,0.0681,30.79,51.048,0,none
B102939,M1,Night,10.3,224.18,40.49,122.99,69.74,154.6,17.3,62.99,6.59,26.55,40.55,0.104,56.3,49.442,0,none
B102940,M5,Evening,6.2,228.47,63.06,132.25,58.78,111.6,9.59,57.29,4.34,21.5,34.04,0.0671,48.36,50.153,0,none
B102941,M1,Evening,5.6,232.04,59.84,110.16,50.59,95.7,16.27,77.44,5.19,5.73,16.33,0.0569,60.19,49.609,1,warpage
B102942,M4,Day,11.5,237.48,51.0,103.58,55.37,133.6,17.02,71.6,8.17,19.33,35.24,0.0191,41.99,49.765,0,none
B102943,M1,Night,13.7,235.09,54.37,112.16,93.09,122.8,18.48,65.86,6.31,10.26,22.02,0.0097,59.35,50.288,0,none
B102944,M2,Day,4.0,237.1,43.1,111.13,78.29,111.0,17.56,75.99,5.84,12.59,23.46,0.0111,39.45,49.654,0,none
B102945,M2,Day,5.9,219.75,62.5,89.23,82.03,108.4,14.22,68.36,6.03,18.55,30.45,0.0295,54.02,49.454,0,none
B102946,M2,Day,8.4,241.65,56.87,111.82,33.72,119.9,12.48,68.32,5.36,22.99,35.22,0.0234,52.84,49.791,0,none
B102947,M4,Evening,8.9,235.03,57.62,136.57,57.73,153.6,13.7,67.88,2.27,22.75,30.91,0.02,48.45,50.317,0,none
B102948,M5,Day,4.9,260.53,60.02,132.01,50.33,131.7,9.54,60.15,3.6,17.66,28.0,0.0428,39.68,50.523,0,none
B102949,M5,Evening,14.5,231.12,48.58,127.88,68.16,119.1,13.15,58.93,6.43,17.73,30.38,0.0844,46.31,49.936,0,none
B102950,M1,Day,8.7,238.23,39.81,121.97,75.9,141.3,12.84,63.69,4.12,22.73,34.2,0.0053,59.23,49.769,0,none
B102951,M4,Evening,9.1,263.29,64.57,141.73,64.9,120.7,10.85,70.38,5.34,8.12,19.99,0.0468,64.88,51.303,1,burn_mark
B102952,M1,Evening,14.0,236.94,61.89,104.1,46.91,130.0,7.04,47.54,3.66,25.14,36.33,0.0069,69.54,48.272,0,none
B102953,M5,Day,5.2,234.32,49.65,105.53,50.08,123.8,8.89,81.34,4.42,12.32,21.88,0.102,55.27,49.539,0,none
B102954,M3,Evening,6.6,225.13,59.09,136.86,69.31,134.7,3.0,70.22,5.49,17.3,28.59,0.0486,52.51,50.932,0,none
B102955,M2,Evening,2.0,250.28,67.58,120.41,70.8,108.9,12.77,57.22,6.89,13.52,26.4,0.1839,54.49,49.385,1,burn_mark
B102956,M1,Evening,6.3,223.41,66.39,109.93,62.11,91.5,15.44,89.4,7.19,10.22,22.55,0.0419,69.29,49.766,0,none
B102957,M1,Day,1.0,239.27,49.35,128.28,61.95,142.7,3.27,70.5,4.4,18.31,27.7,0.0365,55.21,50.517,0,none
B102958,M1,Evening,10.0,230.26,40.11,113.42,60.75,157.6,14.95,53.98,5.96,17.18,29.52,0.0115,50.87,49.388,0,none
B102959,M5,Day,8.7,233.11,41.83,107.44,64.04,92.7,13.51,88.86,3.36,15.47,25.5,0.0566,47.25,49.634,0,none
B102960,M4,Day,5.9,220.76,51.88,107.02,70.74,124.5,9.29,86.26,5.58,15.24,26.93,0.1101,48.4,49.771,1,burn_mark
B102961,M5,Day,6.6,248.43,69.62,124.82,69.45,108.8,12.28,59.09,6.93,23.63,37.62,0.0817,53.86,50.326,0,none
B102962,M1,Evening,10.0,232.22,47.72,123.09,60.35,142.1,18.2,66.12,5.4,26.96,37.26,0.03,42.49,49.761,0,none
B102963,M3,Day,2.5,222.85,49.04,142.75,59.26,126.2,10.1,64.51,7.47,22.26,35.35,0.1221,43.74,50.54,1,burn_mark
B102964,M2,Evening,7.8,247.53,48.83,115.65,58.69,203.2,14.32,47.33,6.76,17.39,28.96,0.0577,49.36,49.918,0,none
B102965,M3,Day,9.8,229.96,49.68,115.39,48.3,112.5,15.39,73.9,5.86,7.81,19.82,0.0611,45.48,50.359,0,none
B102966,M2,Night,0.0,238.35,54.89,141.59,48.1,158.4,10.71,80.14,5.13,19.14,30.75,0.2273,55.96,51.149,1,burn_mark
B102967,M2,Day,9.7,243.41,42.2,134.78,68.16,160.9,18.03,77.88,4.7,19.36,31.4,0.0076,56.74,51.244,0,none
B102968,M3,Evening,0.3,239.74,65.84,122.17,49.31,133.3,15.62,70.39,3.31,19.86,27.99,0.0673,52.63,50.268,0,none
B102969,M1,Night,6.5,213.03,53.55,96.58,72.21,120.9,12.99,81.31,3.56,10.3,20.22,0.0666,54.9,48.728,1,burn_mark
B102970,M2,Day,2.3,241.95,79.79,107.82,59.23,122.4,23.45,56.38,6.99,20.25,34.68,0.0856,51.18,49.398,1,burn_mark
B102971,M3,Day,12.7,233.99,43.26,104.19,72.29,120.3,18.05,91.82,7.77,23.81,36.58,0.0349,25.0,50.248,1,short_shot
B102972,M1,Evening,2.4,231.71,70.9,120.55,69.55,148.3,7.26,60.74,3.88,11.09,19.73,0.1139,41.24,49.374,1,burn_mark
B102973,M5,Night,0.4,233.91,68.91,112.37,72.64,98.2,12.44,62.07,5.6,19.42,29.55,0.2306,57.07,48.685,1,burn_mark
B102974,M3,Night,7.5,218.9,50.88,144.04,52.85,116.0,23.87,63.1,3.14,11.94,21.7,0.1235,41.61,50.574,0,none
B102975,M4,Day,5.3,236.92,51.05,96.43,66.13,112.9,10.07,62.22,4.03,15.48,24.79,0.1142,58.55,48.949,0,none
B102976,M3,Night,1.0,221.36,45.79,102.58,71.07,76.8,14.27,67.69,5.89,11.26,23.62,0.0236,59.12,49.903,0,none
B102977,M4,Day,9.1,232.14,45.9,123.67,36.73,141.5,18.92,67.22,4.72,14.25,24.75,0.1181,47.35,50.338,0,none
B102978,M4,Day,0.0,236.56,54.99,127.82,85.53,146.6,16.61,71.56,2.63,14.29,24.71,0.2906,44.09,50.467,1,burn_mark
B102979,M5,Evening,2.9,245.74,55.21,81.19,93.99,104.1,17.19,60.18,8.08,18.06,32.93,0.0965,50.1,48.289,0,none
B102980,M3,Evening,4.7,226.8,38.98,93.97,74.21,145.8,16.95,72.0,5.43,20.45,31.07,0.0375,49.56,49.202,0,none
B102981,M2,Evening,10.2,249.52,77.94,116.05,72.09,80.4,14.1,56.91,3.84,22.08,31.62,0.1159,56.27,49.847,1,burn_mark
B102982,M1,Night,12.2,244.47,52.4,140.34,68.83,120.6,10.83,78.79,5.69,12.74,25.22,0.0801,26.59,51.323,0,none
B102983,M3,Day,11.4,230.71,55.66,148.32,55.15,116.8,15.74,78.64,5.38,17.8,28.11,0.0133,42.66,51.073,0,none
B102984,M1,Evening,6.4,223.91,48.74,113.78,58.35,122.2,12.39,69.93,6.13,10.51,23.82,0.0087,39.88,49.479,0,none
B102985,M1,Day,0.0,220.56,52.33,117.44,74.47,122.1,12.07,62.2,4.99,15.45,26.19,0.1513,25.0,49.77,1,burn_mark
B102986,M1,Day,8.6,237.72,51.42,107.45,45.4,118.1,19.93,73.73,5.97,16.21,28.99,0.0886,45.05,49.635,0,none
B102987,M3,Day,12.9,227.63,54.97,129.5,44.09,110.3,12.48,59.35,6.92,11.39,24.11,0.0212,35.0,49.834,0,none
B102988,M1,Night,11.9,246.99,54.85,142.93,54.04,117.3,20.82,70.41,3.52,18.8,27.79,0.0743,46.13,50.92,0,none
B102989,M3,Evening,8.9,228.2,63.05,138.84,69.84,154.1,15.03,68.18,4.46,15.22,24.99,0.1066,45.12,50.214,0,none
B102990,M4,Day,2.2,225.99,57.27,119.56,47.01,105.5,13.36,101.56,6.76,16.77,31.26,0.0177,54.53,50.619,0,none
B102991,M4,Evening,4.9,237.34,62.04,107.42,56.62,176.4,6.73,55.28,4.67,22.12,32.5,0.0087,47.5,49.163,0,none
B102992,M2,Night,14.7,228.14,54.9,120.12,58.4,104.1,22.48,37.99,5.38,13.86,28.32,0.0312,33.09,49.669,0,none
B102993,M3,Night,1.3,235.09,57.31,140.71,44.82,126.0,13.98,62.35,4.79,20.25,31.2,0.1042,53.47,51.008,0,none
B102994,M3,Evening,2.4,244.86,52.59,113.99,23.4,134.3,4.92,49.41,4.89,23.21,33.25,0.005,74.2,50.213,0,none
B102995,M2,Day,10.8,236.17,65.03,92.77,44.6,112.7,17.95,61.28,4.76,22.91,32.08,0.0552,60.75,49.436,0,none
B102996,M3,Evening,5.3,236.21,58.23,114.6,63.91,154.6,13.8,54.43,3.61,15.06,25.9,0.0847,56.79,48.859,0,none
B102997,M1,Night,2.3,237.05,53.42,115.81,67.29,133.6,10.27,59.15,6.19,11.14,23.13,0.0106,48.05,49.656,0,none
B102998,M5,Night,13.1,218.07,53.12,92.68,67.42,114.9,17.72,57.22,7.09,12.45,26.37,0.1041,45.09,48.897,0,none
B102999,M1,Night,8.8,238.92,53.91,123.48,69.14,154.3,3.81,81.56,5.24,8.07,21.62,0.042,44.4,50.772,0,none
